tarefa,modelo,sentenca_id,posicao,token,tag_gold,tag_predita
ner,crf,6.0,5,Britain,B-gpe,B-geo
ner,crf,8.0,20,Iran,B-gpe,B-geo
ner,crf,9.0,0,Iran,B-gpe,B-geo
ner,crf,12.0,5,U.S.,B-gpe,B-geo
ner,crf,12.0,12,Iran,B-gpe,B-geo
ner,crf,12.0,26,Tehran,B-gpe,B-org
ner,crf,12.0,30,Nuclear,B-art,B-org
ner,crf,12.0,31,Non-Proliferation,I-art,O
ner,crf,13.0,0,Iran,B-gpe,B-geo
ner,crf,13.0,9,European,B-gpe,O
ner,crf,13.0,14,Iran,B-gpe,B-geo
ner,crf,14.0,1,Germans,B-gpe,O
ner,crf,16.0,8,Shell,B-org,B-geo
ner,crf,18.0,23,Nigeria,B-gpe,B-geo
ner,crf,19.0,1,Islamist,O,B-gpe
ner,crf,23.0,21,in,I-org,O
ner,crf,23.0,22,Iraq,I-org,B-geo
ner,crf,25.0,0,U.S.,B-gpe,B-geo
ner,crf,26.0,4,in,I-org,O
ner,crf,26.0,5,Iraq,I-org,B-geo
ner,crf,28.0,4,U.S.,B-gpe,B-geo
ner,crf,41.0,22,Islam,B-org,B-geo
ner,crf,42.0,0,Bedfordshire,B-gpe,B-org
ner,crf,43.0,10,Khayam,B-per,B-geo
ner,crf,45.0,4,Khayam,B-per,B-geo
ner,crf,45.0,11,since,O,B-tim
ner,crf,52.0,6,Pakistan,B-gpe,B-geo
ner,crf,52.0,35,United,B-gpe,B-geo
ner,crf,52.0,36,States,I-gpe,I-geo
ner,crf,53.0,3,Pakistan,B-gpe,B-geo
ner,crf,53.0,32,Iran,B-gpe,B-geo
ner,crf,53.0,36,North,B-gpe,B-geo
ner,crf,53.0,37,Korea,I-gpe,I-geo
ner,crf,58.0,0,U.S.,B-gpe,B-geo
ner,crf,58.0,1,Army,B-org,O
ner,crf,58.0,24,U.S.,B-gpe,B-geo
ner,crf,59.0,0,Halliburton,B-org,B-geo
ner,crf,59.0,19,several,O,B-tim
ner,crf,60.0,2,Halliburton,B-org,B-geo
ner,crf,64.0,31,and,O,I-tim
ner,crf,64.0,32,9,B-tim,I-tim
ner,crf,75.0,0,Harcourt,B-per,B-org
ner,crf,81.0,6,Sudanese,B-gpe,O
ner,crf,81.0,17,cease-fire,O,I-tim
ner,crf,85.0,0,Khartoum,B-gpe,B-org
ner,crf,87.0,12,Bali,B-geo,I-tim
ner,crf,89.0,14,Cholily,B-per,B-geo
ner,crf,91.0,19,Bali,B-geo,I-tim
ner,crf,96.0,4,Vatican,B-org,B-geo
ner,crf,98.0,16,Byzantine,B-per,O
ner,crf,100.0,14,Taliban,B-org,O
ner,crf,106.0,5,few,O,B-tim
ner,crf,107.0,1,U.S.,B-org,B-geo
ner,crf,108.0,4,13,O,I-tim
ner,crf,109.0,11,U.S.,B-gpe,B-geo
ner,crf,110.0,5,U.S.,B-gpe,B-geo
ner,crf,116.0,2,Itar-Tass,B-org,O
ner,crf,117.0,9,Baltic,B-geo,B-gpe
ner,crf,117.0,10,states,I-geo,O
ner,crf,117.0,23,Nordic,O,B-gpe
ner,crf,118.0,16,Celsius,O,B-geo
ner,crf,121.0,10,Ninh,B-gpe,O
ner,crf,121.0,11,Binh,I-gpe,O
ner,crf,121.0,21,H5N1,B-nat,O
ner,crf,129.0,0,Ethiopia,B-gpe,B-org
ner,crf,130.0,0,Somalia,B-gpe,B-geo
ner,crf,130.0,20,Islamist,B-org,O
ner,crf,131.0,15,Addis,B-gpe,B-org
ner,crf,131.0,16,Ababa,I-gpe,B-per
ner,crf,136.0,12,U.S.,B-gpe,B-org
ner,crf,136.0,19,next,O,B-tim
ner,crf,144.0,5,Pakistan,B-gpe,B-geo
ner,crf,144.0,17,40,O,B-tim
ner,crf,147.0,6,Pakistan,B-gpe,B-geo
ner,crf,155.0,0,Cuba,B-gpe,B-geo
ner,crf,155.0,13,Havana,B-gpe,B-geo
ner,crf,155.0,17,Panama,B-gpe,B-per
ner,crf,155.0,18,City,I-gpe,I-per
ner,crf,157.0,10,Summit,O,B-org
ner,crf,158.0,0,Cuba,B-gpe,B-geo
ner,crf,158.0,4,Panama,B-gpe,B-geo
ner,crf,159.0,12,Ibero-American,O,I-tim
ner,crf,165.0,15,Israel,B-gpe,B-geo
ner,crf,166.0,17,Israel,B-gpe,B-geo
ner,crf,167.0,14,Fatah,B-org,B-geo
ner,crf,168.0,2,Chrysler,B-org,B-geo
ner,crf,169.0,6,Saltillo,B-art,B-geo
ner,crf,169.0,15,Chrysler,B-org,B-geo
ner,crf,170.0,3,Mexico,B-gpe,B-geo
ner,crf,171.0,7,Pentastar,B-art,B-per
ner,crf,171.0,8,V-6,I-art,O
ner,crf,171.0,11,Chrysler,B-art,B-geo
ner,crf,171.0,13,Dodge,B-art,B-geo
ner,crf,171.0,15,Jeep,B-art,B-geo
ner,crf,171.0,17,Ram,B-art,B-geo
ner,crf,173.0,8,Merck,B-org,B-geo
ner,crf,173.0,23,Vioxx,B-art,B-geo
ner,crf,174.0,6,Merck,B-org,B-geo
ner,crf,174.0,24,four,O,B-tim
ner,crf,175.0,3,Vioxx,B-org,B-per
ner,crf,177.0,0,Merck,B-org,B-per
ner,crf,178.0,8,Vioxx,B-art,B-geo
ner,crf,179.0,9,Vioxx,B-art,B-geo
ner,crf,180.0,4,Merck,B-org,B-per
ner,crf,180.0,17,Vioxx,B-art,B-geo
ner,crf,181.0,0,Merck,B-org,B-geo
ner,crf,183.0,12,TV,O,B-org
ner,crf,183.0,14,The,B-art,O
ner,crf,183.0,15,Simple,I-art,B-per
ner,crf,183.0,16,Life,I-art,I-per
ner,crf,188.0,8,Good,B-art,B-geo
ner,crf,188.0,9,Morning,I-art,B-art
ner,crf,188.0,17,20/20,B-art,B-tim
ner,crf,189.0,0,U.S.,B-gpe,O
ner,crf,192.0,12,U.S.,B-gpe,B-org
ner,crf,194.0,16,Senate,B-org,B-geo
ner,crf,195.0,13,30,O,B-tim
ner,crf,195.0,17,U.S.,B-gpe,B-geo
ner,crf,206.0,18,H5N1,B-nat,O
ner,crf,208.0,0,Thailand,B-gpe,B-geo
ner,crf,208.0,11,Islamic,B-org,O
ner,crf,210.0,3,Malaysia,B-gpe,B-geo
ner,crf,210.0,10,Bangkok,B-gpe,B-geo
ner,crf,212.0,0,Malaysia,B-gpe,B-geo
ner,crf,212.0,7,Bangkok,B-gpe,B-geo
ner,crf,213.0,19,Muslims,B-org,O
ner,crf,215.0,19,Japan,B-gpe,B-geo
ner,crf,215.0,32,Tokyo,B-gpe,B-geo
ner,crf,217.0,11,China,B-gpe,B-geo
ner,crf,219.0,3,2012,B-eve,B-tim
ner,crf,219.0,4,Summer,I-eve,B-eve
ner,crf,220.0,7,Games,B-eve,O
ner,crf,222.0,5,London,B-gpe,B-geo
ner,crf,223.0,7,Olympic,O,B-geo
ner,crf,223.0,21,London,B-gpe,B-geo
ner,crf,224.0,19,Games,B-eve,B-tim
ner,crf,225.0,12,30,O,B-tim
ner,crf,227.0,3,2008,B-eve,O
ner,crf,227.0,4,Olympic,I-eve,O
ner,crf,227.0,12,Jing,B-nat,B-per
ner,crf,227.0,13,Jing,I-nat,I-per
ner,crf,228.0,17,China,B-gpe,B-geo
ner,crf,229.0,4,Jing,B-nat,B-geo
ner,crf,229.0,5,Jing,I-nat,I-geo
ner,crf,234.0,3,Operation,B-eve,O
ner,crf,234.0,4,Medusa,I-eve,O
ner,crf,235.0,1,Lankan,B-gpe,I-geo
ner,crf,235.0,6,Tamil,B-org,B-geo
ner,crf,236.0,10,Web,B-art,I-org
ner,crf,236.0,16,Sri,B-gpe,B-org
ner,crf,236.0,17,Lanka,I-gpe,I-org
ner,crf,236.0,19,english,B-art,O
ner,crf,236.0,23,Daily,B-art,B-org
ner,crf,236.0,24,Mirror,I-art,I-org
ner,crf,237.0,3,Web,B-art,O
ner,crf,237.0,13,Lankan,B-geo,I-org
ner,crf,240.0,0,Japan,B-gpe,B-geo
ner,crf,240.0,2,North,B-gpe,B-geo
ner,crf,240.0,3,Korea,I-gpe,I-geo
ner,crf,242.0,8,North,B-gpe,B-geo
ner,crf,242.0,9,Korea,I-gpe,I-geo
ner,crf,243.0,0,Japan,B-gpe,B-geo
ner,crf,244.0,0,Tokyo,B-gpe,B-geo
ner,crf,244.0,7,North,B-gpe,B-geo
ner,crf,244.0,8,Korea,I-gpe,I-geo
ner,crf,244.0,15,North,B-gpe,B-geo
ner,crf,244.0,23,1970s,B-tim,O
ner,crf,244.0,25,1980s,B-tim,O
ner,crf,246.0,29,2003,B-tim,O
ner,crf,248.0,5,U.S.,B-gpe,B-geo
ner,crf,249.0,8,U.S.,B-gpe,B-geo
ner,crf,251.0,0,Egypt,B-gpe,B-org
ner,crf,255.0,6,H5N1,B-nat,O
ner,crf,257.0,0,Egypt,B-geo,B-org
ner,crf,258.0,8,Iraq,B-gpe,B-geo
ner,crf,258.0,26,U.N.,B-org,B-geo
ner,crf,259.0,1,U.S.,B-gpe,B-geo
ner,crf,260.0,5,U.S.,B-gpe,B-geo
ner,crf,260.0,6,government-funded,B-org,O
ner,crf,260.0,7,alHurra,B-art,O
ner,crf,262.0,14,Iraq,B-gpe,B-geo
ner,crf,263.0,0,Kyrgyzstan,B-gpe,B-org
ner,crf,269.0,18,20,O,B-tim
ner,crf,270.0,5,France,B-gpe,B-geo
ner,crf,270.0,14,Charles,B-art,B-per
ner,crf,270.0,15,De,I-art,I-per
ner,crf,270.0,16,Gaulle,I-art,I-per
ner,crf,270.0,26,Baghdad,B-art,B-geo
ner,crf,270.0,27,International,I-art,B-eve
ner,crf,270.0,28,Airport,I-art,I-eve
ner,crf,272.0,20,France,B-gpe,B-geo
ner,crf,272.0,22,Iraq,B-gpe,B-geo
ner,crf,273.0,0,Regular,O,B-gpe
ner,crf,275.0,1,and,O,I-org
ner,crf,275.0,2,Emirates,B-org,I-org
ner,crf,275.0,3,airlines,I-org,O
ner,crf,276.0,5,U.S.,B-gpe,B-geo
ner,crf,277.0,11,U.S.,B-gpe,B-geo
ner,crf,277.0,20,three,O,B-tim
ner,crf,280.0,5,U.S.,B-gpe,B-geo
ner,crf,281.0,6,Colombia,B-gpe,B-geo
ner,crf,281.0,20,United,B-gpe,B-geo
ner,crf,281.0,21,States,I-gpe,I-geo
ner,crf,284.0,13,Venezuela,B-gpe,B-geo
ner,crf,286.0,7,March,B-tim,B-geo
ner,crf,286.0,9,Colombia,B-gpe,B-geo
ner,crf,287.0,0,Venezuela,B-gpe,B-per
ner,crf,288.0,0,China,B-gpe,B-geo
ner,crf,288.0,6,U.S.,B-gpe,B-geo
ner,crf,288.0,21,U.S.,B-gpe,B-geo
ner,crf,288.0,23,China,B-gpe,B-geo
ner,crf,289.0,15,China,B-gpe,B-geo
ner,crf,290.0,12,U.S.,B-gpe,B-geo
ner,crf,291.0,11,U.S,B-gpe,O
ner,crf,291.0,13,China,B-gpe,B-geo
ner,crf,292.0,2,China,B-gpe,B-geo
ner,crf,293.0,0,China,B-gpe,B-geo
ner,crf,298.0,16,U.S.,B-gpe,B-geo
ner,crf,301.0,0,Uganda,B-gpe,B-geo
ner,crf,305.0,0,Kony,B-per,B-geo
ner,crf,306.0,0,LRA,B-org,O
ner,crf,307.0,15,past,O,B-tim
ner,crf,310.0,15,Association,B-art,O
ner,crf,310.0,16,of,I-art,O
ner,crf,310.0,17,Tennis,I-art,B-org
ner,crf,310.0,18,Professionals,I-art,I-org
ner,crf,310.0,19,Tour,I-art,I-org
ner,crf,311.0,17,03-Jun,O,B-tim
ner,crf,314.0,12,Huygens,B-art,B-geo
ner,crf,316.0,8,Cassini,B-art,B-geo
ner,crf,317.0,5,Huygens,B-art,B-geo
ner,crf,317.0,13,European,B-geo,B-gpe
ner,crf,317.0,25,Earth,B-geo,B-per
ner,crf,320.0,0,Uganda,B-gpe,B-geo
ner,crf,322.0,5,Judge,O,I-org
ner,crf,326.0,7,White,B-art,B-org
ner,crf,326.0,8,House,I-art,I-org
ner,crf,326.0,9,Rose,I-art,I-org
ner,crf,326.0,10,Garden,I-art,I-org
ner,crf,326.0,16,African-American,B-gpe,O
ner,crf,326.0,25,U.S.,B-gpe,B-geo
ner,crf,330.0,0,Democrats,B-org,O
ner,crf,332.0,9,10,O,B-tim
ner,crf,333.0,17,Latin,B-gpe,O
ner,crf,333.0,18,American,I-gpe,B-gpe
ner,crf,333.0,27,40,O,B-tim
ner,crf,334.0,25,July,B-tim,B-geo
ner,crf,335.0,3,July,B-tim,B-geo
ner,crf,335.0,9,G-8,B-org,O
ner,crf,336.0,11,Benin,B-gpe,B-geo
ner,crf,336.0,13,Bolivia,B-gpe,B-geo
ner,crf,336.0,15,Burkina,B-gpe,B-per
ner,crf,336.0,16,Faso,I-gpe,I-per
ner,crf,336.0,18,Ethiopia,B-gpe,B-geo
ner,crf,336.0,20,Ghana,B-gpe,B-geo
ner,crf,336.0,22,Guyana,B-gpe,B-geo
ner,crf,336.0,24,Honduras,B-gpe,B-geo
ner,crf,336.0,26,Madagascar,B-gpe,B-geo
ner,crf,336.0,28,Mali,B-gpe,B-geo
ner,crf,336.0,30,Mozambique,B-gpe,B-geo
ner,crf,336.0,32,Nicaragua,B-gpe,B-geo
ner,crf,336.0,34,Niger,B-gpe,B-geo
ner,crf,336.0,36,Rwanda,B-gpe,B-geo
ner,crf,336.0,38,Senegal,B-gpe,B-geo
ner,crf,336.0,40,Tanzania,B-gpe,B-geo
ner,crf,336.0,44,Zambia,B-gpe,B-geo
ner,crf,337.0,0,Iran,B-gpe,B-geo
ner,crf,337.0,10,two,O,B-tim
ner,crf,340.0,0,Iran,B-gpe,B-geo
ner,crf,343.0,2,midnight,B-tim,O
ner,crf,349.0,10,Russia,B-gpe,B-geo
ner,crf,355.0,5,Ramda,B-per,B-geo
ner,crf,359.0,3,Ramda,B-per,B-geo
ner,crf,360.0,6,10,O,B-tim
ner,crf,361.0,5,Ramda,B-per,B-geo
ner,crf,361.0,27,",",I-tim,O
ner,crf,361.0,28,1995,I-tim,O
ner,crf,362.0,11,Central,B-gpe,B-org
ner,crf,362.0,12,African,I-gpe,I-org
ner,crf,362.0,13,Republic,I-gpe,I-org
ner,crf,363.0,20,CAR,B-gpe,B-org
ner,crf,365.0,8,Sudan,B-gpe,B-geo
ner,crf,367.0,7,Sudan,B-gpe,B-per
ner,crf,368.0,18,Democratic,B-gpe,B-geo
ner,crf,368.0,19,Republic,I-gpe,I-geo
ner,crf,368.0,20,of,I-gpe,O
ner,crf,368.0,21,Congo,I-gpe,B-geo
ner,crf,368.0,34,Sudan,B-gpe,B-geo
ner,crf,369.0,26,three,O,B-tim
ner,crf,375.0,14,Muslims,B-org,O
ner,crf,375.0,29,Downing,B-art,B-geo
ner,crf,375.0,30,Street,I-art,I-geo
ner,crf,375.0,35,Britain,B-gpe,B-geo
ner,crf,377.0,25,Muslim,B-org,O
ner,crf,378.0,2,France,B-art,B-org
ner,crf,378.0,3,3,I-art,O
ner,crf,379.0,0,Iran,B-gpe,B-geo
ner,crf,379.0,10,U.S.,B-gpe,B-geo
ner,crf,379.0,16,Washington,B-gpe,B-geo
ner,crf,379.0,26,Iran,B-gpe,B-org
ner,crf,380.0,4,Chairman,O,I-org
ner,crf,380.0,11,U.S.,B-gpe,B-geo
ner,crf,380.0,17,Iran,B-gpe,B-geo
ner,crf,382.0,0,Iran,B-gpe,B-geo
ner,crf,382.0,13,U.S.,B-gpe,B-geo
ner,crf,383.0,3,Tehran,B-gpe,B-geo
ner,crf,384.0,1,United,B-gpe,B-org
ner,crf,384.0,2,States,I-gpe,O
ner,crf,384.0,8,Iran,B-gpe,B-geo
ner,crf,384.0,24,Iran,B-gpe,B-geo
ner,crf,386.0,0,Georgia,B-gpe,B-geo
ner,crf,391.0,0,Georgia,B-gpe,B-geo
ner,crf,393.0,2,Georgians,B-gpe,O
ner,crf,394.0,0,Peru,B-gpe,B-geo
ner,crf,399.0,9,to,O,I-tim
ner,crf,399.0,10,2000,B-tim,I-tim
ner,crf,400.0,0,Tokyo,B-gpe,B-geo
ner,crf,400.0,5,Lima,B-gpe,B-geo
ner,crf,408.0,3,Kenyan,B-gpe,O
ner,crf,410.0,9,Council,B-org,O
ner,crf,411.0,12,Muslim,B-org,B-geo
ner,crf,424.0,0,India,B-org,B-geo
ner,crf,427.0,4,U.S.,B-gpe,B-geo
ner,crf,434.0,7,Europe,B-gpe,B-geo
ner,crf,434.0,9,Iran,B-gpe,B-geo
ner,crf,435.0,7,Tehran,B-gpe,B-org
ner,crf,436.0,3,Tehran,B-gpe,B-per
ner,crf,441.0,36,Harare,B-gpe,B-geo
ner,crf,442.0,10,Zambia,B-gpe,B-geo
ner,crf,444.0,5,two,O,B-tim
ner,crf,448.0,0,Sperling,B-per,B-geo
ner,crf,450.0,0,Sperling,B-per,B-geo
ner,crf,452.0,2,Bosnia-Herzegovina,B-gpe,B-geo
ner,crf,452.0,9,Bosnian,B-gpe,O
ner,crf,452.0,10,Serb,I-gpe,B-gpe
ner,crf,452.0,19,1995,B-tim,O
ner,crf,455.0,3,Muslim,O,B-org
ner,crf,456.0,1,Srebrenica,B-geo,O
ner,crf,456.0,12,II,I-eve,B-eve
ner,crf,457.0,12,Serbs,B-gpe,O
ner,crf,460.0,20,"4,500",O,B-tim
ner,crf,464.0,25,Neolithic,B-tim,B-gpe
ner,crf,468.0,0,Thailand,B-gpe,B-geo
ner,crf,469.0,2,Thailand,B-gpe,B-geo
ner,crf,479.0,3,U.S.,B-gpe,B-geo
ner,crf,482.0,2,U.S.,B-gpe,B-geo
ner,crf,482.0,21,10,O,B-tim
ner,crf,483.0,18,Somalia,B-gpe,B-geo
ner,crf,485.0,35,Sudan,B-geo,B-gpe
ner,crf,487.0,0,LRA,B-org,O
ner,crf,492.0,1,Islamic,B-gpe,O
ner,crf,492.0,2,State,I-gpe,O
ner,crf,492.0,3,of,I-gpe,O
ner,crf,493.0,23,al-Baghdadi,B-per,O
ner,crf,494.0,7,Sunni,B-org,O
ner,crf,497.0,3,U.S.,B-gpe,B-geo
ner,crf,497.0,12,al-Baghdadi,B-per,O
ner,crf,498.0,0,U.S.,B-gpe,B-geo
ner,crf,498.0,16,U.S.,B-gpe,B-geo
ner,crf,502.0,0,U.S.,B-gpe,B-geo
ner,crf,521.0,1,U.S.,B-gpe,B-geo
ner,crf,524.0,1,U.S.,B-gpe,B-geo
ner,crf,524.0,26,Shi'ite,B-org,O
ner,crf,525.0,0,U.S.,B-gpe,B-geo
ner,crf,525.0,7,Shi'ite,B-org,O
ner,crf,525.0,13,recent,O,B-tim
ner,crf,531.0,9,U.N.,B-org,B-geo
ner,crf,533.0,0,Iraq,B-gpe,B-geo
ner,crf,533.0,16,Sunni,B-org,O
ner,crf,536.0,1,Sunni,B-gpe,O
ner,crf,536.0,2,Arab,I-gpe,O
ner,crf,539.0,2,U.S.,B-gpe,B-geo
ner,crf,540.0,1,U.S.,B-gpe,B-geo
ner,crf,541.0,23,"6,26,000",O,B-tim
ner,crf,545.0,8,U.S.,B-gpe,B-geo
ner,crf,546.0,28,three,O,B-tim
ner,crf,550.0,5,Muslim,B-org,B-geo
ner,crf,553.0,1,U.S.,B-gpe,B-geo
ner,crf,554.0,0,U.S.,B-gpe,B-geo
ner,crf,556.0,1,20,O,B-tim
ner,crf,558.0,3,U.S.,B-gpe,B-geo
ner,crf,559.0,9,Pakistanis,B-gpe,O
ner,crf,560.0,17,Pakistan,B-gpe,B-geo
ner,crf,563.0,1,Western,O,B-gpe
ner,crf,563.0,5,Pakistan,B-gpe,B-geo
ner,crf,565.0,0,U.S.,B-gpe,B-geo
ner,crf,566.0,6,U.S.,B-gpe,B-geo
ner,crf,567.0,6,U.S.,B-gpe,B-geo
ner,crf,568.0,13,SARS,B-nat,I-tim
ner,crf,568.0,15,Severe,B-nat,B-per
ner,crf,568.0,16,Acute,I-nat,I-per
ner,crf,568.0,17,Respiratory,I-nat,B-eve
ner,crf,568.0,18,Syndrome,I-nat,I-eve
ner,crf,573.0,18,Shi'ite,B-org,O
ner,crf,574.0,13,recent,O,B-tim
ner,crf,575.0,3,Latvia,B-art,B-per
ner,crf,575.0,9,Latgalians,B-org,O
ner,crf,575.0,15,Baltic,B-geo,O
ner,crf,575.0,32,A.D.,B-tim,B-geo
ner,crf,577.0,15,USSR,B-gpe,B-org
ner,crf,577.0,25,US,B-gpe,B-org
ner,crf,578.0,0,Latvia,B-gpe,B-org
ner,crf,578.0,11,Soviet,B-gpe,O
ner,crf,578.0,12,Union,I-gpe,O
ner,crf,579.0,27,Moscow,B-gpe,B-geo
ner,crf,580.0,0,Latvia,B-gpe,B-org
ner,crf,581.0,0,Bolivia,B-gpe,B-geo
ner,crf,582.0,8,1980s,B-tim,O
ner,crf,583.0,25,Bolivia,B-gpe,B-geo
ner,crf,586.0,2,Bolivia,B-gpe,B-org
ner,crf,587.0,1,2010,B-tim,O
ner,crf,589.0,3,Swazis,B-gpe,O
ner,crf,589.0,6,Africa,B-geo,B-per
ner,crf,589.0,11,British,B-gpe,O
ner,crf,590.0,6,1990s,B-tim,O
ner,crf,590.0,36,recent,O,B-tim
ner,crf,594.0,0,Swaziland,B-gpe,B-geo
ner,crf,594.0,3,Botswana,B-gpe,B-geo
ner,crf,594.0,13,HIV,B-nat,B-org
ner,crf,594.0,15,AIDS,B-nat,O
ner,crf,595.0,4,Spanish,B-gpe,O
ner,crf,597.0,13,and,O,I-tim
ner,crf,597.0,14,1917,B-tim,I-tim
ner,crf,603.0,1,GOATHERD,O,B-org
ner,crf,606.0,16,Wild,O,B-gpe
ner,crf,608.0,32,Goats,O,B-gpe
ner,crf,622.0,0,France,B-geo,B-org
ner,crf,623.0,0,China,B-org,B-geo
ner,crf,624.0,8,China,B-org,B-geo
ner,crf,628.0,0,China,B-org,B-geo
ner,crf,631.0,0,Norway,B-gpe,B-geo
ner,crf,631.0,2,Prime,O,B-gpe
ner,crf,631.0,7,Nobel-Prize,B-art,O
ner,crf,634.0,5,9,B-tim,O
ner,crf,636.0,32,two,O,B-tim
ner,crf,644.0,19,Islamic,B-geo,O
ner,crf,644.0,20,Jihad,I-geo,O
ner,crf,647.0,19,Authority,O,B-org
ner,crf,650.0,11,Reuters,B-org,O
ner,crf,650.0,14,Guardian,B-org,B-geo
ner,crf,652.0,16,U.S.,B-gpe,B-geo
ner,crf,652.0,17,President,O,B-per
ner,crf,652.0,18,Barack,B-per,I-per
ner,crf,653.0,6,Su-24,B-art,O
ner,crf,654.0,0,Air,B-org,O
ner,crf,654.0,1,force,I-org,O
ner,crf,660.0,11,U.S.,B-org,B-geo
ner,crf,660.0,21,Russia,B-org,B-geo
ner,crf,660.0,23,Black,O,B-org
ner,crf,660.0,24,Sea,O,I-org
ner,crf,661.0,9,NATO,B-org,O
ner,crf,662.0,5,U.S.,B-org,B-geo
ner,crf,664.0,7,Russia,B-org,B-geo
ner,crf,665.0,12,Moscow,B-org,B-geo
ner,crf,666.0,0,Egypt,B-gpe,B-org
ner,crf,672.0,6,Brotherhood,B-org,O
ner,crf,674.0,24,Brotherhood,B-geo,O
ner,crf,676.0,9,Topol-M,B-art,O
ner,crf,677.0,9,Russia,B-org,B-geo
ner,crf,678.0,9,Topol,B-art,B-org
ner,crf,679.0,3,Topol,B-art,O
ner,crf,679.0,14,1990s,B-tim,O
ner,crf,689.0,4,Minuteman,B-org,B-geo
ner,crf,690.0,13,Tombstone,B-tim,B-geo
ner,crf,690.0,14,Friday,I-tim,B-tim
ner,crf,693.0,0,MS-13,B-geo,O
ner,crf,696.0,8,Colombia,B-org,B-geo
ner,crf,697.0,8,27,B-tim,O
ner,crf,697.0,26,Salvadorans,B-gpe,O
ner,crf,698.0,0,Italian,B-gpe,O
ner,crf,702.0,13,Prodi,B-per,B-geo
ner,crf,702.0,20,Prodi,B-per,B-geo
ner,crf,707.0,11,Shi'ite,B-org,O
ner,crf,707.0,25,Ashura,B-eve,B-geo
ner,crf,711.0,11,Christian,O,B-gpe
ner,crf,711.0,16,Christmas,B-eve,B-geo
ner,crf,715.0,15,U.S.,B-org,B-geo
ner,crf,718.0,12,Korea,B-gpe,I-geo
ner,crf,718.0,14,Pyongyang,B-gpe,B-geo
ner,crf,719.0,7,Japan,B-gpe,B-geo
ner,crf,719.0,24,Tokyo,B-gpe,B-geo
ner,crf,719.0,30,Korea,B-gpe,I-geo
ner,crf,720.0,0,U.S.,B-gpe,B-geo
ner,crf,720.0,6,Korea,B-gpe,I-geo
ner,crf,722.0,0,U.S.,B-gpe,B-geo
ner,crf,722.0,19,Washington,B-gpe,B-geo
ner,crf,722.0,30,North,B-geo,O
ner,crf,723.0,1,Korea,B-gpe,I-geo
ner,crf,726.0,25,Obeidi,B-per,B-geo
ner,crf,729.0,25,Sunnis,O,B-gpe
ner,crf,730.0,3,Commissioner,O,I-org
ner,crf,730.0,21,120,B-tim,O
ner,crf,734.0,0,Swiss,B-gpe,O
ner,crf,739.0,7,France,B-org,B-geo
ner,crf,739.0,11,Bahamas,B-geo,B-org
ner,crf,742.0,0,Ukraine,B-geo,B-org
ner,crf,742.0,16,Russia,B-org,B-geo
ner,crf,743.0,6,from,B-tim,O
ner,crf,743.0,7,Saturday,I-tim,B-tim
ner,crf,744.0,2,Yekhanurov,B-org,I-per
ner,crf,745.0,5,Ukraine,B-org,B-geo
ner,crf,745.0,8,Russia,B-org,B-geo
ner,crf,747.0,11,three-day,B-tim,O
ner,crf,751.0,13,first,B-tim,O
ner,crf,751.0,14,quarter,I-tim,O
ner,crf,755.0,5,Burma,B-gpe,B-geo
ner,crf,756.0,15,two,B-tim,O
ner,crf,756.0,17,of,B-tim,O
ner,crf,756.0,18,detention,I-tim,O
ner,crf,764.0,12,committee-chairman,I-org,O
ner,crf,765.0,0,Ohio,B-gpe,O
ner,crf,765.0,1,Representative,B-org,O
ner,crf,765.0,11,House,B-org,B-geo
ner,crf,765.0,15,recent,B-tim,O
ner,crf,767.0,0,Ney,B-per,B-geo
ner,crf,768.0,0,Abramoff,B-per,B-geo
ner,crf,769.0,0,Ney,B-per,B-geo
ner,crf,770.0,0,Texas,B-gpe,O
ner,crf,771.0,0,DeLay,B-per,O
ner,crf,771.0,5,Abramoff,B-per,B-geo
ner,crf,771.0,18,Abramoff,B-per,B-geo
ner,crf,772.0,20,Italy,B-geo,B-org
ner,crf,773.0,19,midday,B-tim,O
ner,crf,773.0,20,Thursday,I-tim,B-tim
ner,crf,774.0,0,Italian,B-gpe,O
ner,crf,774.0,25,two,B-tim,O
ner,crf,776.0,0,Italy,B-geo,B-org
ner,crf,781.0,2,Iowa,B-org,B-geo
ner,crf,782.0,6,U.S.,B-org,B-geo
ner,crf,784.0,16,U.S.,B-org,B-geo
ner,crf,785.0,4,Special,O,B-org
ner,crf,785.0,6,General,B-per,O
ner,crf,788.0,5,U.S.,B-org,B-geo
ner,crf,788.0,6,Congress,I-org,B-org
ner,crf,788.0,26,U.S.,B-org,B-geo
ner,crf,792.0,34,Pinochet,B-org,O
ner,crf,795.0,7,Mercosur,B-org,B-geo
ner,crf,795.0,15,Venezuela,B-org,B-geo
ner,crf,796.0,4,Argentina,B-org,B-geo
ner,crf,796.0,6,Brazil,B-org,B-geo
ner,crf,796.0,24,Venezuela,B-org,B-geo
ner,crf,800.0,2,Paraguay,B-org,B-geo
ner,crf,800.0,20,Brazil,B-org,B-geo
ner,crf,800.0,22,Argentina,B-org,B-geo
ner,crf,801.0,10,midnight,B-tim,O
ner,crf,801.0,11,Saturday,I-tim,B-tim
ner,crf,801.0,14,1657,B-tim,O
ner,crf,801.0,15,UTC,I-tim,B-org
ner,crf,806.0,1,Democratic,O,I-org
ner,crf,806.0,22,70th,B-tim,O
ner,crf,806.0,23,anniversary,I-tim,O
ner,crf,807.0,17,Spanish,B-art,B-gpe
ner,crf,813.0,16,Somalians,B-per,B-gpe
ner,crf,819.0,16,Kabul,B-org,B-per
ner,crf,820.0,8,one,B-tim,O
ner,crf,822.0,21,Kabul,B-org,B-geo
ner,crf,829.0,5,U.S.,B-geo,I-tim
ner,crf,831.0,25,Western,B-org,O
ner,crf,831.0,26,diplomat,I-org,O
ner,crf,832.0,22,Endangered,B-art,B-org
ner,crf,832.0,23,Species,I-art,I-org
ner,crf,832.0,24,Act,I-art,I-org
ner,crf,838.0,12,Iran,B-org,B-geo
ner,crf,842.0,11,Iran,B-org,B-geo
ner,crf,843.0,8,Iran,B-org,B-geo
ner,crf,843.0,17,Iran,B-org,B-geo
ner,crf,846.0,11,Shi'ite,B-org,O
ner,crf,849.0,7,U.S.,B-org,B-geo
ner,crf,850.0,3,Iraqi,B-org,B-gpe
ner,crf,850.0,16,Iraqi,B-org,B-gpe
ner,crf,851.0,18,Niger,B-gpe,O
ner,crf,854.0,12,oil-rich,B-org,O
ner,crf,854.0,13,Niger,B-gpe,B-per
ner,crf,854.0,14,Delta,B-org,I-per
ner,crf,858.0,8,Nigeria,B-org,B-geo
ner,crf,858.0,14,almost,B-tim,O
ner,crf,861.0,6,U.S.,B-org,B-geo
ner,crf,862.0,0,KindHearts,B-org,O
ner,crf,862.0,5,Web,B-art,O
ner,crf,863.0,0,KindHearts,B-org,O
ner,crf,864.0,7,U.S.,B-org,B-geo
ner,crf,865.0,5,Israel,B-org,B-geo
ner,crf,867.0,4,Olympic,B-eve,B-geo
ner,crf,870.0,3,Athens,B-org,B-geo
ner,crf,871.0,7,Olympic,B-eve,B-geo
ner,crf,872.0,5,Olympic,B-eve,B-geo
ner,crf,872.0,19,China,B-org,B-geo
ner,crf,873.0,0,Childhood,O,B-geo
ner,crf,880.0,4,Iraqi,B-org,B-gpe
ner,crf,882.0,6,Secretary,B-per,O
ner,crf,882.0,12,Iraq,B-org,B-geo
ner,crf,883.0,25,Shi'ite,B-org,O
ner,crf,885.0,14,three,O,B-tim
ner,crf,885.0,20,Iraqi,B-org,B-gpe
ner,crf,889.0,14,between,B-tim,O
ner,crf,890.0,18,'s,B-tim,O
ner,crf,890.0,19,end,I-tim,O
ner,crf,892.0,21,Chakul,B-geo,B-org
ner,crf,893.0,0,Later,B-tim,O
ner,crf,894.0,1,U.S.,B-org,B-geo
ner,crf,894.0,13,U.S.,B-org,B-geo
ner,crf,895.0,10,decades,O,B-tim
ner,crf,904.0,15,morning,I-tim,O
ner,crf,912.0,13,Moqtada,B-geo,O
ner,crf,913.0,8,Saddam,B-geo,B-per
ner,crf,915.0,16,in,B-tim,O
ner,crf,916.0,11,Kamdesh,B-tim,B-geo
ner,crf,919.0,6,U.S.-led,B-tim,O
ner,crf,919.0,7,coalition,I-tim,O
ner,crf,919.0,22,Afghanistan,B-org,B-geo
ner,crf,919.0,25,parliamentary,I-tim,O
ner,crf,919.0,26,vote,I-tim,O
ner,crf,922.0,15,80th,B-tim,O
ner,crf,922.0,16,birthday,I-tim,O
ner,crf,922.0,17,celebration,I-tim,O
ner,crf,924.0,5,February,B-tim,B-geo
ner,crf,925.0,16,Rostropovich,B-per,B-geo
ner,crf,928.0,1,U.S.,B-org,B-geo
ner,crf,928.0,4,Google,B-org,B-geo
ner,crf,929.0,2,Internet,B-art,O
ner,crf,930.0,9,California,B-geo,O
ner,crf,932.0,0,Google,B-org,B-geo
ner,crf,933.0,33,enclaves,I-org,O
ner,crf,933.0,34,later,O,B-tim
ner,crf,936.0,12,starting,I-tim,O
ner,crf,936.0,13,date,I-tim,O
ner,crf,937.0,12,today,B-tim,O
ner,crf,940.0,14,Spain,B-gpe,B-geo
ner,crf,940.0,19,06-Apr,O,B-geo
ner,crf,941.0,1,Spaniard,B-gpe,O
ner,crf,941.0,10,Belgium,B-gpe,B-geo
ner,crf,942.0,15,Germany,B-gpe,B-geo
ner,crf,943.0,6,Germany,B-gpe,B-geo
ner,crf,943.0,16,06-Mar,O,B-tim
ner,crf,944.0,0,Haas,B-per,O
ner,crf,944.0,18,06-Mar,O,B-tim
ner,crf,946.0,10,U.N.,B-org,B-geo
ner,crf,950.0,0,Syria,B-org,B-geo
ner,crf,952.0,6,Syria,B-org,B-geo
ner,crf,953.0,4,Syria,B-org,B-geo
ner,crf,954.0,2,U.S.,B-org,B-geo
ner,crf,954.0,4,-,B-org,I-per
ner,crf,954.0,17,New~York,O,B-geo
ner,crf,955.0,21,2008,B-tim,O
ner,crf,957.0,9,2000,B-tim,O
ner,crf,960.0,27,U.N.,B-per,B-org
ner,crf,960.0,28,Secretary-General,B-org,O
ner,crf,961.0,2,Nobel,B-art,O
ner,crf,961.0,15,release,B-tim,O
ner,crf,961.0,16,November,I-tim,B-tim
ner,crf,963.0,5,Burma,B-org,B-geo
ner,crf,968.0,7,Pakistani,B-org,B-gpe
ner,crf,969.0,11,1998,B-tim,O
ner,crf,969.0,15,U.S.,B-org,B-geo
ner,crf,973.0,31,Sudan,B-gpe,I-per
ner,crf,978.0,7,February,B-tim,B-geo
ner,crf,979.0,13,Italian,B-gpe,O
ner,crf,981.0,16,13th,B-tim,O
ner,crf,981.0,17,century,I-tim,O
ner,crf,981.0,22,basilica,I-geo,O
ner,crf,987.0,2,U.S.,B-org,B-geo
ner,crf,988.0,0,Lieutenant,B-per,O
ner,crf,988.0,1,General,I-per,B-per
ner,crf,990.0,0,Afghanistan,B-gpe,B-geo
ner,crf,992.0,0,Germany,B-geo,B-org
ner,crf,994.0,12,Germans,B-gpe,O
ner,crf,998.0,10,Denmark,B-org,B-gpe
ner,crf,1001.0,6,Iceland,B-org,B-geo
ner,crf,1004.0,2,Iceland,B-org,B-geo
ner,crf,1011.0,18,AIDS,B-nat,B-org
ner,crf,1012.0,17,2030,B-tim,O
ner,crf,1013.0,12,U.S.,B-org,B-geo
ner,crf,1013.0,23,Iraqi,B-org,B-gpe
ner,crf,1014.0,12,-,I-tim,O
ner,crf,1015.0,28,"""",I-geo,O
ner,crf,1019.0,6,U.S.,B-org,B-geo
ner,crf,1019.0,25,Georgia,B-org,B-geo
ner,crf,1020.0,9,U.S.,B-gpe,B-geo
ner,crf,1021.0,7,Washington,B-org,B-gpe
ner,crf,1021.0,9,Georgia,B-org,B-geo
ner,crf,1027.0,36,Japan,B-org,B-geo
ner,crf,1028.0,0,Venezuela,B-gpe,B-geo
ner,crf,1029.0,8,Caracas,B-gpe,B-geo
ner,crf,1029.0,10,Venezuela,B-gpe,B-geo
ner,crf,1030.0,4,Venezuela,B-gpe,B-geo
ner,crf,1031.0,0,Venezuela,B-gpe,B-geo
ner,crf,1033.0,10,Iran,B-org,B-geo
ner,crf,1033.0,24,Britain,B-gpe,B-geo
ner,crf,1033.0,26,France,B-gpe,B-org
ner,crf,1034.0,0,Iran,B-gpe,B-geo
ner,crf,1036.0,3,Iran,B-org,B-geo
ner,crf,1036.0,15,Europeans,B-gpe,O
ner,crf,1037.0,2,today,B-tim,O
ner,crf,1037.0,11,Iran,B-org,B-geo
ner,crf,1038.0,24,Hurricane,B-nat,B-per
ner,crf,1038.0,25,Katrina,I-nat,I-per
ner,crf,1040.0,6,Mississippi,B-org,B-geo
ner,crf,1041.0,14,11th,B-tim,O
ner,crf,1042.0,4,Katrina,B-nat,B-per
ner,crf,1043.0,0,Hurricane,B-nat,B-per
ner,crf,1043.0,1,Katrina,I-nat,I-per
ner,crf,1050.0,9,Authority,O,B-org
ner,crf,1052.0,15,International,B-art,B-org
ner,crf,1052.0,16,Space,I-art,I-org
ner,crf,1052.0,17,Station,I-art,I-org
ner,crf,1053.0,1,Soyuzcapsule,B-art,B-org
ner,crf,1056.0,13,Russia,B-org,B-geo
ner,crf,1057.0,22,Simonyi,B-per,B-geo
ner,crf,1060.0,27,Palestine,B-org,B-geo
ner,crf,1061.0,1,2003,B-tim,O
ner,crf,1062.0,19,Israel,B-org,B-geo
ner,crf,1063.0,8,Basque,B-org,B-geo
ner,crf,1063.0,26,recent,B-tim,O
ner,crf,1064.0,1,Gara,O,B-org
ner,crf,1065.0,14,Spain,B-org,B-geo
ner,crf,1065.0,21,2012,B-tim,O
ner,crf,1065.0,22,Olympics,I-tim,O
ner,crf,1067.0,11,1960s,B-tim,O
ner,crf,1067.0,22,Basque,B-geo,O
ner,crf,1067.0,23,homeland,I-geo,O
ner,crf,1067.0,25,northern,O,B-geo
ner,crf,1067.0,26,Spain,B-geo,I-geo
ner,crf,1071.0,8,Endless,B-art,B-gpe
ner,crf,1071.0,9,Wire,I-art,B-org
ner,crf,1074.0,11,Lanka,B-gpe,I-per
ner,crf,1075.0,5,Lanka,B-gpe,I-per
ner,crf,1080.0,17,Mideast,O,B-gpe
ner,crf,1081.0,20,Authority,O,B-org
ner,crf,1081.0,23,Israel,B-org,B-geo
ner,crf,1082.0,11,Israel,B-org,B-geo
ner,crf,1083.0,6,four-year,B-tim,O
ner,crf,1083.0,13,Authority,O,B-org
ner,crf,1084.0,8,West,B-org,B-geo
ner,crf,1084.0,18,Fatah,B-org,B-geo
ner,crf,1085.0,17,Israel,B-org,B-geo
ner,crf,1085.0,20,Israel,B-org,B-geo
ner,crf,1087.0,5,Beijing,B-org,B-geo
ner,crf,1092.0,18,Shi'ite,B-org,O
ner,crf,1095.0,11,Shi'ite,B-org,O
ner,crf,1095.0,16,Shi'ite,B-org,O
ner,crf,1099.0,16,since,B-tim,O
ner,crf,1099.0,17,Sunday,I-tim,B-tim
ner,crf,1100.0,8,Tamil,B-org,B-per
ner,crf,1101.0,5,navy,B-org,O
ner,crf,1101.0,26,Tamil,B-art,B-org
ner,crf,1105.0,11,Tamils,B-geo,O
ner,crf,1105.0,13,Sri,B-per,B-geo
ner,crf,1105.0,14,Lanka,B-gpe,I-geo
ner,crf,1106.0,7,Sinhalese,O,B-gpe
ner,crf,1107.0,6,U.S.,B-org,B-geo
ner,crf,1108.0,3,Albania,B-org,B-geo
ner,crf,1108.0,5,Croatia,B-org,B-geo
ner,crf,1108.0,7,Georgia,B-org,B-geo
ner,crf,1112.0,14,-,I-tim,O
ner,crf,1112.0,16,fifth,B-tim,O
ner,crf,1112.0,17,anniversary,I-tim,O
ner,crf,1112.0,18,of,I-tim,O
ner,crf,1113.0,13,Western,O,B-gpe
ner,crf,1115.0,3,Western,O,B-gpe
ner,crf,1117.0,0,Zawahiri,O,B-per
ner,crf,1118.0,7,Zawahiri,O,B-per
ner,crf,1126.0,0,Somalia,B-geo,B-gpe
ner,crf,1127.0,0,Ethiopia,B-geo,B-org
ner,crf,1128.0,31,about,B-tim,O
ner,crf,1128.0,32,eight,I-tim,O
ner,crf,1131.0,2,Amiin,B-per,O
ner,crf,1132.0,1,U.S.,B-org,B-geo
ner,crf,1137.0,6,April,B-tim,B-geo
ner,crf,1137.0,10,U.S.,B-org,B-geo
ner,crf,1142.0,2,U.S.,B-org,B-geo
ner,crf,1142.0,11,Afghanistan,B-org,B-geo
ner,crf,1143.0,4,U.S.,B-org,B-geo
ner,crf,1147.0,0,Boucher,B-per,B-geo
ner,crf,1149.0,26,1988,B-tim,O
ner,crf,1150.0,31,Shi'ite,B-geo,O
ner,crf,1150.0,32,Muslims,I-geo,O
ner,crf,1151.0,5,Chemical,O,B-per
ner,crf,1151.0,6,Ali,B-per,I-per
ner,crf,1154.0,15,Israel,B-org,B-geo
ner,crf,1155.0,15,Israel,B-org,B-geo
ner,crf,1156.0,5,Israel,B-org,B-geo
ner,crf,1157.0,4,Authority,O,B-org
ner,crf,1159.0,10,overnight,B-tim,O
ner,crf,1159.0,11,Saturday,I-tim,B-tim
ner,crf,1162.0,10,of,B-tim,O
ner,crf,1162.0,12,Eucharist,B-tim,B-geo
ner,crf,1163.0,18,Muslim,B-org,B-geo
ner,crf,1164.0,9,Catholics,B-geo,O
ner,crf,1164.0,16,Eucharist,B-tim,O
ner,crf,1164.0,23,Lord,B-org,B-geo
upos,regras,CF756-1,2,Como,ADV,ADP
upos,regras,CF756-1,7,de,SCONJ,ADP
upos,regras,CF756-1,8,que,SCONJ,PRON
upos,regras,CF756-4,4,que,SCONJ,PRON
upos,regras,CF757-2,7,Aprazível,PROPN,ADJ
upos,regras,CF757-2,22,Escritório,PROPN,NOUN
upos,regras,CF757-2,23,Regional,PROPN,ADJ
upos,regras,CF757-2,25,Saúde,PROPN,NOUN
upos,regras,CF757-4,4,Aprazível,PROPN,ADJ
upos,regras,CF757-7,16,a,ADP,DET
upos,regras,CF757-7,22,Distrito,PROPN,NOUN
upos,regras,CF757-8,8,Polícia,PROPN,NOUN
upos,regras,CF757-8,9,Civil,PROPN,ADJ
upos,regras,CF757-8,14,o,PRON,DET
upos,regras,CF757-9,7,prevista,ADJ,VERB
upos,regras,CF757-9,8,para,SCONJ,ADP
upos,regras,CF758-1,0,Todas,PRON,DET
upos,regras,CF758-3,0,Beijou,VERB,PROPN
upos,regras,CF758-3,2,abraçou,VERB,NOUN
upos,regras,CF758-3,6,conversou,VERB,NOUN
upos,regras,CF758-3,12,conterrâneo,ADJ,NOUN
upos,regras,CF758-4,2,torci,VERB,NOUN
upos,regras,CF758-4,7,viu,INTJ,VERB
upos,regras,CF758-4,13,a,ADP,DET
upos,regras,CF759-2,6,dispensam,VERB,NOUN
upos,regras,CF759-3,0,Se,SCONJ,PRON
upos,regras,CF759-4,3,expresso,ADJ,PROPN
upos,regras,CF759-4,7,próximo,ADV,ADJ
upos,regras,CF759-5,0,Se,SCONJ,PRON
upos,regras,CF759-5,18,011/253-1588,NUM,NOUN
upos,regras,CF759-5,21,importam,VERB,NOUN
upos,regras,CF759-7,26,similar,ADJ,NOUN
upos,regras,CF759-7,27,a,ADP,DET
upos,regras,CF759-8,15,a,ADP,DET
upos,regras,CF760-1,8,trabalhadas,VERB,ADJ
upos,regras,CF760-1,11,artesanal,ADJ,NOUN
upos,regras,CF760-1,13,folha,NOUN,PROPN
upos,regras,CF760-4,2,a,ADP,DET
upos,regras,CF760-4,7,a,ADP,DET
upos,regras,CF760-4,15,a,ADP,DET
upos,regras,CF760-5,8,a,ADP,DET
upos,regras,CF761-1,0,Laser,NOUN,VERB
upos,regras,CF761-3,3,a,ADP,DET
upos,regras,CF761-3,4,laser,NOUN,VERB
upos,regras,CF761-3,7,HP,PROPN,NOUN
upos,regras,CF761-3,27,a,ADP,DET
upos,regras,CF761-3,31,rápidas,ADJ,NOUN
upos,regras,CF761-3,32,que,SCONJ,PRON
upos,regras,CF761-3,33,as,PRON,DET
upos,regras,CF761-4,2,4,PROPN,NUM
upos,regras,CF761-4,5,4M,PROPN,NOUN
upos,regras,CF761-4,7,substituem,VERB,NOUN
upos,regras,CF761-4,12,4M,NUM,NOUN
upos,regras,CF761-5,3,600x600,NUM,NOUN
upos,regras,CF761-5,11,o,PRON,DET
upos,regras,CF761-5,17,mais,DET,ADV
upos,regras,CF762-1,2,reelege,VERB,NOUN
upos,regras,CF762-2,5,imóveis,NOUN,PROPN
upos,regras,CF762-2,19,Conselho,PROPN,NOUN
upos,regras,CF762-2,20,Regional,PROPN,ADJ
upos,regras,CF762-2,29,São,PROPN,AUX
upos,regras,CF762-3,5,a,ADP,DET
upos,regras,CF763-1,0,Enquanto,SCONJ,ADV
upos,regras,CF763-1,7,estréia,NOUN,VERB
upos,regras,CF763-1,15,amou,VERB,NOUN
upos,regras,CF763-2,0,Convidada,VERB,PROPN
upos,regras,CF763-2,1,para,SCONJ,ADP
upos,regras,CF763-2,10,por,SCONJ,ADP
upos,regras,CF763-2,13,convocada,VERB,NOUN
upos,regras,CF764-3,4,Enciclopédia,PROPN,NOUN
upos,regras,CF764-3,5,Britânica,PROPN,ADJ
upos,regras,CF764-4,10,público,ADJ,PROPN
upos,regras,CF764-4,39,inventada,VERB,NOUN
upos,regras,CF764-4,40,a,ADP,DET
upos,regras,CF764-4,51,de,SCONJ,ADP
upos,regras,CF764-4,59,devido,ADJ,ADV
upos,regras,CF764-6,1,bárbaro,ADJ,NOUN
upos,regras,CF764-6,16,chocante,ADJ,NOUN
upos,regras,CF764-6,20,o,PRON,DET
upos,regras,CF764-6,21,foi,VERB,AUX
upos,regras,CF764-6,39,um,NUM,DET
upos,regras,CF764-7,12,Polícia,PROPN,NOUN
upos,regras,CF764-7,13,Militar,PROPN,ADJ
upos,regras,CF764-7,14,estadual,ADJ,PROPN
upos,regras,CF764-7,16,que,SCONJ,PRON
upos,regras,CF764-7,17,foram,VERB,AUX
upos,regras,CF765-1,20,para,SCONJ,ADP
upos,regras,CF765-2,2,çe,AUX,NOUN
upos,regras,CF766-1,1,serviria,VERB,NOUN
upos,regras,CF766-1,4,aliada,VERB,NOUN
upos,regras,CF766-3,10,japoneses,ADJ,NOUN
upos,regras,CF766-3,12,destruíram,VERB,NOUN
upos,regras,CF766-3,20,ancorada,VERB,NOUN
upos,regras,CF766-5,1,chamado,ADJ,VERB
upos,regras,CF766-5,14,unia,VERB,NOUN
upos,regras,CF766-8,4,Estado,PROPN,NOUN
upos,regras,CF766-8,9,desconfiava,VERB,NOUN
upos,regras,CF766-8,22,a,ADP,DET
upos,regras,CF766-8,25,mussoliniano,ADJ,NOUN
upos,regras,CF766-10,9,pró-nazi,ADJ,NOUN
upos,regras,CF766-10,11,o,PRON,DET
upos,regras,CF766-13,6,detestava,VERB,NOUN
upos,regras,CF767-1,10,política,ADJ,NOUN
upos,regras,CF767-2,9,para,SCONJ,ADP
upos,regras,CF767-2,15,políticas,NOUN,ADJ
upos,regras,CF768-1,17,de,SCONJ,ADP
upos,regras,CF768-1,20,causadas,VERB,NOUN
upos,regras,CF768-1,26,noturnas,ADJ,NOUN
upos,regras,CF768-2,5,ingeriram,VERB,NOUN
upos,regras,CF768-2,15,que,SCONJ,PRON
upos,regras,CF768-2,25,causadas,VERB,NOUN
upos,regras,CF769-2,0,Conforme,SCONJ,ADV
upos,regras,CF769-2,2,autorizado,VERB,NOUN
upos,regras,CF769-2,18,Nossa,PROPN,DET
upos,regras,CF769-2,19,Caixa,PROPN,NOUN
upos,regras,CF769-2,25,terá,AUX,VERB
upos,regras,CF769-2,26,que,SCONJ,PRON
upos,regras,CF769-2,37,atualizadas,VERB,NOUN
upos,regras,CF769-3,1,a,ADP,DET
upos,regras,CF769-3,8,liquido,ADJ,NOUN
upos,regras,CF769-5,2,carrega,VERB,NOUN
upos,regras,CF769-5,11,público,ADJ,PROPN
upos,regras,CF770-1,15,identificaram,VERB,NOUN
upos,regras,CF770-2,16,para,SCONJ,ADP
upos,regras,CF771-1,1,vai,VERB,AUX
upos,regras,CF771-1,2,a,ADP,DET
upos,regras,CF771-1,5,brutos,ADJ,NOUN
upos,regras,CF771-2,4,projetam,VERB,NOUN
upos,regras,CF771-2,14,bruta,ADJ,NOUN
upos,regras,CF771-3,7,1º,ADJ,NUM
upos,regras,CF771-4,1,enquanto,NOUN,ADV
upos,regras,CF771-4,5,projeta,VERB,NOUN
upos,regras,CF771-4,12,o,PRON,DET
upos,regras,CF771-4,18,renderiam,VERB,NOUN
upos,regras,CF772-1,5,conformada,ADJ,NOUN
upos,regras,CF772-4,8,Câmara,PROPN,NOUN
upos,regras,CF772-4,10,Comércio,PROPN,NOUN
upos,regras,CF772-4,15,São,PROPN,AUX
upos,regras,CF772-4,19,conformados,ADJ,NOUN
upos,regras,CF772-5,3,contentes,ADJ,NOUN
upos,regras,CF772-5,4,por,SCONJ,ADP
upos,regras,CF772-5,7,a,ADP,DET
upos,regras,CF772-5,22,a,ADP,DET
upos,regras,CF772-6,1,seguraram,VERB,NOUN
upos,regras,CF773-1,0,Desembargador,NOUN,PROPN
upos,regras,CF773-3,16,para,SCONJ,ADP
upos,regras,CF773-3,28,que,SCONJ,PRON
upos,regras,CF773-3,30,se,SCONJ,PRON
upos,regras,CF773-3,39,para,SCONJ,ADP
upos,regras,CF773-3,45,ostensivo,ADJ,NOUN
upos,regras,CF773-4,15,para,SCONJ,ADP
upos,regras,CF773-4,17,se,SCONJ,PRON
upos,regras,CF773-4,18,aceitava,VERB,NOUN
upos,regras,CF774-1,13,um,NUM,DET
upos,regras,CF774-2,12,liga,NOUN,PROPN
upos,regras,CF774-3,20,Time,PROPN,NOUN
upos,regras,CF774-3,23,Sonhos,PROPN,NOUN
upos,regras,CF775-3,0,Enfermeiro,NOUN,PROPN
upos,regras,CF775-3,4,válida,ADJ,NOUN
upos,regras,CF775-3,6,para,SCONJ,ADP
upos,regras,CF775-3,11,superior,NOUN,ADJ
upos,regras,CF775-4,7,técnicos,ADJ,NOUN
upos,regras,CF775-5,4,segundo,ADJ,ADP
upos,regras,CF775-5,12,técnico,ADJ,NOUN
upos,regras,CF776-2,7,Filho,PROPN,NOUN
upos,regras,CF776-4,1,que,SCONJ,PRON
upos,regras,CF776-4,11,acionária,ADJ,NOUN
upos,regras,CF776-4,15,energia,NOUN,PROPN
upos,regras,CF777-1,5,Jovem,PROPN,ADJ
upos,regras,CF777-1,8,para,SCONJ,ADP
upos,regras,CF777-3,11,que,SCONJ,PRON
upos,regras,CF777-4,1,que,SCONJ,PRON
upos,regras,CF777-4,5,nem,ADV,CCONJ
upos,regras,CF777-5,3,parecida,ADJ,VERB
upos,regras,CF777-5,5,aquela,PRON,DET
upos,regras,CF778-1,2,tínhamos,VERB,AUX
upos,regras,CF778-1,11,para,SCONJ,ADP
upos,regras,CF778-2,8,com,SCONJ,ADP
upos,regras,CF778-3,4,se,SCONJ,PRON
upos,regras,CF779-3,7,animado,VERB,NOUN
upos,regras,CF779-3,17,expedida,VERB,NOUN
upos,regras,CF779-3,24,Infância,PROPN,NOUN
upos,regras,CF779-3,29,São,PROPN,AUX
upos,regras,CF779-4,14,a,ADP,DET
upos,regras,CF779-4,20,transmitiu,VERB,NOUN
upos,regras,CF780-1,7,primitivas,ADJ,NOUN
upos,regras,CF780-1,8,para,SCONJ,ADP
upos,regras,CF780-1,12,rasas,ADJ,NOUN
upos,regras,CF780-2,26,até,ADV,ADP
upos,regras,CF781-2,0,Patologistas,NOUN,PROPN
upos,regras,CF781-2,2,hospital,NOUN,PROPN
upos,regras,CF781-2,8,tiveram,AUX,VERB
upos,regras,CF781-2,9,que,SCONJ,PRON
upos,regras,CF781-2,13,para,SCONJ,ADP
upos,regras,CF781-2,20,teria,VERB,AUX
upos,regras,CF781-2,22,tóxicos,ADJ,NOUN
upos,regras,CF781-2,29,cheiro,NOUN,PROPN
upos,regras,CF781-2,30,os,PRON,DET
upos,regras,CF782-1,4,alemães,ADJ,NOUN
upos,regras,CF782-2,3,que,SCONJ,PRON
upos,regras,CF782-2,17,São,PROPN,AUX
upos,regras,CF782-2,31,Ponte,PROPN,NOUN
upos,regras,CF782-2,32,Preta,PROPN,ADJ
upos,regras,CF783-1,25,rebaixado,VERB,NOUN
upos,regras,CF783-1,26,a,ADP,DET
upos,regras,CF783-1,28,3ª,ADJ,NUM
upos,regras,CF783-1,29,divisão,NOUN,PROPN
upos,regras,CF783-4,3,metralhou,VERB,NOUN
upos,regras,CF783-4,10,federação,NOUN,PROPN
upos,regras,CF783-5,4,de,SCONJ,ADP
upos,regras,CF783-5,5,sonegarem,VERB,NOUN
upos,regras,CF783-5,12,federação,NOUN,PROPN
upos,regras,CF783-6,0,Para,SCONJ,ADP
upos,regras,CF783-6,19,a,ADP,DET
upos,regras,CF783-7,0,Muitas,PRON,DET
upos,regras,CF783-7,4,inconsequentes,ADJ,NOUN
upos,regras,CF783-8,6,Bota,NOUN,PROPN
upos,regras,CF783-8,8,a,ADP,DET
upos,regras,CF783-8,14,de,SCONJ,ADP
upos,regras,CF783-9,10,o,PRON,DET
upos,regras,CF783-9,16,exigia,VERB,NOUN
upos,regras,CF783-9,22,a,ADP,DET
upos,regras,CF783-9,30,para,SCONJ,ADP
upos,regras,CF783-9,34,coletarem,VERB,NOUN
upos,regras,CF783-9,37,contábeis,ADJ,NOUN
upos,regras,CF783-9,42,a,ADP,DET
upos,regras,CF784-2,5,para,SCONJ,ADP
upos,regras,CF784-2,10,a,ADP,DET
upos,regras,CF784-3,6,para,SCONJ,ADP
upos,regras,CF784-4,6,Fischer,PROPN,VERB
upos,regras,CF784-4,43,irlandês,ADJ,NOUN
upos,regras,CF785-1,21,a,SCONJ,DET
upos,regras,CF785-1,25,políticos,NOUN,ADJ
upos,regras,CF785-1,28,a,ADP,DET
upos,regras,CF785-2,4,a,ADP,DET
upos,regras,CF785-2,6,Judiciário,PROPN,NOUN
upos,regras,CF785-2,9,de,SCONJ,ADP
upos,regras,CF785-2,10,auxiliar,VERB,NOUN
upos,regras,CF785-3,2,como,ADV,ADP
upos,regras,CF785-3,6,que,SCONJ,PRON
upos,regras,CF785-4,7,rico,ADJ,PROPN
upos,regras,CF785-6,3,ganho,VERB,NOUN
upos,regras,CF785-6,4,reverto,VERB,NOUN
upos,regras,CF785-6,21,precisando,VERB,NOUN
upos,regras,CF785-7,2,egoísta,ADJ,NOUN
upos,regras,CF787-2,3,Assistência,PROPN,NOUN
upos,regras,CF787-2,4,e,PROPN,CCONJ
upos,regras,CF787-2,5,Recuperação,PROPN,NOUN
upos,regras,CF787-2,9,a,ADP,DET
upos,regras,CF787-2,24,a,ADP,DET
upos,regras,CF787-2,25,partir,NOUN,VERB
upos,regras,CF787-3,3,a,ADP,DET
upos,regras,CF787-3,8,a,SCONJ,DET
upos,regras,CF787-5,3,Saúde,PROPN,NOUN
upos,regras,CF787-5,8,que,SCONJ,PRON
upos,regras,CF787-5,10,Pessoa,PROPN,NOUN
upos,regras,CF787-5,23,vacinal,ADJ,NOUN
upos,regras,CF787-6,5,secretaria,NOUN,PROPN
upos,regras,CF788-1,1,veta,VERB,NOUN
upos,regras,CF788-2,2,que,SCONJ,PRON
upos,regras,CF788-2,7,recompense,VERB,NOUN
upos,regras,CF788-2,9,Sérvia,PROPN,ADJ
upos,regras,CF788-2,10,por,SCONJ,ADP
upos,regras,CF788-4,2,vetou,VERB,NOUN
upos,regras,CF788-4,6,Conferência,PROPN,NOUN
upos,regras,CF788-4,7,sobre,PROPN,ADP
upos,regras,CF788-4,8,Segurança,PROPN,NOUN
upos,regras,CF788-4,9,e,PROPN,CCONJ
upos,regras,CF788-4,10,Cooperação,PROPN,NOUN
upos,regras,CF788-4,17,iugoslava,ADJ,NOUN
upos,regras,CF788-5,7,a,ADP,DET
upos,regras,CF788-5,13,que,SCONJ,PRON
upos,regras,CF788-5,14,parassem,VERB,NOUN
upos,regras,CF789-1,1,Se,SCONJ,PRON
upos,regras,CF789-1,22,a,ADP,DET
upos,regras,CF789-1,31,Dias,PROPN,NOUN
upos,regras,CF789-3,6,máximos,ADJ,NOUN
upos,regras,CF789-4,1,leve,ADJ,VERB
upos,regras,CF789-4,9,pesado,NOUN,VERB
upos,regras,CF790-2,3,Mundial,PROPN,ADJ
upos,regras,CF790-2,11,Jogos,PROPN,NOUN
upos,regras,CF790-2,14,Amizade,PROPN,NOUN
upos,regras,CF791-1,0,Cyberpunk,NOUN,PROPN
upos,regras,CF791-1,3,alucinógena,ADJ,NOUN
upos,regras,CF791-1,6,presente,NOUN,ADJ
upos,regras,CF791-3,7,a,ADP,DET
upos,regras,CF791-4,13,a,ADP,DET
upos,regras,CF791-4,18,presente,NOUN,ADJ
upos,regras,CF791-4,27,fundadora,ADJ,NOUN
upos,regras,CF791-5,5,em,SCONJ,ADP
upos,regras,CF791-5,10,o,PRON,DET
upos,regras,CF791-5,14,latente,ADJ,NOUN
upos,regras,CF791-5,18,contemporâneo,ADJ,NOUN
upos,regras,CF791-6,11,é,VERB,AUX
upos,regras,CF791-6,13,próximo,ADV,ADJ
upos,regras,CF791-6,16,atual,NOUN,ADJ
upos,regras,CF791-6,19,que,SCONJ,PRON
upos,regras,CF791-6,25,alucinógena,ADJ,NOUN
upos,regras,CF791-6,28,certo,DET,ADJ
upos,regras,CF792-2,4,celebram,VERB,NOUN
upos,regras,CF792-2,10,União,NOUN,PROPN
upos,regras,CF792-2,18,Janeiro,PROPN,NOUN
upos,regras,CF792-3,1,União,NOUN,PROPN
upos,regras,CF792-3,12,República,NOUN,PROPN
upos,regras,CF792-3,24,Janeiro,PROPN,NOUN
upos,regras,CF792-4,6,União,NOUN,PROPN
upos,regras,CF792-4,10,Estados,NOUN,PROPN
upos,regras,CF793-2,7,imóveis,NOUN,PROPN
upos,regras,CF793-2,14,São,PROPN,AUX
upos,regras,CF793-2,27,Administração,PROPN,NOUN
upos,regras,CF793-3,4,acelerada,ADJ,VERB
upos,regras,CF793-3,5,que,SCONJ,PRON
upos,regras,CF793-3,6,a,PRON,DET
upos,regras,CF793-4,9,Avenida,PROPN,NOUN
upos,regras,CF794-1,6,um,NUM,DET
upos,regras,CF794-1,12,Cartel,PROPN,NOUN
upos,regras,CF794-3,1,Polícia,PROPN,NOUN
upos,regras,CF794-3,19,um,NUM,DET
upos,regras,CF794-3,25,Cartel,PROPN,NOUN
upos,regras,CF794-3,30,colombiana,ADJ,NOUN
upos,regras,CF794-3,32,trafica,VERB,NOUN
upos,regras,CF794-4,3,havia,AUX,VERB
upos,regras,CF794-4,4,escapado,VERB,NOUN
upos,regras,CF794-4,18,apreendidas,VERB,NOUN
upos,regras,CF794-5,13,a,ADP,DET
upos,regras,CF795-1,3,Durante,PROPN,ADP
upos,regras,CF795-1,5,a,ADP,DET
upos,regras,CF795-1,12,compartilhados,VERB,NOUN
upos,regras,CF795-2,1,reservados,VERB,NOUN
upos,regras,CF795-2,10,República,NOUN,PROPN
upos,regras,CF795-2,11,alertavam,VERB,NOUN
upos,regras,CF795-2,21,de,SCONJ,ADP
upos,regras,CF795-3,1,que,SCONJ,PRON
upos,regras,CF795-3,9,afirmavam,VERB,NOUN
upos,regras,CF795-3,10,que,SCONJ,PRON
upos,regras,CF795-3,17,alta,ADJ,NOUN
upos,regras,CF795-3,26,de,SCONJ,ADP
upos,regras,CF795-3,28,público,NOUN,PROPN
upos,regras,CF795-4,2,a,ADP,DET
upos,regras,CF795-4,20,desaconselhou,VERB,NOUN
upos,regras,CF795-4,25,a,ADP,DET
upos,regras,CF795-4,27,Sambódromo,NOUN,PROPN
upos,regras,CF795-5,5,público,NOUN,PROPN
upos,regras,CF795-6,0,Avisado,VERB,PROPN
upos,regras,CF795-6,9,desdenhou,VERB,NOUN
upos,regras,CF795-7,1,trocaria,VERB,NOUN
upos,regras,CF795-8,0,Agarrado,VERB,PROPN
upos,regras,CF795-8,1,a,ADP,DET
upos,regras,CF796-1,4,a,SCONJ,DET
upos,regras,CF796-2,2,divisão,NOUN,PROPN
upos,regras,CF796-2,6,batizada,VERB,NOUN
upos,regras,CF796-2,10,opera,VERB,NOUN
upos,regras,CF796-3,4,promissor,ADJ,NOUN
upos,regras,CF796-4,8,acrescentarão,VERB,NOUN
upos,regras,CF796-4,11,a,ADP,DET
upos,regras,CF797-1,3,que,SCONJ,PRON
upos,regras,CF797-2,1,própria,DET,ADJ
upos,regras,CF797-2,8,tropológica,ADJ,NOUN
upos,regras,CF797-3,1,A,PROPN,DET
upos,regras,CF797-3,2,Interpretação,PROPN,NOUN
upos,regras,CF797-3,5,Sonhos,PROPN,NOUN
upos,regras,CF797-3,8,um,NUM,DET
upos,regras,CF797-3,12,fundadores,ADJ,NOUN
upos,regras,CF797-3,24,de,SCONJ,ADP
upos,regras,CF797-3,32,poética,NOUN,ADJ
upos,regras,CF797-3,34,combina,VERB,NOUN
upos,regras,CF797-5,0,Uma,NUM,DET
upos,regras,CF797-7,1,desenvolveu,VERB,NOUN
upos,regras,CF797-7,8,para,SCONJ,ADP
upos,regras,CF798-1,3,que,SCONJ,PRON
upos,regras,CF798-1,6,modernizante,ADJ,NOUN
upos,regras,CF798-2,5,heterogêneo,ADJ,NOUN
upos,regras,CF798-2,11,unido,VERB,PROPN
upos,regras,CF798-3,20,hegemônicos,ADJ,NOUN
upos,regras,CF798-3,28,de,SCONJ,ADP
upos,regras,CF798-3,29,que,SCONJ,PRON
upos,regras,CF798-3,30,amarrariam,VERB,NOUN
upos,regras,CF798-3,39,que,SCONJ,PRON
upos,regras,CF798-3,44,para,SCONJ,ADP
upos,regras,CF798-4,25,a,ADP,DET
upos,regras,CF798-4,32,ressuscitou,VERB,NOUN
upos,regras,CF799-1,10,batido,VERB,NOUN
upos,regras,CF799-1,19,capotado,VERB,NOUN
upos,regras,CF799-2,8,internada,ADJ,NOUN
upos,regras,CF800-1,4,para,SCONJ,ADP
upos,regras,CF800-1,6,o,PRON,DET
upos,regras,CF800-2,2,que,SCONJ,PRON
upos,regras,CF800-2,16,menos,NOUN,ADV
upos,regras,CF800-3,6,locais,NOUN,ADJ
upos,regras,CF800-4,7,a,ADP,DET
upos,regras,CF801-1,1,descreveu,VERB,NOUN
upos,regras,CF801-1,26,a,ADP,DET
upos,regras,CF801-1,28,a,ADP,DET
upos,regras,CF801-1,39,seguro,ADJ,NOUN
upos,regras,CF801-1,44,a,ADP,DET
upos,regras,CF801-2,5,a,ADP,DET
upos,regras,CF801-2,22,nacional,ADJ,PROPN
upos,regras,CF801-2,25,Casa,PROPN,NOUN
upos,regras,CF802-1,7,Lanterna,PROPN,NOUN
upos,regras,CF802-4,7,noturnas,ADJ,NOUN
upos,regras,CF802-5,4,Lanterna,PROPN,NOUN
upos,regras,CF802-5,11,para,SCONJ,ADP
upos,regras,CF802-6,2,jardim,NOUN,PROPN
upos,regras,CF802-6,15,um,NUM,DET
upos,regras,CF803-1,0,Aposentado,NOUN,PROPN
upos,regras,CF803-2,12,central,ADJ,PROPN
upos,regras,CF803-2,14,São,PROPN,AUX
upos,regras,CF803-3,36,sapateou,VERB,NOUN
upos,regras,CF804-1,1,AI,PROPN,INTJ
upos,regras,CF804-1,18,São,PROPN,AUX
upos,regras,CF804-2,3,referente,ADJ,ADV
upos,regras,CF804-2,4,a,ADP,DET
upos,regras,CF804-2,16,acusados,NOUN,VERB
upos,regras,CF804-2,40,Geral,PROPN,ADJ
upos,regras,CF805-2,2,que,SCONJ,PRON
upos,regras,CF805-2,3,até,ADV,ADP
upos,regras,CF805-2,8,baiano,ADJ,NOUN
upos,regras,CF805-2,13,de,SCONJ,ADP
upos,regras,CF805-2,15,a,ADP,DET
upos,regras,CF805-2,26,São,PROPN,AUX
upos,regras,CF805-3,2,monte,NOUN,PROPN
upos,regras,CF805-4,7,público,NOUN,PROPN
upos,regras,CF805-5,5,erudita,ADJ,NOUN
upos,regras,CF805-5,7,tradicionalista,ADJ,NOUN
upos,regras,CF805-7,1,público,NOUN,PROPN
upos,regras,CF805-8,0,Se,SCONJ,PRON
upos,regras,CF805-8,6,que,SCONJ,PRON
upos,regras,CF805-8,8,vivo,ADJ,NOUN
upos,regras,CF806-1,4,estimulante,ADJ,NOUN
upos,regras,CF806-1,14,a,ADP,DET
upos,regras,CF806-1,15,partir,NOUN,VERB
upos,regras,CF806-2,3,o,PRON,DET
upos,regras,CF806-2,5,tenho,AUX,VERB
upos,regras,CF806-2,13,trabalho,VERB,NOUN
upos,regras,CF806-3,0,O,PRON,DET
upos,regras,CF806-3,11,estruturado,VERB,NOUN
upos,regras,CF806-4,1,dinâmica,NOUN,ADJ
upos,regras,CF806-4,5,como,ADV,ADP
upos,regras,CF807-1,0,O,PRON,DET
upos,regras,CF807-3,0,Desanima,VERB,PROPN
upos,regras,CF807-3,6,dezenas,PRON,DET
upos,regras,CF807-4,1,Que,SCONJ,PRON
upos,regras,CF807-4,5,que,SCONJ,PRON
upos,regras,CF807-4,10,para,SCONJ,ADP
upos,regras,CF807-4,16,profissional,NOUN,ADJ
upos,regras,CF808-1,3,é,VERB,AUX
upos,regras,CF808-1,6,ser,VERB,AUX
upos,regras,CF808-1,10,insolente,ADJ,NOUN
upos,regras,CF808-2,4,nobre,NOUN,PROPN
upos,regras,CF808-2,6,deifica,VERB,NOUN
upos,regras,CF808-2,8,saber,NOUN,VERB
upos,regras,CF808-2,11,mistifica,VERB,NOUN
upos,regras,CF808-2,13,dar,NOUN,VERB
upos,regras,CF808-2,23,o,PRON,DET
upos,regras,CF808-3,0,Será,VERB,AUX
upos,regras,CF808-3,1,que,SCONJ,PRON
upos,regras,CF808-3,7,humilde,ADJ,NOUN
upos,regras,CF808-3,9,passiva,ADJ,NOUN
upos,regras,CF808-3,17,para,SCONJ,ADP
upos,regras,CF808-4,17,de,SCONJ,ADP
upos,regras,CF808-5,4,cotidiano,ADJ,NOUN
upos,regras,CF808-5,16,secundário,ADJ,NOUN
upos,regras,CF808-5,17,a,ADP,DET
upos,regras,CF808-5,21,de,SCONJ,ADP
upos,regras,CF808-5,25,virada,VERB,NOUN
upos,regras,CF808-6,9,acadêmico,ADJ,NOUN
upos,regras,CF808-7,21,narcísico,ADJ,NOUN
upos,regras,CF809-1,16,por,SCONJ,ADP
upos,regras,CF809-1,17,fracassarem,VERB,NOUN
upos,regras,CF809-1,18,a,ADP,DET
upos,regras,CF809-1,23,mordido,VERB,NOUN
upos,regras,CF809-1,29,elétricos,ADJ,NOUN
upos,regras,CF809-2,1,Física,NOUN,ADJ
upos,regras,CF809-2,6,Meteorológica,ADJ,PROPN
upos,regras,CF809-2,17,de,SCONJ,ADP
upos,regras,CF809-2,23,rebolando,VERB,NOUN
upos,regras,CF810-1,9,vigiados,VERB,NOUN
upos,regras,CF810-1,10,a,ADP,DET
upos,regras,CF810-1,16,Rota,PROPN,NOUN
upos,regras,CF810-1,19,estavam,VERB,AUX
upos,regras,CF810-2,12,retirado,VERB,NOUN
upos,regras,CF810-2,14,um,NUM,DET
upos,regras,CF810-2,19,um,NUM,DET
upos,regras,CF810-3,3,achado,VERB,NOUN
upos,regras,CF810-3,11,Engenheiro,PROPN,NOUN
upos,regras,CF810-3,15,sul,ADJ,PROPN
upos,regras,CF810-4,11,Rota,PROPN,NOUN
upos,regras,CF810-4,12,invadiram,VERB,NOUN
upos,regras,CF810-7,9,mortos,VERB,NOUN
upos,regras,CF810-7,14,Cidade,PROPN,NOUN
upos,regras,CF811-1,10,tenha,VERB,AUX
upos,regras,CF811-1,14,a,PRON,DET
upos,regras,CF811-1,17,políticos,NOUN,ADJ
upos,regras,CF811-2,16,de,SCONJ,ADP
upos,regras,CF811-2,19,de,SCONJ,ADP
upos,regras,CF811-3,3,célebres,ADJ,NOUN
upos,regras,CF811-3,5,trágicos,ADJ,NOUN
upos,regras,CF811-3,7,os,PRON,DET
upos,regras,CF811-4,11,de,SCONJ,ADP
upos,regras,CF811-4,13,uma,NUM,DET
upos,regras,CF811-4,25,a,PRON,DET
upos,regras,CF811-5,14,ter,VERB,AUX
upos,regras,CF811-6,10,se,SCONJ,PRON
upos,regras,CF811-7,9,de,SCONJ,ADP
upos,regras,CF811-7,14,a,ADP,DET
upos,regras,CF811-7,18,a,ADP,DET
upos,regras,CF811-7,22,a,ADP,DET
upos,regras,CF811-8,2,se,SCONJ,PRON
upos,regras,CF811-8,6,conscientes,ADJ,NOUN
upos,regras,CF812-3,2,Sul,NOUN,PROPN
upos,regras,CF812-4,4,que,SCONJ,PRON
upos,regras,CF812-5,0,Esta,PRON,DET
upos,regras,CF812-5,8,transformadora,ADJ,NOUN
upos,regras,CF812-6,1,comporta,VERB,NOUN
upos,regras,CF812-6,6,bendito,ADJ,NOUN
upos,regras,CF812-6,29,leite,NOUN,PROPN
upos,regras,CF812-6,30,a,ADP,DET
upos,regras,CF812-6,41,para,SCONJ,ADP
upos,regras,CF813-2,8,a,ADP,DET
upos,regras,CF813-2,20,a,ADP,DET
upos,regras,CF813-3,9,a,SCONJ,DET
upos,regras,CF813-3,12,que,SCONJ,PRON
upos,regras,CF813-3,14,concentremos,VERB,NOUN
upos,regras,CF813-4,8,para,SCONJ,ADP
upos,regras,CF814-1,0,I,NUM,PROPN
upos,regras,CF814-2,0,II,NUM,PROPN
upos,regras,CF815-1,2,denunciados,NOUN,VERB
upos,regras,CF815-1,5,passiva,ADJ,NOUN
upos,regras,CF815-1,6,estão,VERB,AUX
upos,regras,CF815-1,11,aposentado,ADJ,NOUN
upos,regras,CF815-1,25,Polícia,PROPN,NOUN
upos,regras,CF815-1,26,Civil,PROPN,ADJ
upos,regras,CF815-1,36,promotora,NOUN,ADJ
upos,regras,CF815-2,8,a,ADP,DET
upos,regras,CF816-1,9,a,ADP,DET
upos,regras,CF816-2,14,para,SCONJ,ADP
upos,regras,CF816-2,15,libertá,VERB,NOUN
upos,regras,CF816-3,8,Copa,PROPN,NOUN
upos,regras,CF816-3,11,Mundo,PROPN,NOUN
upos,regras,CF816-3,22,caso,SCONJ,NOUN
upos,regras,CF817-2,3,The,DET,PROPN
upos,regras,CF817-5,3,engraçadas,ADJ,NOUN
upos,regras,CF817-5,10,conjugal,ADJ,NOUN
upos,regras,CF817-6,8,vazios,ADJ,NOUN
upos,regras,CF817-7,16,mastiga,VERB,NOUN
upos,regras,CF818-1,4,como,ADV,ADP
upos,regras,CF818-3,2,quebrou,VERB,NOUN
upos,regras,CF818-3,5,quando,SCONJ,ADV
upos,regras,CF818-3,11,cruzado,VERB,PROPN
upos,regras,CF818-4,10,trancados,ADJ,NOUN
upos,regras,CF818-5,13,torturados,VERB,NOUN
upos,regras,CF819-1,8,encarregado,ADJ,VERB
upos,regras,CF819-1,9,de,SCONJ,ADP
upos,regras,CF819-2,3,a,ADP,DET
upos,regras,CF819-2,5,que,SCONJ,PRON
upos,regras,CF819-2,11,de,SCONJ,ADP
upos,regras,CF819-2,18,gaúcho,ADJ,NOUN
upos,regras,CF820-4,2,submetida,VERB,NOUN
upos,regras,CF820-4,4,a,ADP,DET
upos,regras,CF820-4,8,hospital,NOUN,PROPN
upos,regras,CF820-4,10,São,PROPN,AUX
upos,regras,CF820-5,16,Barra,PROPN,NOUN
upos,regras,CF820-5,21,a,ADP,DET
upos,regras,CF820-6,4,feridas,ADJ,VERB
upos,regras,CF821-1,0,Niemeyer,PROPN,VERB
upos,regras,CF821-1,2,É,INTJ,AUX
upos,regras,CF821-1,4,foi,VERB,AUX
upos,regras,CF821-2,2,o,PRON,DET
upos,regras,CF822-1,2,canta,VERB,NOUN
upos,regras,CF822-2,0,Jazz,PROPN,NOUN
upos,regras,CF822-2,1,rap,PROPN,NOUN
upos,regras,CF822-4,0,Ou,ADP,CCONJ
upos,regras,CF822-4,1,melhor,NOUN,ADJ
upos,regras,CF822-4,15,de,SCONJ,ADP
upos,regras,CF822-4,18,bacana,ADJ,NOUN
upos,regras,CF822-4,20,o,PRON,DET
upos,regras,CF822-5,3,atualizador,ADJ,NOUN
upos,regras,CF822-5,8,a,SCONJ,DET
upos,regras,CF822-5,13,blues,X,NOUN
upos,regras,CF822-5,14,rap,X,NOUN
upos,regras,CF822-6,10,and,CCONJ,PROPN
upos,regras,CF822-7,3,estréia,NOUN,VERB
upos,regras,CF822-7,9,verão,NOUN,PROPN
upos,regras,CF822-7,13,pouco,DET,ADV
upos,regras,CF822-8,10,revistas,NOUN,VERB
upos,regras,CF822-8,13,importadas,VERB,NOUN
upos,regras,CF822-8,21,estimulou,VERB,NOUN
upos,regras,CF822-8,25,especializados,VERB,NOUN
upos,regras,CF823-1,7,Durante,PROPN,ADP
upos,regras,CF823-1,12,garantido,VERB,ADJ
upos,regras,CF823-2,2,encaixá,VERB,NOUN
upos,regras,CF823-2,6,Tribunal,PROPN,NOUN
upos,regras,CF823-2,7,Superior,PROPN,ADJ
upos,regras,CF823-2,10,Trabalho,PROPN,NOUN
upos,regras,CF823-2,16,Ordem,PROPN,NOUN
upos,regras,CF823-2,19,Advogados,PROPN,NOUN
upos,regras,CF823-3,7,certeiro,ADJ,NOUN
upos,regras,CF823-3,10,a,ADP,DET
upos,regras,CF823-3,14,Serviço,PROPN,NOUN
upos,regras,CF823-3,16,Apoio,PROPN,NOUN
upos,regras,CF823-3,17,a,ADP,DET
upos,regras,CF823-3,19,Pequena,PROPN,ADJ
upos,regras,CF823-3,21,Média,PROPN,NOUN
upos,regras,CF823-3,22,Empresa,PROPN,NOUN
upos,regras,CF823-3,27,a,ADP,DET
upos,regras,CF823-3,29,que,SCONJ,PRON
upos,regras,CF823-3,30,o,PRON,DET
upos,regras,CF823-3,32,a,SCONJ,DET
upos,regras,CF823-3,34,Durante,PROPN,ADP
upos,regras,CF824-1,8,Conflitos,PROPN,NOUN
upos,regras,CF824-1,11,Campo,PROPN,NOUN
upos,regras,CF824-1,13,1993,PROPN,NUM
upos,regras,CF824-1,22,Brasileira,PROPN,ADJ
upos,regras,CF824-1,24,Imprensa,PROPN,NOUN
upos,regras,CF824-1,31,Janeiro,PROPN,NOUN
upos,regras,CF824-1,37,Comissão,PROPN,NOUN
upos,regras,CF824-1,41,Terra,PROPN,NOUN
upos,regras,CF824-1,47,Igreja,NOUN,PROPN
upos,regras,CF824-2,0,Constam,VERB,PROPN
upos,regras,CF824-2,7,relacionando,VERB,NOUN
upos,regras,CF824-2,19,a,ADP,DET
upos,regras,CF825-1,2,executivo,ADJ,NOUN
upos,regras,CF825-1,7,enfatizou,VERB,NOUN
upos,regras,CF825-1,19,para,SCONJ,ADP
upos,regras,CF825-1,25,maciços,ADJ,NOUN
upos,regras,CF825-2,0,A,ADP,DET
upos,regras,CF825-2,3,sobre,SCONJ,ADP
upos,regras,CF825-2,4,se,SCONJ,PRON
upos,regras,CF825-2,12,dependeria,VERB,NOUN
upos,regras,CF825-2,20,Plano,PROPN,NOUN
upos,regras,CF825-2,36,que,SCONJ,PRON
upos,regras,CF825-2,37,o,PRON,DET
upos,regras,CF825-2,62,Plano,PROPN,NOUN
upos,regras,CF826-1,4,agrada,VERB,NOUN
upos,regras,CF826-3,2,financeiras,NOUN,ADJ
upos,regras,CF826-3,10,Conselho,PROPN,NOUN
upos,regras,CF826-4,0,Baixada,VERB,PROPN
upos,regras,CF826-4,9,flutuante,ADJ,NOUN
upos,regras,CF826-6,2,flutante,ADJ,NOUN
upos,regras,CF828-4,3,russa,ADJ,NOUN
upos,regras,CF828-4,6,para,SCONJ,ADP
upos,regras,CF828-4,10,ocidental,ADJ,PROPN
upos,regras,CF828-5,0,a,SCONJ,DET
upos,regras,CF828-5,4,para,SCONJ,ADP
upos,regras,CF828-5,12,a,ADP,DET
upos,regras,CF828-5,16,sérvios,ADJ,NOUN
upos,regras,CF828-7,0,Essa,PRON,DET
upos,regras,CF828-7,7,Internacional,PROPN,ADJ
upos,regras,CF828-7,9,Estudos,PROPN,NOUN
upos,regras,CF828-7,10,Estratégicos,PROPN,ADJ
upos,regras,CF828-7,28,Ocidente,PROPN,NOUN
upos,regras,CF828-8,9,desde,SCONJ,ADP
upos,regras,CF828-8,10,que,ADP,PRON
upos,regras,CF828-8,14,a,SCONJ,DET
upos,regras,CF828-8,19,a,ADP,DET
upos,regras,CF829-1,1,espantoso,NOUN,ADJ
upos,regras,CF829-1,2,é,VERB,AUX
upos,regras,CF829-1,3,que,SCONJ,PRON
upos,regras,CF829-1,13,mal,NOUN,ADV
upos,regras,CF829-2,4,O,PROPN,DET
upos,regras,CF829-2,7,recolheu,VERB,NOUN
upos,regras,CF829-2,16,nem,ADV,CCONJ
upos,regras,CF829-3,0,Todos,PRON,DET
upos,regras,CF829-3,2,contra,ADV,ADP
upos,regras,CF829-3,4,a,ADP,DET
upos,regras,CF829-3,11,de,SCONJ,ADP
upos,regras,CF829-3,12,que,SCONJ,PRON
upos,regras,CF829-3,13,aquele,PRON,DET
upos,regras,CF829-4,2,Dias,PROPN,NOUN
upos,regras,CF829-4,15,a,ADP,DET
upos,regras,CF829-4,19,histéricos,ADJ,NOUN
upos,regras,CF829-4,20,para,SCONJ,ADP
upos,regras,CF829-5,4,moleque,ADJ,NOUN
upos,regras,CF829-6,3,partido,VERB,NOUN
upos,regras,CF829-7,3,sic,NOUN,PROPN
upos,regras,CF829-7,7,Nazar,PROPN,VERB
upos,regras,CF829-7,12,se,SCONJ,PRON
upos,regras,CF829-7,20,o,PRON,DET
upos,regras,CF829-8,10,pedagógico,ADJ,NOUN
upos,regras,CF829-8,12,a,ADP,DET
upos,regras,CF829-8,20,em,SCONJ,ADP
upos,regras,CF829-8,21,detê,VERB,NOUN
upos,regras,CF829-8,27,juventude,NOUN,PROPN
upos,regras,CF830-1,12,o,PRON,DET
upos,regras,CF830-1,13,que,ADP,PRON
upos,regras,CF830-2,12,publicaram,VERB,NOUN
upos,regras,CF830-2,25,Médica,PROPN,ADJ
upos,regras,CF830-2,26,Norte-americana,PROPN,ADJ
upos,regras,CF831-1,4,Cruzeiro,PROPN,NOUN
upos,regras,CF831-1,26,Leão,PROPN,NOUN
upos,regras,CF831-2,3,treinando,VERB,NOUN
upos,regras,CF831-2,4,junta,ADJ,NOUN
upos,regras,CF831-2,5,há,ADP,VERB
upos,regras,CF831-2,6,pouco,DET,ADV
upos,regras,CF831-3,6,Leão,PROPN,NOUN
upos,regras,CF831-3,9,a,ADP,DET
upos,regras,CF831-3,25,promovidos,VERB,NOUN
upos,regras,CF831-4,0,Recém-promovido,VERB,ADJ
upos,regras,CF831-4,8,um,NUM,DET
upos,regras,CF831-4,14,Cruzeiro,PROPN,NOUN
upos,regras,CF831-5,6,há,ADP,VERB
upos,regras,CF831-5,14,foi,VERB,AUX
upos,regras,CF831-5,19,juniores,ADJ,PROPN
upos,regras,CF831-7,3,motivados,ADJ,NOUN
upos,regras,CF831-8,9,porque,ADV,SCONJ
upos,regras,CF831-9,10,Cruzeiro,PROPN,NOUN
upos,regras,CF832-1,0,Como,SCONJ,ADP
upos,regras,CF832-1,11,vai,VERB,AUX
upos,regras,CF832-1,16,a,ADP,DET
upos,regras,CF832-2,6,Assumpção,PROPN,NOUN
upos,regras,CF832-2,11,juntinhos,ADJ,NOUN
upos,regras,CF832-2,16,Um,PROPN,DET
upos,regras,CF832-2,17,Namorado,PROPN,NOUN
upos,regras,CF832-3,0,Amaram,VERB,PROPN
upos,regras,CF833-1,6,celebrados,VERB,NOUN
upos,regras,CF833-1,28,reflita,VERB,NOUN
upos,regras,CF833-1,61,real,NOUN,PROPN
upos,regras,CF833-1,70,real,NOUN,PROPN
upos,regras,CF833-2,4,Taxa,PROPN,NOUN
upos,regras,CF833-2,24,mobiliários,ADJ,NOUN
upos,regras,CF833-2,30,previdência,NOUN,PROPN
upos,regras,CF833-2,34,futuros,NOUN,ADJ
upos,regras,CF834-1,0,Aventure,VERB,PROPN
upos,regras,CF834-1,5,a,ADP,DET
upos,regras,CF834-5,8,andando,VERB,NOUN
upos,regras,CF834-5,12,puxado,VERB,NOUN
upos,regras,CF834-5,17,a,ADP,DET
upos,regras,CF834-5,18,a,PRON,DET
upos,regras,CF834-6,17,pratiquei,VERB,NOUN
upos,regras,CF834-6,21,caí,VERB,NOUN
upos,regras,CF834-6,24,soltei,VERB,NOUN
upos,regras,CF834-7,0,Precisei,VERB,PROPN
upos,regras,CF834-7,2,mais,DET,ADV
upos,regras,CF834-7,5,até,SCONJ,ADP
upos,regras,CF834-7,7,a,SCONJ,DET
upos,regras,CF834-8,12,para,SCONJ,ADP
upos,regras,CF834-8,20,eram,VERB,AUX
upos,regras,CF834-8,28,ter,VERB,AUX
upos,regras,CF834-9,7,meia,ADJ,NOUN
upos,regras,CF834-9,15,forma,ADV,NOUN
upos,regras,CF834-9,17,satisfazíamos,VERB,NOUN
upos,regras,CF835-1,7,Esplanada,PROPN,NOUN
upos,regras,CF835-2,2,vão,VERB,AUX
upos,regras,CF835-2,9,a,ADP,DET
upos,regras,CF835-2,12,de,SCONJ,ADP
upos,regras,CF835-3,3,a,ADP,DET
upos,regras,CF835-3,14,conheçam,VERB,NOUN
upos,regras,CF835-5,15,travessa,NOUN,PROPN
upos,regras,CF835-5,16,escondida,VERB,NOUN
upos,regras,CF835-5,21,Jardim,NOUN,PROPN
upos,regras,CF835-5,24,meca,NOUN,PROPN
upos,regras,CF835-7,7,influenciam,VERB,NOUN
upos,regras,CF835-7,10,revêem,VERB,NOUN
upos,regras,CF835-7,33,ter,VERB,AUX
upos,regras,CF835-7,35,que,SCONJ,PRON
upos,regras,CF835-7,37,a,SCONJ,DET
upos,regras,CF835-8,5,batidas,VERB,NOUN
upos,regras,CF835-8,9,gasto,NOUN,VERB
upos,regras,CF835-8,25,como,SCONJ,ADP
upos,regras,CF835-8,32,cheios,ADJ,NOUN
upos,regras,CF835-8,33,de,SCONJ,ADP
upos,regras,CF835-8,35,ser,VERB,AUX
upos,regras,CF835-10,1,são,VERB,AUX
upos,regras,CF835-11,10,é,VERB,AUX
upos,regras,CF835-12,0,Cursando,VERB,PROPN
upos,regras,CF835-12,16,está,VERB,AUX
upos,regras,CF835-12,17,para,SCONJ,ADP
upos,regras,CF835-14,22,desferido,VERB,NOUN
upos,regras,CF835-14,24,jovens,ADJ,NOUN
upos,regras,CF835-15,11,escritas,VERB,NOUN
upos,regras,CF835-15,14,plínio,NOUN,PROPN
upos,regras,CF835-15,15,liga,VERB,PROPN
upos,regras,CF835-15,23,pronto,INTJ,ADJ
upos,regras,CF835-15,26,feito,ADJ,VERB
upos,regras,CF835-15,29,imediato,ADJ,NOUN
upos,regras,CF836-1,0,Entretanto,ADV,CCONJ
upos,regras,CF836-1,9,externas,ADJ,NOUN
upos,regras,CF836-1,19,segundo,ADJ,ADP
upos,regras,CF836-1,32,Norte,ADJ,PROPN
upos,regras,CF836-2,6,viabilizaria,VERB,NOUN
upos,regras,CF836-2,12,a,ADP,DET
upos,regras,CF836-3,9,nacional,ADJ,PROPN
upos,regras,CF836-3,14,a,ADP,DET
upos,regras,CF836-4,7,colheu,VERB,NOUN
upos,regras,CF837-1,6,São,PROPN,AUX
upos,regras,CF837-3,24,São,PROPN,AUX
upos,regras,CF837-4,1,dirigia,VERB,NOUN
upos,regras,CF837-4,7,alta,ADJ,NOUN
upos,regras,CF837-4,11,avenida,PROPN,NOUN
upos,regras,CF837-4,14,Estado,PROPN,NOUN
upos,regras,CF837-4,21,central,ADJ,PROPN
upos,regras,CF838-1,11,praticaram,VERB,NOUN
upos,regras,CF838-2,3,que,SCONJ,PRON
upos,regras,CF838-2,17,média,ADJ,NOUN
upos,regras,CF839-3,15,Dia,PROPN,NOUN
upos,regras,CF839-3,18,Soldado,PROPN,NOUN
upos,regras,CF839-3,20,para,SCONJ,ADP
upos,regras,CF839-3,29,militares,NOUN,ADJ
upos,regras,CF839-4,1,Vivemos,VERB,PROPN
upos,regras,CF839-4,18,básicas,ADJ,NOUN
upos,regras,CF839-4,25,têm,AUX,VERB
upos,regras,CF839-4,26,sofrido,VERB,NOUN
upos,regras,CF839-4,41,a,ADP,DET
upos,regras,CF840-1,6,a,ADP,DET
upos,regras,CF840-4,6,ter,VERB,AUX
upos,regras,CF840-5,12,interpretadas,VERB,NOUN
upos,regras,CF840-5,15,cover,ADJ,VERB
upos,regras,CF840-5,40,Scrutinizer,PROPN,VERB
upos,regras,CF840-6,6,para,SCONJ,ADP
upos,regras,CF840-6,10,a,ADP,DET
upos,regras,CF840-7,8,o,PRON,DET
upos,regras,CF840-8,14,bizarra,ADJ,NOUN
upos,regras,CF840-8,17,conta,VERB,NOUN
upos,regras,CF840-8,23,vocalista,ADJ,NOUN
upos,regras,CF840-8,26,The,DET,PROPN
upos,regras,CF840-8,28,Scrutinizer,PROPN,VERB
upos,regras,CF841-1,23,rolados,VERB,NOUN
upos,regras,CF841-2,14,a,ADP,DET
upos,regras,CF842-1,12,empregada,VERB,NOUN
upos,regras,CF842-1,18,traveler,X,VERB
upos,regras,CF842-1,19,cheques,X,NOUN
upos,regras,CF842-2,8,coincidindo,VERB,NOUN
upos,regras,CF843-1,3,a,SCONJ,DET
upos,regras,CF843-1,5,investigado,VERB,NOUN
upos,regras,CF843-1,9,foram,VERB,AUX
upos,regras,CF843-1,10,a,ADP,DET
upos,regras,CF843-1,17,que,SCONJ,PRON
upos,regras,CF843-1,20,suava,VERB,NOUN
upos,regras,CF843-1,25,arrepiada,VERB,NOUN
upos,regras,CF843-2,3,alertada,VERB,NOUN
upos,regras,CF844-1,11,uma,NUM,DET
upos,regras,CF844-1,19,Internacional,PROPN,ADJ
upos,regras,CF844-1,21,Cinema,PROPN,NOUN
upos,regras,CF844-1,27,competitiva,ADJ,NOUN
upos,regras,CF844-1,31,Almodóvar,PROPN,VERB
upos,regras,CF844-1,37,convidados,NOUN,VERB
upos,regras,CF844-1,44,Cinema,PROPN,NOUN
upos,regras,CF844-1,48,mais,PRON,ADV
upos,regras,CF844-1,49,que,SCONJ,PRON
upos,regras,CF844-1,66,a,ADP,DET
upos,regras,CF844-1,80,presente,VERB,ADJ
upos,regras,CF844-2,5,ouvidos,NOUN,VERB
upos,regras,CF844-3,1,9º,ADJ,NUM
upos,regras,CF844-3,2,Free,PROPN,ADJ
upos,regras,CF844-3,3,Jazz,PROPN,NOUN
upos,regras,CF844-3,4,Festival,PROPN,NOUN
upos,regras,CF844-3,5,ampliou,VERB,NOUN
upos,regras,CF844-3,9,programou,VERB,NOUN
upos,regras,CF844-3,10,uma,NUM,DET
upos,regras,CF844-3,12,trepidante,ADJ,NOUN
upos,regras,CF844-3,19,godfather,X,VERB
upos,regras,CF844-3,20,of,X,PROPN
upos,regras,CF844-3,21,soul,X,NOUN
upos,regras,CF844-3,32,Guru,NOUN,PROPN
upos,regras,CF844-4,6,De,PROPN,ADP
upos,regras,CF844-4,7,La,PROPN,PRON
upos,regras,CF844-4,13,promissora,ADJ,NOUN
upos,regras,CF845-1,1,Como,SCONJ,ADP
upos,regras,CF845-1,11,acertamos,VERB,NOUN
upos,regras,CF845-1,12,que,SCONJ,PRON
upos,regras,CF845-2,2,o,PRON,DET
upos,regras,CF845-3,5,Brasileira,PROPN,ADJ
upos,regras,CF845-3,8,Indústria,PROPN,NOUN
upos,regras,CF845-3,10,Máquinas,PROPN,NOUN
upos,regras,CF845-4,12,a,ADP,DET
upos,regras,CF845-4,25,plano,ADJ,NOUN
upos,regras,CF846-1,0,Foi,SCONJ,AUX
upos,regras,CF846-1,1,a,ADP,DET
upos,regras,CF846-1,5,um,NUM,DET
upos,regras,CF846-1,10,que,SCONJ,PRON
upos,regras,CF846-2,4,ótimo,NOUN,ADJ
upos,regras,CF846-2,6,bom,NOUN,ADJ
upos,regras,CF846-2,11,ruim,NOUN,ADJ
upos,regras,CF846-2,13,péssimo,NOUN,ADJ
upos,regras,CF846-4,8,coincidiu,VERB,NOUN
upos,regras,CF846-4,18,a,ADP,DET
upos,regras,CF846-4,22,investia,VERB,NOUN
upos,regras,CF846-4,34,rio,NOUN,PROPN
upos,regras,CF847-1,1,gelado,VERB,NOUN
upos,regras,CF847-2,4,nacional,ADJ,PROPN
upos,regras,CF847-2,8,geladas,VERB,NOUN
upos,regras,CF847-2,10,investindo,VERB,NOUN
upos,regras,CF847-3,4,faturou,VERB,NOUN
upos,regras,CF848-1,5,entanto,ADV,NOUN
upos,regras,CF848-1,8,reflete,VERB,NOUN
upos,regras,CF848-1,9,o,PRON,DET
upos,regras,CF848-2,7,captam,VERB,NOUN
upos,regras,CF848-3,10,a,ADP,DET
upos,regras,CF848-3,13,anteriores,NOUN,ADJ
upos,regras,CF848-4,0,A,ADP,DET
upos,regras,CF848-4,1,partir,NOUN,VERB
upos,regras,CF848-6,9,a,ADP,DET
upos,regras,CF848-6,11,Consumidor,PROPN,NOUN
upos,regras,CF849-2,11,para,SCONJ,ADP
upos,regras,CF849-3,4,satisfeito,ADJ,NOUN
upos,regras,CF849-3,12,URV,PROPN,NOUN
upos,regras,CF849-3,16,mista,ADJ,VERB
upos,regras,CF849-3,21,examinou,VERB,NOUN
upos,regras,CF851-1,5,a,ADP,DET
upos,regras,CF851-1,15,conta,VERB,NOUN
upos,regras,CF851-2,3,a,ADP,DET
upos,regras,CF851-2,12,Body,X,NOUN
upos,regras,CF851-2,13,for,X,AUX
upos,regras,CF851-2,14,Sure,X,PROPN
upos,regras,CF852-2,14,observando,VERB,NOUN
upos,regras,CF852-2,16,bastante,DET,ADV
upos,regras,CF852-2,18,que,SCONJ,PRON
upos,regras,CF852-2,27,esvaindo,VERB,NOUN
upos,regras,CF852-3,2,a,SCONJ,DET
upos,regras,CF852-3,3,ter,VERB,AUX
upos,regras,CF852-3,13,estas,PRON,DET
upos,regras,CF852-3,17,Rodeio,NOUN,PROPN
upos,regras,CF852-3,20,confundi,VERB,NOUN
upos,regras,CF852-3,22,caseira,ADJ,NOUN
upos,regras,CF852-3,25,kebab,X,NOUN
upos,regras,CF852-4,0,Chocante,ADJ,PROPN
upos,regras,CF852-5,0,Constrangedor,ADJ,PROPN
upos,regras,CF852-6,2,deparei,VERB,NOUN
upos,regras,CF852-6,8,que,SCONJ,PRON
upos,regras,CF852-6,16,aguçado,ADJ,NOUN
upos,regras,CF852-6,18,o,PRON,DET
upos,regras,CF852-6,19,que,SCONJ,PRON
upos,regras,CF852-6,20,outras,PRON,DET
upos,regras,CF852-7,15,apurado,ADJ,NOUN
upos,regras,CF852-7,17,o,PRON,DET
upos,regras,CF852-7,18,que,SCONJ,PRON
upos,regras,CF852-7,22,pare,VERB,NOUN
upos,regras,CF852-7,23,de,SCONJ,ADP
upos,regras,CF852-8,1,que,SCONJ,PRON
upos,regras,CF852-8,6,aquela,PRON,DET
upos,regras,CF852-8,24,seja,VERB,AUX
upos,regras,CF852-8,32,gustativas,ADJ,NOUN
upos,regras,CF852-8,37,normal,NOUN,ADJ
upos,regras,CF853-1,1,Adventure,X,PROPN
upos,regras,CF853-1,2,in,X,PROPN
upos,regras,CF853-1,3,Castle,X,PROPN
upos,regras,CF853-1,8,para,SCONJ,ADP
upos,regras,CF853-2,1,inglês,NOUN,ADJ
upos,regras,CF853-2,14,divisão,NOUN,PROPN
upos,regras,CF853-4,2,253-1588,NUM,NOUN
upos,regras,CF853-5,1,Journey,X,PROPN
upos,regras,CF853-5,2,in,X,PROPN
upos,regras,CF853-5,3,the,X,PROPN
upos,regras,CF853-5,4,Universe,X,PROPN
upos,regras,CF853-5,10,inglês,NOUN,ADJ
upos,regras,CF853-8,1,MacMillan,X,PROPN
upos,regras,CF853-8,2,Dictionary,X,PROPN
upos,regras,CF853-8,3,for,X,AUX
upos,regras,CF853-8,4,Children,X,PROPN
upos,regras,CF853-8,10,inglês,NOUN,ADJ
upos,regras,CF853-9,0,Conta,VERB,NOUN
upos,regras,CF853-10,10,959-2650,NUM,NOUN
upos,regras,CF854-1,7,que,SCONJ,PRON
upos,regras,CF854-1,14,Congresso,PROPN,NOUN
upos,regras,CF854-1,15,reflete,VERB,NOUN
upos,regras,CF854-1,22,vivendo,VERB,NOUN
upos,regras,CF854-1,32,real,NOUN,PROPN
upos,regras,CF854-2,12,que,SCONJ,PRON
upos,regras,CF854-3,2,que,SCONJ,PRON
upos,regras,CF854-3,13,típicas,ADJ,NOUN
upos,regras,CF854-3,17,conjuntural,ADJ,NOUN
upos,regras,CF855-1,13,a,SCONJ,DET
upos,regras,CF855-2,17,que,SCONJ,PRON
upos,regras,CF855-3,2,que,SCONJ,PRON
upos,regras,CF855-3,7,que,SCONJ,PRON
upos,regras,CF856-1,6,errado,ADV,VERB
upos,regras,CF856-2,4,perdemos,VERB,NOUN
upos,regras,CF856-3,3,a,SCONJ,DET
upos,regras,CF856-4,4,amo,VERB,NOUN
upos,regras,CF856-4,8,querido,NOUN,ADJ
upos,regras,CF856-6,3,a,SCONJ,DET
upos,regras,CF857-1,8,real,NOUN,PROPN
upos,regras,CF857-3,6,Conselho,PROPN,NOUN
upos,regras,CF857-3,7,Regional,PROPN,ADJ
upos,regras,CF857-3,9,Economia,PROPN,NOUN
upos,regras,CF857-3,16,Janeiro,PROPN,NOUN
upos,regras,CF857-3,22,projetando,VERB,NOUN
upos,regras,CF857-3,31,real,NOUN,PROPN
upos,regras,CF857-5,3,Sistema,PROPN,NOUN
upos,regras,CF857-5,5,Projeções,PROPN,NOUN
upos,regras,CF857-6,14,real,NOUN,PROPN
upos,regras,CF857-6,17,puxada,VERB,NOUN
upos,regras,CF857-7,16,impulsionada,VERB,NOUN
upos,regras,CF858-2,4,Amato,PROPN,NOUN
upos,regras,CF858-2,13,todos,PRON,DET
upos,regras,CF858-2,14,ouvem,VERB,NOUN
upos,regras,CF858-2,19,de,SCONJ,ADP
upos,regras,CF858-3,6,atlética,PROPN,NOUN
upos,regras,CF858-3,8,Amato,PROPN,NOUN
upos,regras,CF858-3,25,para,SCONJ,ADP
upos,regras,CF859-2,0,Para,SCONJ,ADP
upos,regras,CF859-2,6,a,ADP,DET
upos,regras,CF859-2,8,TVs,NOUN,PROPN
upos,regras,CF859-2,11,para,SCONJ,ADP
upos,regras,CF859-2,13,a,ADP,DET
upos,regras,CF859-2,16,o,PRON,DET
upos,regras,CF859-4,1,ocorrendo,VERB,NOUN
upos,regras,CF859-5,0,Se,SCONJ,PRON
upos,regras,CF859-5,8,apropriados,ADJ,NOUN
upos,regras,CF859-6,7,básicas,ADJ,NOUN
upos,regras,CF859-6,9,para,SCONJ,ADP
upos,regras,CF860-1,1,derrota,VERB,NOUN
upos,regras,CF860-1,7,um,NUM,DET
upos,regras,CF860-4,15,a,ADP,DET
upos,regras,CF860-4,24,empolgante,ADJ,NOUN
upos,regras,CF860-4,32,Campeonato,PROPN,NOUN
upos,regras,CF860-4,33,Italiano,PROPN,ADJ
upos,regras,CF860-4,35,1994/95,NUM,NOUN
upos,regras,CF860-5,0,Animado,VERB,PROPN
upos,regras,CF860-5,8,tcheco,ADJ,NOUN
upos,regras,CF860-5,22,croata,ADJ,NOUN
upos,regras,CF860-5,26,cuja,PRON,DET
upos,regras,CF860-5,28,a,ADP,DET
upos,regras,CF860-5,32,prevista,ADJ,VERB
upos,regras,CF861-1,3,futuro,ADJ,NOUN
upos,regras,CF861-1,18,projetando,VERB,NOUN
upos,regras,CF861-1,23,a,ADP,DET
upos,regras,CF861-2,3,futuro,ADJ,NOUN
upos,regras,CF862-2,9,cordial,ADJ,NOUN
upos,regras,CF862-6,3,times,NOUN,PROPN
upos,regras,CF862-6,10,assimilados,VERB,NOUN
upos,regras,CF862-6,14,a,ADP,DET
upos,regras,CF862-6,22,a,SCONJ,DET
upos,regras,CF862-6,26,abertos,ADJ,VERB
upos,regras,CF862-6,27,a,ADP,DET
upos,regras,CF862-7,3,notaram,VERB,NOUN
upos,regras,CF862-7,4,que,SCONJ,PRON
upos,regras,CF862-7,10,prejudicada,ADJ,NOUN
upos,regras,CF862-7,14,comete,VERB,NOUN
upos,regras,CF862-7,18,público,NOUN,PROPN
upos,regras,CF862-7,25,subordinado,NOUN,VERB
upos,regras,CF862-7,33,pessoal,ADJ,NOUN
upos,regras,CF862-7,35,Reiter,PROPN,VERB
upos,regras,CF862-8,8,um,NUM,DET
upos,regras,CF862-8,19,completa,VERB,ADJ
upos,regras,CF862-9,10,a,SCONJ,DET
upos,regras,CF862-10,13,um,PRON,DET
upos,regras,CF863-1,3,enfrentaram,VERB,NOUN
upos,regras,CF863-1,9,dramática,ADJ,NOUN
upos,regras,CF863-1,13,sem,SCONJ,ADP
upos,regras,CF863-1,16,a,ADP,DET
upos,regras,CF863-2,18,clássica,ADJ,PROPN
upos,regras,CF863-2,23,modernista,ADJ,NOUN
upos,regras,CF863-2,25,planificada,ADJ,NOUN
upos,regras,CF863-2,29,sugerida,VERB,NOUN
upos,regras,CF863-2,33,semilivres,ADJ,NOUN
upos,regras,CF863-2,34,a,ADP,DET
upos,regras,CF863-2,40,como,ADV,ADP
upos,regras,CF863-3,2,o,PRON,DET
upos,regras,CF863-3,4,a,ADP,DET
upos,regras,CF863-4,10,melhor,ADV,ADJ
upos,regras,CF863-5,4,a,ADP,DET
upos,regras,CF863-5,17,22ª,ADJ,NUM
upos,regras,CF863-5,18,Bienal,PROPN,NOUN
upos,regras,CF863-5,20,a,ADP,DET
upos,regras,CF863-6,5,instrutiva,ADJ,NOUN
upos,regras,CF863-6,10,a,ADP,DET
upos,regras,CF863-6,12,que,SCONJ,PRON
upos,regras,CF863-6,16,afinal,SCONJ,ADV
upos,regras,CF863-6,18,como,ADV,ADP
upos,regras,CF863-6,23,ser,NOUN,AUX
upos,regras,CF863-7,0,Habite,VERB,PROPN
upos,regras,CF864-1,10,final,ADJ,NOUN
upos,regras,CF864-1,15,que,SCONJ,PRON
upos,regras,CF864-2,10,ter,VERB,AUX
upos,regras,CF864-2,14,comprobatórios,ADJ,NOUN
upos,regras,CF864-2,15,encaminhados,VERB,NOUN
upos,regras,CF864-2,16,a,ADP,DET
upos,regras,CF865-1,4,avaliou,VERB,NOUN
upos,regras,CF865-2,1,tem,AUX,VERB
upos,regras,CF865-3,13,vamos,VERB,AUX
upos,regras,CF865-4,0,A,ADP,DET
upos,regras,CF865-4,11,Estados,NOUN,PROPN
upos,regras,CF865-4,16,coordenação,NOUN,PROPN
upos,regras,CF865-4,19,pertenceram,VERB,NOUN
upos,regras,CF865-4,20,a,ADP,DET
upos,regras,CF865-4,25,a,SCONJ,DET
upos,regras,CF866-2,2,total,NOUN,ADJ
upos,regras,CF866-3,2,convidados,NOUN,VERB
upos,regras,CF866-3,3,estão,VERB,AUX
upos,regras,CF867-1,5,reclamam,VERB,NOUN
upos,regras,CF867-1,6,que,SCONJ,PRON
upos,regras,CF867-1,9,adiando,VERB,NOUN
upos,regras,CF867-2,7,para,SCONJ,ADP
upos,regras,CF867-2,9,que,SCONJ,PRON
upos,regras,CF868-1,2,gigantesca,ADJ,NOUN
upos,regras,CF868-1,14,uma,NUM,DET
upos,regras,CF868-2,14,mineral,ADJ,NOUN
upos,regras,CF868-2,22,claro,ADV,ADJ
upos,regras,CF870-1,6,body,X,NOUN
upos,regras,CF870-1,7,art,X,PROPN
upos,regras,CF870-1,14,retomadas,VERB,NOUN
upos,regras,CF870-1,26,submetidos,VERB,NOUN
upos,regras,CF870-1,27,a,ADP,DET
upos,regras,CF870-1,36,trágico,ADJ,NOUN
upos,regras,CF870-2,1,Aids,PROPN,NOUN
upos,regras,CF870-3,2,vídeo,NOUN,PROPN
upos,regras,CF870-3,14,direto,ADJ,NOUN
upos,regras,CF870-4,1,vídeo,NOUN,PROPN
upos,regras,CF870-4,7,para,SCONJ,ADP
upos,regras,CF870-4,22,ocidental,ADJ,PROPN
upos,regras,CF870-5,2,Idade,PROPN,NOUN
upos,regras,CF870-5,3,Média,PROPN,NOUN
upos,regras,CF870-6,3,negligenciado,VERB,NOUN
upos,regras,CF870-6,8,a,ADP,DET
upos,regras,CF871-2,3,que,SCONJ,PRON
upos,regras,CF871-2,13,Triunfo,PROPN,NOUN
upos,regras,CF871-3,1,comprova,VERB,NOUN
upos,regras,CF871-3,2,que,SCONJ,PRON
upos,regras,CF871-3,9,para,SCONJ,ADP
upos,regras,CF871-3,29,Triunfo,PROPN,NOUN
upos,regras,CF871-5,8,que,SCONJ,PRON
upos,regras,CF871-6,15,a,ADP,DET
upos,regras,CF872-1,14,Seguros,PROPN,NOUN
upos,regras,CF872-1,15,Privados,PROPN,ADJ
upos,regras,CF872-1,20,federal,ADJ,PROPN
upos,regras,CF872-1,21,subordinanda,VERB,NOUN
upos,regras,CF872-1,22,a,ADP,DET
upos,regras,CF872-1,27,Fazenda,PROPN,NOUN
upos,regras,CF872-2,1,Compramos,VERB,PROPN
upos,regras,CF872-2,4,para,SCONJ,ADP
upos,regras,CF872-2,7,levei,VERB,NOUN
upos,regras,CF872-2,12,enxerguei,VERB,NOUN
upos,regras,CF872-2,27,Fiscalização,PROPN,NOUN
upos,regras,CF873-1,8,pilotam,VERB,NOUN
upos,regras,CF873-2,5,Fundo,PROPN,NOUN
upos,regras,CF873-2,6,Social,PROPN,ADJ
upos,regras,CF873-2,8,Solidariedade,PROPN,NOUN
upos,regras,CF873-2,17,Melhor,PROPN,ADJ
upos,regras,CF873-2,18,Opção,PROPN,NOUN
upos,regras,CF873-2,20,Investimento,PROPN,NOUN
upos,regras,CF873-2,24,Teatro,PROPN,NOUN
upos,regras,CF874-1,20,a,ADP,DET
upos,regras,CF874-1,27,de,SCONJ,ADP
upos,regras,CF874-1,28,que,SCONJ,PRON
upos,regras,CF874-1,31,tivesse,AUX,VERB
upos,regras,CF874-2,2,detalhados,ADJ,NOUN
upos,regras,CF874-2,15,revelados,VERB,NOUN
upos,regras,CF874-3,3,que,SCONJ,PRON
upos,regras,CF874-3,6,puxada,VERB,NOUN
upos,regras,CF874-3,16,segundo,ADJ,ADP
upos,regras,CF874-4,1,federação,NOUN,PROPN
upos,regras,CF874-4,12,que,SCONJ,PRON
upos,regras,CF874-4,14,filiados,NOUN,VERB
upos,regras,CF874-4,22,a,ADP,DET
upos,regras,CF875-2,1,preciso,VERB,ADJ
upos,regras,CF875-2,11,paranaense,ADJ,NOUN
upos,regras,CP752-1,4,de,SCONJ,ADP
upos,regras,CP752-2,6,de,SCONJ,ADP
upos,regras,CP752-2,20,de,SCONJ,ADP
upos,regras,CP752-3,7,contêm,VERB,NOUN
upos,regras,CP752-3,13,acedido,VERB,NOUN
upos,regras,CP752-3,24,o,PRON,DET
upos,regras,CP752-3,29,servidores,ADJ,NOUN
upos,regras,CP752-3,31,anónimos,ADJ,NOUN
upos,regras,CP752-4,0,Gopher,PROPN,VERB
upos,regras,CP752-5,4,para,SCONJ,ADP
upos,regras,CP752-6,0,Gopher,PROPN,VERB
upos,regras,CP752-6,8,servidor,ADJ,NOUN
upos,regras,CP752-6,11,o,PRON,DET
upos,regras,CP752-6,13,requere,VERB,NOUN
upos,regras,CP752-6,14,que,SCONJ,PRON
upos,regras,CP752-6,24,Gopher,PROPN,VERB
upos,regras,CP752-7,1,Gopher,PROPN,VERB
upos,regras,CP752-7,2,difundiram,VERB,NOUN
upos,regras,CP752-7,16,estão,VERB,AUX
upos,regras,CP752-7,17,a,SCONJ,DET
upos,regras,CP752-7,19,suplantados,VERB,NOUN
upos,regras,CP752-8,0,Contudo,ADV,CCONJ
upos,regras,CP752-8,7,Gopher,PROPN,VERB
upos,regras,CP752-8,16,mais,DET,ADV
upos,regras,CP752-9,0,Hipertexto,NOUN,PROPN
upos,regras,CP753-1,0,A,ADP,DET
upos,regras,CP753-1,7,evangélicas,ADJ,NOUN
upos,regras,CP753-1,13,dízimo,ADJ,NOUN
upos,regras,CP753-1,16,Universal,PROPN,ADJ
upos,regras,CP753-1,21,o,PRON,DET
upos,regras,CP753-1,28,bíblica,ADJ,NOUN
upos,regras,CP753-2,3,código,NOUN,PROPN
upos,regras,CP753-2,4,católico,ADJ,NOUN
upos,regras,CP753-2,6,Direito,PROPN,NOUN
upos,regras,CP753-2,9,que,SCONJ,PRON
upos,regras,CP753-2,12,igreja,NOUN,PROPN
upos,regras,CP753-2,23,de,SCONJ,ADP
upos,regras,CP753-2,25,a,ADP,DET
upos,regras,CP753-2,29,necessário,NOUN,ADJ
upos,regras,CP753-2,33,divino,ADJ,NOUN
upos,regras,CP753-2,37,honesta,ADJ,NOUN
upos,regras,CP753-2,44,para,SCONJ,ADP
upos,regras,CP753-3,0,É,ADV,AUX
upos,regras,CP753-3,1,o,PRON,DET
upos,regras,CP753-3,2,que,SCONJ,PRON
upos,regras,CP753-5,20,igreja,NOUN,PROPN
upos,regras,CP754-1,1,Vida,PROPN,NOUN
upos,regras,CP754-1,2,Moderna,PROPN,ADJ
upos,regras,CP754-1,5,Graça,PROPN,NOUN
upos,regras,CP754-1,6,Dias,PROPN,NOUN
upos,regras,CP754-2,0,Olhar,VERB,NOUN
upos,regras,CP754-2,5,corrente,NOUN,ADJ
upos,regras,CP754-3,0,Se,SCONJ,PRON
upos,regras,CP754-3,2,escrita,NOUN,VERB
upos,regras,CP754-3,6,abunda,VERB,NOUN
upos,regras,CP754-3,13,Graça,PROPN,NOUN
upos,regras,CP754-3,14,Dias,PROPN,NOUN
upos,regras,CP754-3,15,tem,AUX,VERB
upos,regras,CP754-3,20,para,SCONJ,ADP
upos,regras,CP754-4,5,descritivas,ADJ,NOUN
upos,regras,CP754-4,29,a,ADP,DET
upos,regras,CP754-4,37,como,ADV,ADP
upos,regras,CP754-5,8,excessivas,ADJ,NOUN
upos,regras,CP754-5,10,técnicas,ADJ,NOUN
upos,regras,CP754-5,11,inibidoras,ADJ,NOUN
upos,regras,CP754-5,26,ajuda,VERB,NOUN
upos,regras,CP754-5,27,a,SCONJ,DET
upos,regras,CP755-2,1,menos,NOUN,ADV
upos,regras,CP755-2,5,estão,VERB,AUX
upos,regras,CP755-2,6,a,SCONJ,DET
upos,regras,CP755-2,10,Campeonato,PROPN,NOUN
upos,regras,CP755-2,11,Europeu,PROPN,ADJ
upos,regras,CP755-2,15,a,SCONJ,DET
upos,regras,CP755-3,5,terceiro,NOUN,ADJ
upos,regras,CP755-3,17,está,VERB,AUX
upos,regras,CP755-3,18,a,SCONJ,DET
upos,regras,CP755-3,22,atmosféricas,ADJ,NOUN
upos,regras,CP755-3,30,on-shore,ADJ,NOUN
upos,regras,CP755-4,1,bodyboard,NOUN,PROPN
upos,regras,CP755-4,8,classificaram,VERB,NOUN
upos,regras,CP755-6,3,laborais,ADJ,NOUN
upos,regras,CP755-7,5,a,ADP,DET
upos,regras,CP755-7,14,Norte-Americana,PROPN,ADJ
upos,regras,CP755-7,17,profissional,PROPN,ADJ
upos,regras,CP755-8,4,aqueles,PRON,DET
upos,regras,CP755-8,6,temiam,VERB,NOUN
upos,regras,CP755-8,7,que,SCONJ,PRON
upos,regras,CP755-8,8,sucedesse,VERB,NOUN
upos,regras,CP755-8,11,basquetebol,NOUN,PROPN
upos,regras,CP755-8,12,o,PRON,DET
upos,regras,CP755-9,0,Sendo,VERB,AUX
upos,regras,CP755-9,6,que,SCONJ,PRON
upos,regras,CP755-9,12,colectivo,ADJ,NOUN
upos,regras,CP755-9,19,arrastam,VERB,NOUN
upos,regras,CP755-9,24,previsto,ADJ,VERB
upos,regras,CP755-9,30,que,SCONJ,PRON
upos,regras,CP755-9,35,como,SCONJ,ADP
upos,regras,CP755-9,36,planeado,VERB,NOUN
upos,regras,CP755-9,38,a,ADP,DET
upos,regras,CP755-9,44,seja,VERB,AUX
upos,regras,CP756-1,4,foyer,NOUN,VERB
upos,regras,CP756-1,10,logo,NOUN,ADV
upos,regras,CP756-1,12,que,SCONJ,PRON
upos,regras,CP756-1,15,Serviço,PROPN,NOUN
upos,regras,CP756-1,17,Música,PROPN,NOUN
upos,regras,CP756-1,31,que,SCONJ,PRON
upos,regras,CP756-1,34,a,ADP,DET
upos,regras,CP756-1,36,público,NOUN,PROPN
upos,regras,CP756-2,8,propunha,VERB,NOUN
upos,regras,CP756-2,16,intersectado,VERB,NOUN
upos,regras,CP756-2,24,passado,NOUN,ADJ
upos,regras,CP756-3,0,A,SCONJ,DET
upos,regras,CP756-3,8,La,PROPN,PRON
upos,regras,CP756-3,9,lugubre,PROPN,NOUN
upos,regras,CP756-3,13,Eismeer,PROPN,VERB
upos,regras,CP756-3,18,Nono,PROPN,ADJ
upos,regras,CP756-3,20,No,PROPN,PRON
upos,regras,CP756-3,21,hay,PROPN,NOUN
upos,regras,CP756-3,22,caminos,PROPN,NOUN
upos,regras,CP756-3,24,hay,PROPN,NOUN
upos,regras,CP756-3,25,que,PROPN,PRON
upos,regras,CP756-3,26,caminar,PROPN,VERB
upos,regras,CP756-3,42,cori,PROPN,NOUN
upos,regras,CP756-4,4,Nono,PROPN,ADJ
upos,regras,CP756-4,8,ultrapassa,VERB,NOUN
upos,regras,CP756-4,23,a,ADP,DET
upos,regras,CP756-4,33,inerentes,ADJ,NOUN
upos,regras,CP756-4,34,a,ADP,DET
upos,regras,CP756-5,6,a,ADP,DET
upos,regras,CP756-5,16,Grande,PROPN,ADJ
upos,regras,CP756-5,17,Auditório,PROPN,NOUN
upos,regras,CP756-5,20,a,ADP,DET
upos,regras,CP756-5,24,o,PRON,DET
upos,regras,CP756-5,34,renascentista,ADJ,NOUN
upos,regras,CP756-5,37,Catedral,PROPN,NOUN
upos,regras,CP756-5,39,São,PROPN,AUX
upos,regras,CP756-5,40,Marcos,PROPN,NOUN
upos,regras,CP756-5,62,tímbrica,ADJ,NOUN
upos,regras,CP756-5,63,diferenciada,VERB,NOUN
upos,regras,CP757-1,15,mortos,VERB,NOUN
upos,regras,CP757-1,23,feridos,VERB,NOUN
upos,regras,CP757-1,27,libertados,VERB,NOUN
upos,regras,CP757-1,30,Exército,PROPN,NOUN
upos,regras,CP757-1,39,a,ADP,DET
upos,regras,CP757-1,45,sul,NOUN,PROPN
upos,regras,CP757-2,0,Quatrocentos,NUM,PROPN
upos,regras,CP757-3,3,Exército,PROPN,NOUN
upos,regras,CP757-3,14,mortos,ADJ,NOUN
upos,regras,CP757-3,17,feridos,VERB,NOUN
upos,regras,CP757-5,3,que,SCONJ,PRON
upos,regras,CP757-5,10,mortos,ADJ,NOUN
upos,regras,CP757-5,13,a,ADP,DET
upos,regras,CP757-5,19,prova,VERB,NOUN
upos,regras,CP757-5,20,que,SCONJ,PRON
upos,regras,CP757-5,22,Exército,PROPN,NOUN
upos,regras,CP757-5,24,dispara,VERB,NOUN
upos,regras,CP757-5,28,excepcionais,ADJ,NOUN
upos,regras,CP757-5,31,a,ADP,DET
upos,regras,CP758-1,4,é,SCONJ,AUX
upos,regras,CP758-2,31,informáticas,ADJ,NOUN
upos,regras,CP758-5,2,óbvia,ADJ,NOUN
upos,regras,CP758-5,26,colará,VERB,NOUN
upos,regras,CP758-5,28,a,ADP,DET
upos,regras,CP758-5,35,Plataforma,PROPN,NOUN
upos,regras,CP758-5,37,Esquerda,PROPN,NOUN
upos,regras,CP758-5,41,a,ADP,DET
upos,regras,CP758-5,46,Câmara,PROPN,NOUN
upos,regras,CP759-1,3,pressiona,VERB,NOUN
upos,regras,CP759-2,3,elevados,NOUN,VERB
upos,regras,CP759-2,4,montantes,ADJ,NOUN
upos,regras,CP759-2,10,tem,AUX,VERB
upos,regras,CP759-2,12,a,SCONJ,DET
upos,regras,CP759-2,17,a,ADP,DET
upos,regras,CP759-2,38,monetário,ADJ,PROPN
upos,regras,CP759-2,41,a,SCONJ,DET
upos,regras,CP759-2,45,pressionada,VERB,NOUN
upos,regras,CP759-2,62,a,SCONJ,DET
upos,regras,CP759-2,65,a,ADP,DET
upos,regras,CP760-1,1,racial,ADJ,NOUN
upos,regras,CP760-1,4,sul,NOUN,PROPN
upos,regras,CP760-2,1,excluídos,NOUN,VERB
upos,regras,CP760-4,4,Sul,NOUN,PROPN
upos,regras,CP760-5,2,frequentadas,VERB,NOUN
upos,regras,CP760-5,7,estão,VERB,AUX
upos,regras,CP760-5,8,a,SCONJ,DET
upos,regras,CP760-5,10,incendiadas,VERB,NOUN
upos,regras,CP760-5,18,que,SCONJ,PRON
upos,regras,CP760-5,24,os,PRON,DET
upos,regras,CP760-5,26,sonham,VERB,NOUN
upos,regras,CP760-5,34,branca,ADJ,PROPN
upos,regras,CP761-1,2,o,PRON,DET
upos,regras,CP761-1,9,Aliança,PROPN,NOUN
upos,regras,CP761-1,11,ilustram,VERB,NOUN
upos,regras,CP761-1,22,ter,VERB,AUX
upos,regras,CP761-1,26,adiantadas,VERB,NOUN
upos,regras,CP761-2,12,para,SCONJ,ADP
upos,regras,CP761-2,20,estimados,VERB,NOUN
upos,regras,CP761-2,32,a,ADP,DET
upos,regras,CP761-2,43,que,SCONJ,PRON
upos,regras,CP761-2,49,segundo,ADJ,ADP
upos,regras,CP761-2,52,real,ADJ,PROPN
upos,regras,CP761-2,59,todo,NOUN,DET
upos,regras,CP761-2,77,hoteleira,ADJ,NOUN
upos,regras,CP762-1,3,esse,PRON,DET
upos,regras,CP762-1,4,terá,AUX,VERB
upos,regras,CP762-1,15,Tanger,PROPN,VERB
upos,regras,CP762-1,17,que,SCONJ,PRON
upos,regras,CP762-1,26,a,ADP,DET
upos,regras,CP762-2,18,todo,ADV,DET
upos,regras,CP762-2,20,que,SCONJ,PRON
upos,regras,CP762-2,25,de,SCONJ,ADP
upos,regras,CP762-2,27,para,SCONJ,ADP
upos,regras,CP762-3,7,se,SCONJ,PRON
upos,regras,CP762-3,22,uma,NUM,DET
upos,regras,CP762-3,25,mortos,VERB,NOUN
upos,regras,CP762-4,17,para,SCONJ,ADP
upos,regras,CP762-4,20,o,PRON,DET
upos,regras,CP762-5,7,que,SCONJ,PRON
upos,regras,CP762-5,10,Boas,PROPN,ADJ
upos,regras,CP762-5,13,por,SCONJ,ADP
upos,regras,CP762-5,18,inviabilizando,VERB,NOUN
upos,regras,CP763-1,1,Barker,PROPN,VERB
upos,regras,CP763-1,4,arborígene,ADJ,NOUN
upos,regras,CP763-1,15,viva,ADJ,PROPN
upos,regras,CP763-1,19,conserve,VERB,NOUN
upos,regras,CP763-1,21,herança,NOUN,PROPN
upos,regras,CP763-1,27,com,SCONJ,ADP
upos,regras,CP763-1,30,postos,VERB,NOUN
upos,regras,CP763-2,3,que,SCONJ,PRON
upos,regras,CP763-2,10,vivos,ADJ,PROPN
upos,regras,CP763-2,13,a,ADP,DET
upos,regras,CP763-2,22,dispararam,VERB,NOUN
upos,regras,CP763-2,24,sobre,SCONJ,ADP
upos,regras,CP763-3,7,arborígene,ADJ,NOUN
upos,regras,CP763-3,18,a,SCONJ,DET
upos,regras,CP763-3,33,arborígenes,ADJ,NOUN
upos,regras,CP763-3,35,para,SCONJ,ADP
upos,regras,CP763-3,44,ornam,VERB,NOUN
upos,regras,CP763-3,47,australianos,ADJ,NOUN
upos,regras,CP763-3,56,brancos,ADJ,NOUN
upos,regras,CP763-3,59,que,SCONJ,PRON
upos,regras,CP764-2,4,de,SCONJ,ADP
upos,regras,CP764-3,2,À,PROPN,NOUN
upos,regras,CP764-4,7,meio,ADV,NOUN
upos,regras,CP764-4,18,25,PROPN,NUM
upos,regras,CP764-4,20,Abril,PROPN,NOUN
upos,regras,CP764-5,1,por,SCONJ,ADP
upos,regras,CP764-5,2,ter,VERB,AUX
upos,regras,CP764-5,3,uma,NUM,DET
upos,regras,CP764-5,6,política,ADJ,NOUN
upos,regras,CP764-5,19,a,ADP,DET
upos,regras,CP764-5,29,de,SCONJ,ADP
upos,regras,CP764-6,10,mesma,PRON,ADJ
upos,regras,CP764-8,1,importante,NOUN,ADJ
upos,regras,CP765-1,4,São,PROPN,AUX
upos,regras,CP765-2,7,como,SCONJ,ADP
upos,regras,CP765-2,8,reclamaria,VERB,NOUN
upos,regras,CP765-3,27,rossiniano,ADJ,NOUN
upos,regras,CP765-4,0,Se,SCONJ,PRON
upos,regras,CP765-4,2,estética,NOUN,ADJ
upos,regras,CP765-4,7,deteriorada,VERB,NOUN
upos,regras,CP765-4,18,imperaram,VERB,NOUN
upos,regras,CP765-4,33,presente,NOUN,ADJ
upos,regras,CP765-4,35,essa,PRON,DET
upos,regras,CP765-4,38,a,PRON,DET
upos,regras,CP765-4,39,perseguida,VERB,NOUN
upos,regras,CP766-1,14,sunita,ADJ,NOUN
upos,regras,CP766-1,27,Irão,PROPN,AUX
upos,regras,CP766-1,29,selada,VERB,NOUN
upos,regras,CP766-1,32,Presidente,PROPN,NOUN
upos,regras,CP766-1,35,Ali,PROPN,ADV
upos,regras,CP766-1,36,Akbar,PROPN,VERB
upos,regras,CP766-1,41,Cartum,NOUN,PROPN
upos,regras,CP766-2,4,se,SCONJ,PRON
upos,regras,CP766-2,8,manipulou,VERB,NOUN
upos,regras,CP766-2,16,seguro,ADJ,NOUN
upos,regras,CP766-2,17,que,SCONJ,PRON
upos,regras,CP766-2,34,islamistas,ADJ,NOUN
upos,regras,CP766-2,40,enumerando,VERB,NOUN
upos,regras,CP766-2,56,Irmandade,PROPN,NOUN
upos,regras,CP766-2,57,Muçulmana,PROPN,ADJ
upos,regras,CP766-2,84,Faixa,PROPN,NOUN
upos,regras,CP766-2,90,internacional,NOUN,ADJ
upos,regras,CP766-3,0,Islão,NOUN,PROPN
upos,regras,CP766-3,2,a,ADP,DET
upos,regras,CP767-1,20,o,PRON,DET
upos,regras,CP767-1,27,alcoolizados,VERB,NOUN
upos,regras,CP767-2,9,Brigada,PROPN,VERB
upos,regras,CP767-2,11,Trânsito,PROPN,NOUN
upos,regras,CP767-2,12,aplicou,VERB,NOUN
upos,regras,CP767-2,17,a,ADP,DET
upos,regras,CP767-2,30,seja,VERB,AUX
upos,regras,CP767-2,37,total,NOUN,ADJ
upos,regras,CP767-2,40,conduziam,VERB,NOUN
upos,regras,CP768-1,1,foi,ADV,AUX
upos,regras,CP768-1,7,que,SCONJ,PRON
upos,regras,CP768-1,11,sentiu,VERB,NOUN
upos,regras,CP768-1,13,ofendida,VERB,NOUN
upos,regras,CP768-1,17,que,SCONJ,PRON
upos,regras,CP768-1,19,por,SCONJ,ADP
upos,regras,CP768-3,0,Para,SCONJ,ADP
upos,regras,CP768-3,6,como,SCONJ,ADP
upos,regras,CP768-3,7,se,SCONJ,PRON
upos,regras,CP768-4,18,associação,NOUN,PROPN
upos,regras,CP768-4,20,multinacionais,NOUN,ADJ
upos,regras,CP768-5,12,o,PRON,DET
upos,regras,CP768-6,6,se,SCONJ,PRON
upos,regras,CP768-6,9,que,SCONJ,PRON
upos,regras,CP768-6,17,vamos,VERB,AUX
upos,regras,CP768-6,18,a,ADP,DET
upos,regras,CP768-7,5,processado,VERB,NOUN
upos,regras,CP768-8,3,se,SCONJ,PRON
upos,regras,CP768-8,24,visto,SCONJ,VERB
upos,regras,CP768-8,25,que,SCONJ,PRON
upos,regras,CP768-10,7,alimentar,VERB,ADJ
upos,regras,CP768-11,1,será,VERB,AUX
upos,regras,CP768-11,2,que,SCONJ,PRON
upos,regras,CP769-1,0,O,PRON,DET
upos,regras,CP769-1,27,História,PROPN,NOUN
upos,regras,CP770-1,0,Enquanto,SCONJ,ADV
upos,regras,CP770-1,7,com,SCONJ,ADP
upos,regras,CP770-1,8,que,SCONJ,PRON
upos,regras,CP770-1,18,tivessem,VERB,AUX
upos,regras,CP770-1,29,de,SCONJ,ADP
upos,regras,CP770-2,30,a,SCONJ,DET
upos,regras,CP770-2,41,de,SCONJ,ADP
upos,regras,CP770-2,43,a,ADP,DET
upos,regras,CP770-2,47,a,ADP,DET
upos,regras,CP770-2,50,responsáveis,ADJ,NOUN
upos,regras,CP770-2,58,o,PRON,DET
upos,regras,CP770-2,66,impávido,ADJ,NOUN
upos,regras,CP770-2,68,sereno,ADJ,NOUN
upos,regras,CP770-2,74,sem,SCONJ,ADP
upos,regras,CP770-2,92,estar,VERB,AUX
upos,regras,CP770-2,93,como,SCONJ,ADP
upos,regras,CP770-3,0,Quando,SCONJ,ADV
upos,regras,CP770-3,14,outros,PRON,DET
upos,regras,CP770-3,18,Madjer,PROPN,VERB
upos,regras,CP770-3,34,a,SCONJ,DET
upos,regras,CP770-3,36,muitas,PRON,DET
upos,regras,CP770-3,40,a,ADP,DET
upos,regras,CP770-3,46,então,NOUN,ADV
upos,regras,CP770-3,50,escondidas,ADJ,NOUN
upos,regras,CP771-1,9,que,SCONJ,PRON
upos,regras,CP771-1,11,Formosa,PROPN,ADJ
upos,regras,CP771-1,13,a,SCONJ,DET
upos,regras,CP771-1,19,manager,NOUN,VERB
upos,regras,CP771-1,29,banco,NOUN,PROPN
upos,regras,CP771-1,31,se,SCONJ,PRON
upos,regras,CP771-2,0,Terá,AUX,VERB
upos,regras,CP771-2,1,que,SCONJ,PRON
upos,regras,CP771-2,6,a,ADP,DET
upos,regras,CP771-3,14,líbero,NOUN,PROPN
upos,regras,CP771-3,23,melhor,NOUN,ADJ
upos,regras,CP771-4,2,internacionais,NOUN,ADJ
upos,regras,CP771-4,13,defesas,VERB,NOUN
upos,regras,CP771-4,16,Buhagiar,PROPN,VERB
upos,regras,CP772-1,2,Pareceria,VERB,PROPN
upos,regras,CP772-1,15,o,PRON,DET
upos,regras,CP772-1,18,que,SCONJ,PRON
upos,regras,CP772-1,29,suportassem,VERB,NOUN
upos,regras,CP772-1,33,a,ADP,DET
upos,regras,CP772-1,34,a,PRON,DET
upos,regras,CP772-2,2,O,PRON,DET
upos,regras,CP772-2,12,elitista,ADJ,NOUN
upos,regras,CP773-1,2,a,ADP,DET
upos,regras,CP773-1,4,público,NOUN,PROPN
upos,regras,CP773-1,15,Arte,PROPN,NOUN
upos,regras,CP773-1,16,Contemporânea,PROPN,ADJ
upos,regras,CP773-2,2,Pavilhão,PROPN,NOUN
upos,regras,CP773-2,9,Cidade,PROPN,NOUN
upos,regras,CP773-3,4,clarificados,VERB,NOUN
upos,regras,CP773-3,21,enfatizando,VERB,NOUN
upos,regras,CP773-3,55,a,ADP,DET
upos,regras,CP773-3,64,originam,VERB,NOUN
upos,regras,CP773-3,65,a,ADP,DET
upos,regras,CP773-5,8,a,ADP,DET
upos,regras,CP773-5,9,o,PRON,DET
upos,regras,CP773-6,2,descentralizadora,ADJ,NOUN
upos,regras,CP773-6,7,Rotas,PROPN,ADJ
upos,regras,CP773-6,16,Cultura,PROPN,NOUN
upos,regras,CP773-6,24,pois,ADV,SCONJ
upos,regras,CP773-6,25,confrontada,VERB,NOUN
upos,regras,CP773-6,29,tendente,ADJ,NOUN
upos,regras,CP773-6,30,a,SCONJ,DET
upos,regras,CP773-6,36,a,SCONJ,DET
upos,regras,CP773-6,37,capitalizá,VERB,NOUN
upos,regras,CP773-7,17,perfeita,ADJ,VERB
upos,regras,CP773-7,30,recorre,VERB,NOUN
upos,regras,CP773-7,33,outros,PRON,DET
upos,regras,CP773-7,35,a,ADP,DET
upos,regras,CP773-7,38,infinito,ADJ,NOUN
upos,regras,CP773-7,42,deixadas,VERB,NOUN
upos,regras,CP773-7,53,integrada,ADJ,VERB
upos,regras,CP773-7,58,dinâmicos,ADJ,NOUN
upos,regras,CP773-9,4,cruza,VERB,NOUN
upos,regras,CP773-9,13,criando,VERB,NOUN
upos,regras,CP773-9,25,artístico,ADJ,NOUN
upos,regras,CP773-9,26,contemporâneo,ADJ,NOUN
upos,regras,CP773-10,20,Bienal,PROPN,NOUN
upos,regras,CP773-10,22,São,PROPN,AUX
upos,regras,CP773-10,25,completa,VERB,ADJ
upos,regras,CP774-2,0,Beleza,PROPN,NOUN
upos,regras,CP774-2,1,convidada,VERB,NOUN
upos,regras,CP774-2,4,Governo,PROPN,NOUN
upos,regras,CP774-3,1,Beleza,PROPN,NOUN
upos,regras,CP774-3,12,PSD,NOUN,PROPN
upos,regras,CP774-3,15,convidada,VERB,NOUN
upos,regras,CP774-3,16,a,SCONJ,DET
upos,regras,CP774-3,20,Governo,PROPN,NOUN
upos,regras,CP775-1,2,tinham,VERB,AUX
upos,regras,CP775-1,4,agressivas,ADJ,NOUN
upos,regras,CP775-1,7,Presidente,PROPN,NOUN
upos,regras,CP775-1,11,algo,ADV,PRON
upos,regras,CP775-1,12,desarmados,VERB,NOUN
upos,regras,CP775-1,16,triunfal,ADJ,NOUN
upos,regras,CP775-2,0,Um,NUM,DET
upos,regras,CP775-2,2,indagou,VERB,NOUN
upos,regras,CP775-2,3,se,SCONJ,PRON
upos,regras,CP775-2,5,tencionava,VERB,NOUN
upos,regras,CP775-2,6,mesmo,ADV,ADJ
upos,regras,CP775-2,20,americanos,NOUN,ADJ
upos,regras,CP775-2,24,Congresso,PROPN,NOUN
upos,regras,CP775-3,3,afinal,NOUN,ADV
upos,regras,CP775-3,8,de,SCONJ,ADP
upos,regras,CP775-3,22,Granada,PROPN,NOUN
upos,regras,CP775-3,35,a,ADP,DET
upos,regras,CP775-3,37,Congresso,PROPN,NOUN
upos,regras,CP775-4,1,Nem,ADV,CCONJ
upos,regras,CP775-6,2,que,SCONJ,PRON
upos,regras,CP775-6,7,que,SCONJ,PRON
upos,regras,CP775-7,7,todos,PRON,DET
upos,regras,CP775-7,8,falavam,VERB,NOUN
upos,regras,CP775-8,0,como,ADV,ADP
upos,regras,CP775-8,4,a,ADP,DET
upos,regras,CP775-8,6,americanos,NOUN,ADJ
upos,regras,CP775-8,7,que,SCONJ,PRON
upos,regras,CP775-8,17,que,SCONJ,PRON
upos,regras,CP775-8,22,honrado,ADJ,NOUN
upos,regras,CP775-8,23,militar,NOUN,ADJ
upos,regras,CP775-9,1,balbuciou,VERB,NOUN
upos,regras,CP775-9,19,exilado,VERB,NOUN
upos,regras,CP775-9,29,a,ADP,DET
upos,regras,CP775-9,36,a,ADP,DET
upos,regras,CP775-9,46,anti-americanas,ADJ,NOUN
upos,regras,CP776-1,4,que,SCONJ,PRON
upos,regras,CP776-1,21,inapropriados,ADJ,NOUN
upos,regras,CP776-1,23,a,ADP,DET
upos,regras,CP776-1,28,cometida,VERB,NOUN
upos,regras,CP776-1,29,a,ADP,DET
upos,regras,CP776-1,31,Teatro,PROPN,NOUN
upos,regras,CP776-1,33,São,PROPN,AUX
upos,regras,CP776-1,59,para,SCONJ,ADP
upos,regras,CP776-1,60,os,PRON,DET
upos,regras,CP776-1,66,para,SCONJ,ADP
upos,regras,CP776-1,68,a,SCONJ,DET
upos,regras,CP776-1,76,para,SCONJ,ADP
upos,regras,CP776-2,12,Teatro,PROPN,NOUN
upos,regras,CP776-2,15,São,PROPN,AUX
upos,regras,CP776-2,17,acompanhou,VERB,NOUN
upos,regras,CP776-2,27,para,SCONJ,ADP
upos,regras,CP776-2,28,que,SCONJ,PRON
upos,regras,CP776-2,47,adequem,VERB,NOUN
upos,regras,CP776-2,48,a,ADP,DET
upos,regras,CP776-2,50,acrescido,ADJ,VERB
upos,regras,CP776-3,16,Teatro,PROPN,NOUN
upos,regras,CP776-3,19,São,PROPN,AUX
upos,regras,CP776-3,25,a,SCONJ,DET
upos,regras,CP777-1,4,Espírito,PROPN,NOUN
upos,regras,CP777-1,8,a,ADP,DET
upos,regras,CP777-1,27,a,ADP,DET
upos,regras,CP777-1,30,lusófonos,ADJ,NOUN
upos,regras,CP777-1,32,residem,VERB,NOUN
upos,regras,CP777-2,4,concretizada,VERB,NOUN
upos,regras,CP777-2,5,a,ADP,DET
upos,regras,CP777-2,13,provincial,ADJ,NOUN
upos,regras,CP777-2,15,assembleia,NOUN,PROPN
upos,regras,CP777-2,19,congregação,NOUN,PROPN
upos,regras,CP777-2,22,debatido,VERB,NOUN
upos,regras,CP777-2,27,Centro,PROPN,NOUN
upos,regras,CP777-2,28,Padre,PROPN,NOUN
upos,regras,CP777-2,55,a,ADP,DET
upos,regras,CP777-2,76,Serviço,PROPN,NOUN
upos,regras,CP777-2,78,Estrangeiros,PROPN,ADJ
upos,regras,CP777-2,80,Fronteiras,PROPN,NOUN
upos,regras,CP777-2,85,Polícia,PROPN,NOUN
upos,regras,CP777-3,4,a,ADP,DET
upos,regras,CP777-3,14,a,ADP,DET
upos,regras,CP777-3,36,final,ADJ,NOUN
upos,regras,CP777-3,39,assembleia,NOUN,PROPN
upos,regras,CP777-3,41,para,SCONJ,ADP
upos,regras,CP777-4,7,de,SCONJ,ADP
upos,regras,CP777-4,15,a,ADP,DET
upos,regras,CP777-4,28,a,ADP,DET
upos,regras,CP778-1,2,la,PROPN,PRON
upos,regras,CP778-2,6,estivemos,AUX,NOUN
upos,regras,CP778-2,18,la,PROPN,PRON
upos,regras,CP778-3,3,barata,ADJ,NOUN
upos,regras,CP778-3,11,de,SCONJ,ADP
upos,regras,CP778-4,0,Viajamos,VERB,PROPN
upos,regras,CP778-4,1,para,SCONJ,ADP
upos,regras,CP778-4,15,outros,PRON,DET
upos,regras,CP778-4,17,ter,VERB,AUX
upos,regras,CP778-4,34,a,SCONJ,DET
upos,regras,CP778-5,11,de,SCONJ,ADP
upos,regras,CP778-6,10,la,PROPN,PRON
upos,regras,CP778-7,8,funerárias,ADJ,NOUN
upos,regras,CP778-7,12,especializadas,VERB,NOUN
upos,regras,CP778-8,9,a,ADP,DET
upos,regras,CP778-8,14,cemitério,PROPN,NOUN
upos,regras,CP778-9,14,barata,ADJ,NOUN
upos,regras,CP778-9,18,uma,NUM,DET
upos,regras,CP778-9,23,fundo,ADV,NOUN
upos,regras,CP778-10,5,de,SCONJ,ADP
upos,regras,CP778-10,6,que,SCONJ,PRON
upos,regras,CP778-11,11,significava,VERB,NOUN
upos,regras,CP778-11,18,pude,VERB,NOUN
upos,regras,CP778-11,22,mórbida,ADJ,NOUN
upos,regras,CP778-11,24,de,SCONJ,ADP
upos,regras,CP778-11,25,que,SCONJ,PRON
upos,regras,CP778-11,27,cercados,ADJ,NOUN
upos,regras,CP778-11,38,la,PROPN,PRON
upos,regras,CP778-12,6,cerimonial,ADJ,NOUN
upos,regras,CP778-12,9,morto,NOUN,VERB
upos,regras,CP778-12,17,leite,NOUN,PROPN
upos,regras,CP778-13,6,defunto,NOUN,ADJ
upos,regras,CP778-13,9,leite,NOUN,PROPN
upos,regras,CP778-13,25,vivas,ADJ,NOUN
upos,regras,CP778-13,29,morto,ADJ,VERB
upos,regras,CP778-14,1,seja,VERB,AUX
upos,regras,CP778-14,5,controlado,VERB,NOUN
upos,regras,CP778-15,1,o,PRON,DET
upos,regras,CP778-15,21,correcto,ADJ,NOUN
upos,regras,CP778-16,17,lendo,VERB,NOUN
upos,regras,CP778-16,24,debt,PROPN,NOUN
upos,regras,CP778-16,26,pleasure,PROPN,NOUN
upos,regras,CP778-16,31,inglês,NOUN,ADJ
upos,regras,CP778-16,33,Lanchester,PROPN,VERB
upos,regras,CP778-16,39,que,SCONJ,PRON
upos,regras,CP778-16,59,ser,NOUN,AUX
upos,regras,CP778-17,2,assimilam,VERB,NOUN
upos,regras,CP778-17,5,que,SCONJ,PRON
upos,regras,CP778-17,24,tornam,VERB,NOUN
upos,regras,CP779-1,3,Europeu,PROPN,ADJ
upos,regras,CP779-1,6,ski,X,PROPN
upos,regras,CP779-3,1,Mil,PROPN,NUM
upos,regras,CP779-3,2,Homens,PROPN,NOUN
upos,regras,CP779-3,17,Europeu,PROPN,ADJ
upos,regras,CP779-3,20,Ski,X,PROPN
upos,regras,CP779-3,27,disputou,VERB,NOUN
upos,regras,CP779-3,40,praia,PROPN,NOUN
upos,regras,CP779-5,0,Estes,PRON,DET
upos,regras,CP779-5,3,únicos,ADJ,NOUN
upos,regras,CP779-5,5,a,SCONJ,DET
upos,regras,CP779-5,22,Europeu,PROPN,ADJ
upos,regras,CP779-5,37,portugueses,ADJ,NOUN
upos,regras,CP780-1,40,evocado,VERB,NOUN
upos,regras,CP780-1,45,30º,ADJ,NUM
upos,regras,CP780-2,1,La,PROPN,PRON
upos,regras,CP780-2,2,Saga,PROPN,NOUN
upos,regras,CP780-2,3,del,PROPN,NOUN
upos,regras,CP780-2,20,Tom,PROPN,NOUN
upos,regras,CP782-2,1,Risos,NOUN,PROPN
upos,regras,CP782-2,10,a,PRON,DET
upos,regras,CP782-2,11,de,SCONJ,ADP
upos,regras,CP782-3,4,o,PRON,DET
upos,regras,CP782-3,11,mais,DET,ADV
upos,regras,CP782-3,13,de,SCONJ,ADP
upos,regras,CP782-4,2,que,SCONJ,PRON
upos,regras,CP782-4,5,bastante,ADJ,ADV
upos,regras,CP782-5,1,mesmo,PRON,ADJ
upos,regras,CP782-5,6,a,ADP,DET
upos,regras,CP782-6,1,que,SCONJ,PRON
upos,regras,CP782-6,12,a,PRON,DET
upos,regras,CP782-6,13,de,SCONJ,ADP
upos,regras,CP782-6,18,o,PRON,DET
upos,regras,CP782-6,28,para,SCONJ,ADP
upos,regras,CP782-7,2,que,SCONJ,PRON
upos,regras,CP782-7,3,tenha,VERB,AUX
upos,regras,CP782-8,2,que,SCONJ,PRON
upos,regras,CP782-9,1,fundamental,NOUN,ADJ
upos,regras,CP782-9,6,é,VERB,AUX
upos,regras,CP782-9,7,que,SCONJ,PRON
upos,regras,CP782-10,2,moral,NOUN,ADJ
upos,regras,CP782-11,0,P,PROPN,NOUN
upos,regras,CP782-11,5,moral,NOUN,ADJ
upos,regras,CP783-1,12,para,SCONJ,ADP
upos,regras,CP783-1,24,decretadas,VERB,NOUN
upos,regras,CP783-1,30,Aliança,PROPN,NOUN
upos,regras,CP783-2,11,esforçaram,VERB,NOUN
upos,regras,CP783-2,12,por,SCONJ,ADP
upos,regras,CP783-2,38,Christopher,PROPN,VERB
upos,regras,CP783-2,41,esconderam,VERB,NOUN
upos,regras,CP783-2,49,a,SCONJ,DET
upos,regras,CP783-2,52,a,ADP,DET
upos,regras,CP784-1,3,pois,ADV,SCONJ
upos,regras,CP784-1,13,como,ADV,ADP
upos,regras,CP784-1,15,atestam,VERB,NOUN
upos,regras,CP784-2,14,estas,PRON,DET
upos,regras,CP784-2,28,coordenação,NOUN,PROPN
upos,regras,CP784-2,36,inglês,NOUN,ADJ
upos,regras,CP784-3,1,1ª,ADJ,NUM
upos,regras,CP784-3,5,exigentes,ADJ,NOUN
upos,regras,CP784-3,9,ameaçadoras,ADJ,NOUN
upos,regras,CP784-3,15,necessitam,VERB,NOUN
upos,regras,CP784-4,8,respiratória,ADJ,NOUN
upos,regras,CP784-5,0,2ª,ADJ,NUM
upos,regras,CP784-6,11,pleural,ADJ,NOUN
upos,regras,CP784-6,12,a,SCONJ,DET
upos,regras,CP784-7,0,3ª,ADJ,NUM
upos,regras,CP784-7,4,urgentes,ADJ,NOUN
upos,regras,CP784-7,8,necessitam,VERB,NOUN
upos,regras,CP784-8,4,a,ADP,DET
upos,regras,CP784-8,6,intra-abdominal,ADJ,NOUN
upos,regras,CP784-8,7,contínua,ADJ,NOUN
upos,regras,CP784-8,14,abdominal,ADJ,NOUN
upos,regras,CP784-8,15,a,SCONJ,DET
upos,regras,CP784-9,0,4ª,ADJ,NUM
upos,regras,CP784-9,17,necessitarão,VERB,NOUN
upos,regras,CP785-1,12,indiscriminado,ADJ,NOUN
upos,regras,CP785-2,3,a,ADP,DET
upos,regras,CP785-2,29,um,NUM,DET
upos,regras,CP785-2,50,a,SCONJ,DET
upos,regras,CP785-2,55,colocado,ADJ,VERB
upos,regras,CP785-3,6,a,ADP,DET
upos,regras,CP785-3,10,associada,ADJ,VERB
upos,regras,CP785-3,15,oportunistas,ADJ,NOUN
upos,regras,CP785-3,51,outras,PRON,DET
upos,regras,CP785-3,56,negativas,ADJ,NOUN
upos,regras,CP786-1,7,a,ADP,DET
upos,regras,CP786-1,11,Lei,PROPN,NOUN
upos,regras,CP786-1,13,Reautorização,PROPN,NOUN
upos,regras,CP786-1,16,Institutos,PROPN,NOUN
upos,regras,CP786-1,17,Nacionais,PROPN,ADJ
upos,regras,CP786-1,19,Saúde,PROPN,NOUN
upos,regras,CP786-1,27,respeitante,ADJ,NOUN
upos,regras,CP786-1,28,a,ADP,DET
upos,regras,CP786-1,31,fetal,ADJ,NOUN
upos,regras,CP786-1,39,muitos,PRON,DET
upos,regras,CP786-1,43,em,SCONJ,ADP
upos,regras,CP786-1,49,fetal,ADJ,NOUN
upos,regras,CP786-1,51,de,SCONJ,ADP
upos,regras,CP786-1,52,que,SCONJ,PRON
upos,regras,CP786-1,55,tenha,VERB,AUX
upos,regras,CP786-1,58,para,SCONJ,ADP
upos,regras,CP786-2,8,os,PRON,DET
upos,regras,CP786-2,20,que,SCONJ,PRON
upos,regras,CP786-2,25,antiaborto,ADJ,NOUN
upos,regras,CP786-2,26,que,SCONJ,PRON
upos,regras,CP786-2,32,fetais,ADJ,NOUN
upos,regras,CP786-2,38,que,SCONJ,PRON
upos,regras,CP787-1,1,a,ADP,DET
upos,regras,CP787-1,9,Morcegos,PROPN,NOUN
upos,regras,CP787-1,11,fartos,VERB,NOUN
upos,regras,CP787-1,23,de,SCONJ,ADP
upos,regras,CP787-1,26,fera,NOUN,PROPN
upos,regras,CP787-2,5,assustadores,ADJ,NOUN
upos,regras,CP787-2,14,improvisado,ADJ,NOUN
upos,regras,CP787-2,17,por,SCONJ,ADP
upos,regras,CP787-2,20,expulsando,VERB,NOUN
upos,regras,CP787-2,22,fera,NOUN,PROPN
upos,regras,CP787-2,29,público,NOUN,PROPN
upos,regras,CP787-3,2,os,PRON,DET
upos,regras,CP787-3,4,assistiam,VERB,NOUN
upos,regras,CP787-3,5,a,ADP,DET
upos,regras,CP787-3,11,Aquilo,PROPN,PRON
upos,regras,CP787-3,22,fascinadas,ADJ,NOUN
upos,regras,CP787-4,0,Algumas,PRON,DET
upos,regras,CP787-4,1,choravam,VERB,NOUN
upos,regras,CP787-4,3,aterrorizadas,VERB,NOUN
upos,regras,CP787-4,5,outras,PRON,DET
upos,regras,CP787-4,6,respondiam,VERB,NOUN
upos,regras,CP787-4,7,a,ADP,DET
upos,regras,CP787-4,12,monstro,NOUN,PROPN
upos,regras,CP787-4,16,petiz,NOUN,PROPN
upos,regras,CP787-4,18,mesmo,ADV,ADJ
upos,regras,CP787-4,19,a,SCONJ,DET
upos,regras,CP787-4,21,a,ADP,DET
upos,regras,CP787-4,31,para,SCONJ,ADP
upos,regras,CP787-4,32,matá,VERB,NOUN
upos,regras,CP787-4,36,a,ADP,DET
upos,regras,CP787-4,38,fera,NOUN,PROPN
upos,regras,CP787-4,40,pois,ADP,SCONJ
upos,regras,CP787-4,41,então,NOUN,ADV
upos,regras,CP788-2,0,É,SCONJ,AUX
upos,regras,CP788-2,2,que,SCONJ,PRON
upos,regras,CP788-3,7,de,SCONJ,ADP
upos,regras,CP788-3,10,a,ADP,DET
upos,regras,CP788-4,6,perde,NOUN,VERB
upos,regras,CP788-4,12,portugueses,ADJ,NOUN
upos,regras,CP788-4,14,a,ADP,DET
upos,regras,CP788-4,16,concorrentes,ADJ,NOUN
upos,regras,CP788-4,24,especial,NOUN,ADJ
upos,regras,CP788-5,4,que,SCONJ,PRON
upos,regras,CP788-6,7,é,VERB,AUX
upos,regras,CP788-6,13,que,SCONJ,PRON
upos,regras,CP789-1,0,Autocombustão,NOUN,PROPN
upos,regras,CP789-2,7,depósitos,NOUN,PROPN
upos,regras,CP789-2,13,pretolíferos,ADJ,NOUN
upos,regras,CP789-2,21,a,SCONJ,DET
upos,regras,CP789-2,29,avultados,VERB,NOUN
upos,regras,CP790-1,1,94,PROPN,NUM
upos,regras,CP790-2,1,O,PROPN,DET
upos,regras,CP790-3,1,Sociedade,PROPN,NOUN
upos,regras,CP790-3,3,94,PROPN,NUM
upos,regras,CP790-3,6,a,SCONJ,DET
upos,regras,CP790-3,18,a,ADP,DET
upos,regras,CP790-3,25,O,PROPN,DET
upos,regras,CP790-3,44,encomendada,VERB,NOUN
upos,regras,CP790-3,47,Comissão,PROPN,NOUN
upos,regras,CP790-3,51,Comemorações,PROPN,NOUN
upos,regras,CP790-4,11,Comunidades,PROPN,NOUN
upos,regras,CP790-4,27,Centro,PROPN,NOUN
upos,regras,CP790-4,28,Cultural,PROPN,ADJ
upos,regras,CP790-4,35,10/2/1992,PROPN,NOUN
upos,regras,CP791-1,13,que,SCONJ,PRON
upos,regras,CP791-1,19,alfacinha,ADJ,NOUN
upos,regras,CP791-1,23,de,SCONJ,ADP
upos,regras,CP791-1,24,o,PRON,DET
upos,regras,CP791-1,27,a,ADP,DET
upos,regras,CP791-1,29,primeira,ADP,ADJ
upos,regras,CP791-2,11,acorrem,VERB,NOUN
upos,regras,CP791-2,12,a,ADP,DET
upos,regras,CP791-2,18,fiscalizam,VERB,NOUN
upos,regras,CP791-2,20,degradados,VERB,NOUN
upos,regras,CP791-2,22,para,SCONJ,ADP
upos,regras,CP791-3,1,Muitas,ADP,DET
upos,regras,CP791-4,9,alfacinha,ADJ,NOUN
upos,regras,CP791-4,27,pouco,DET,ADV
upos,regras,CP791-4,31,sublinha,VERB,NOUN
upos,regras,CP791-6,2,é,VERB,AUX
upos,regras,CP791-6,3,que,SCONJ,PRON
upos,regras,CP791-6,13,fiscais,NOUN,ADJ
upos,regras,CP791-6,14,camarários,ADJ,NOUN
upos,regras,CP791-7,4,menos,DET,ADV
upos,regras,CP791-7,6,que,SCONJ,PRON
upos,regras,CP792-1,0,Entretanto,ADV,CCONJ
upos,regras,CP792-1,11,úrico,ADJ,NOUN
upos,regras,CP792-1,22,segundo,SCONJ,ADP
upos,regras,CP792-1,28,Hospital,NOUN,PROPN
upos,regras,CP792-2,2,agora,NOUN,ADV
upos,regras,CP792-2,16,elevado,ADJ,VERB
upos,regras,CP792-2,20,úrico,ADJ,NOUN
upos,regras,CP792-2,25,ter,VERB,AUX
upos,regras,CP792-2,27,a,ADP,DET
upos,regras,CP792-2,29,renal,ADJ,NOUN
upos,regras,CP792-2,32,frisou,VERB,NOUN
upos,regras,CP792-3,4,a,SCONJ,DET
upos,regras,CP792-3,17,caso,SCONJ,NOUN
upos,regras,CP792-3,18,entre,VERB,ADP
upos,regras,CP793-3,10,desafiou,VERB,NOUN
upos,regras,CP793-3,20,a,SCONJ,DET
upos,regras,CP793-3,31,Orçamento,PROPN,NOUN
upos,regras,CP793-3,33,Estado,PROPN,NOUN
upos,regras,CP793-3,36,para,SCONJ,ADP
upos,regras,CP793-3,37,que,SCONJ,PRON
upos,regras,CP793-3,59,a,ADP,DET
upos,regras,CP793-4,1,A,ADP,DET
upos,regras,CP793-4,18,a,SCONJ,DET
upos,regras,CP793-4,23,mais,PRON,ADV
upos,regras,CP794-1,6,visitado,VERB,NOUN
upos,regras,CP794-1,11,policiais,ADJ,NOUN
upos,regras,CP794-1,32,desmesuradas,VERB,NOUN
upos,regras,CP794-1,33,erguidas,VERB,NOUN
upos,regras,CP794-2,2,cavaleiros,NOUN,PROPN
upos,regras,CP794-2,8,proibidos,VERB,NOUN
upos,regras,CP794-2,9,de,SCONJ,ADP
upos,regras,CP794-2,18,megalómanas,ADJ,NOUN
upos,regras,CP794-3,0,Entretanto,ADV,CCONJ
upos,regras,CP794-3,20,davidiano,ADJ,NOUN
upos,regras,CP794-3,36,mortais,ADJ,NOUN
upos,regras,CP795-1,13,descrito,VERB,NOUN
upos,regras,CP795-2,22,descreveu,VERB,NOUN
upos,regras,CP795-2,34,complexos,ADJ,NOUN
upos,regras,CP795-2,38,simultâneos,ADJ,NOUN
upos,regras,CP795-2,40,sobrepostos,VERB,NOUN
upos,regras,CP795-3,2,que,SCONJ,PRON
upos,regras,CP795-4,4,explícitas,ADJ,NOUN
upos,regras,CP795-4,7,implícitas,ADJ,NOUN
upos,regras,CP795-5,0,algumas,PRON,DET
upos,regras,CP795-5,6,um,ADP,DET
upos,regras,CP795-5,7,tanto,NOUN,ADV
upos,regras,CP795-7,17,retirámos,VERB,NOUN
upos,regras,CP795-7,19,adaptámos,VERB,NOUN
upos,regras,CP795-7,20,os,PRON,DET
upos,regras,CP795-7,22,apresentamos,VERB,NOUN
upos,regras,CP795-8,1,essencial,NOUN,ADJ
upos,regras,CP795-8,19,envolvido,ADJ,VERB
upos,regras,CP795-9,6,a,SCONJ,DET
upos,regras,CP795-9,9,muitos,PRON,DET
upos,regras,CP795-9,15,ganhá,VERB,NOUN
upos,regras,CP795-9,16,los,PRON,PROPN
upos,regras,CP795-9,17,se,SCONJ,PRON
upos,regras,CP795-9,18,os,PRON,DET
upos,regras,CP795-9,24,jogá,VERB,NOUN
upos,regras,CP795-9,25,los,PRON,PROPN
upos,regras,CP796-1,5,espontâneas,ADJ,NOUN
upos,regras,CP796-1,11,de,SCONJ,ADP
upos,regras,CP796-1,18,Maio,PROPN,NOUN
upos,regras,CP796-1,20,68,PROPN,NUM
upos,regras,CP796-1,25,de,SCONJ,ADP
upos,regras,CP796-2,2,Nacional,ADJ,PROPN
upos,regras,CP796-2,10,sindicato,PROPN,NOUN
upos,regras,CP796-2,13,Professores,PROPN,NOUN
upos,regras,CP796-2,16,Ensino,PROPN,NOUN
upos,regras,CP796-2,17,Superior,PROPN,ADJ
upos,regras,CP796-2,20,Movimento,PROPN,NOUN
upos,regras,CP796-2,21,22,PROPN,NUM
upos,regras,CP796-2,23,Março,PROPN,NOUN
upos,regras,CP796-2,28,Acção,PROPN,NOUN
upos,regras,CP796-2,30,convocam,VERB,NOUN
upos,regras,CP796-3,6,todos,PRON,DET
upos,regras,CP796-3,8,alemães,ADJ,NOUN
upos,regras,CP796-5,5,um,NUM,DET
upos,regras,CP796-7,0,A,ADP,DET
upos,regras,CP796-7,7,De,PROPN,ADP
upos,regras,CP796-7,10,a,ADP,DET
upos,regras,CP796-8,2,reagem,VERB,NOUN
upos,regras,CP796-8,3,a,ADP,DET
upos,regras,CP796-8,9,brancos,ADJ,NOUN
upos,regras,CP796-8,11,gritando,VERB,NOUN
upos,regras,CP796-8,13,Adeus,INTJ,PROPN
upos,regras,CP796-8,14,De,PROPN,ADP
upos,regras,CP797-1,3,OGMA,NOUN,PROPN
upos,regras,CP797-1,4,exonerado,VERB,NOUN
upos,regras,CP797-2,7,Força,PROPN,NOUN
upos,regras,CP797-2,8,Aérea,PROPN,ADJ
upos,regras,CP797-2,12,Dias,PROPN,NOUN
upos,regras,CP797-2,16,a,ADP,DET
upos,regras,CP797-2,24,Oficinas,PROPN,NOUN
upos,regras,CP797-2,25,Gerais,PROPN,ADJ
upos,regras,CP797-2,27,Material,PROPN,NOUN
upos,regras,CP797-3,3,brigadeiro,NOUN,PROPN
upos,regras,CP798-1,2,que,SCONJ,PRON
upos,regras,CP798-1,5,partidários,ADJ,NOUN
upos,regras,CP798-1,6,pró-referendo,ADJ,NOUN
upos,regras,CP798-1,10,expondo,VERB,NOUN
upos,regras,CP798-1,17,as,PRON,DET
upos,regras,CP798-1,22,ético,ADJ,NOUN
upos,regras,CP798-1,24,consuetudinário,ADJ,NOUN
upos,regras,CP798-2,4,saber,NOUN,VERB
upos,regras,CP798-2,5,porque,ADV,SCONJ
upos,regras,CP798-2,9,a,ADP,DET
upos,regras,CP798-2,16,de,SCONJ,ADP
upos,regras,CP798-2,29,a,ADP,DET
upos,regras,CP798-2,34,a,ADP,DET
upos,regras,CP798-3,2,gostaríamos,VERB,NOUN
upos,regras,CP798-3,4,saber,NOUN,VERB
upos,regras,CP798-3,5,porque,ADV,SCONJ
upos,regras,CP798-3,22,que,SCONJ,PRON
upos,regras,CP798-3,26,assuntos,NOUN,PROPN
upos,regras,CP798-3,30,política,ADJ,NOUN
upos,regras,CP798-3,45,técnico-científica,ADJ,NOUN
upos,regras,CP799-1,3,mesmo,ADV,ADJ
upos,regras,CP799-1,4,que,SCONJ,PRON
upos,regras,CP799-1,8,para,SCONJ,ADP
upos,regras,CP799-1,13,animais,ADJ,NOUN
upos,regras,CP799-1,18,desde,SCONJ,ADP
upos,regras,CP799-1,19,que,SCONJ,PRON
upos,regras,CP799-1,20,exista,VERB,NOUN
upos,regras,CP799-1,30,garanta,VERB,NOUN
upos,regras,CP799-1,31,que,SCONJ,PRON
upos,regras,CP799-1,33,provêm,VERB,NOUN
upos,regras,CP799-2,13,estamos,VERB,AUX
upos,regras,CP799-2,14,a,SCONJ,DET
upos,regras,CP799-2,17,excessivas,ADJ,NOUN
upos,regras,CP799-3,2,que,SCONJ,PRON
upos,regras,CP799-3,6,a,ADP,DET
upos,regras,CP799-3,18,até,SCONJ,ADP
upos,regras,CP799-3,24,a,SCONJ,DET
upos,regras,CP800-2,7,a,SCONJ,DET
upos,regras,CP800-2,18,de,SCONJ,ADP
upos,regras,CP800-2,28,A,PROPN,DET
upos,regras,CP800-2,29,Bola,PROPN,NOUN
upos,regras,CP800-2,31,a,SCONJ,DET
upos,regras,CP800-2,36,diário,ADJ,PROPN
upos,regras,CP800-2,38,o,PRON,DET
upos,regras,CP800-2,41,segundo,SCONJ,ADP
upos,regras,CP800-2,48,a,ADP,DET
upos,regras,CP800-2,49,partir,NOUN,VERB
upos,regras,CP800-3,12,A,PROPN,DET
upos,regras,CP800-3,13,Bola,PROPN,NOUN
upos,regras,CP800-4,1,amealhou,VERB,NOUN
upos,regras,CP800-5,2,que,SCONJ,PRON
upos,regras,CP801-1,4,que,SCONJ,PRON
upos,regras,CP801-2,0,Temos,AUX,VERB
upos,regras,CP801-2,4,diminuta,ADJ,NOUN
upos,regras,CP801-2,5,a,ADP,DET
upos,regras,CP801-3,0,Se,SCONJ,PRON
upos,regras,CP801-3,1,pegarmos,VERB,NOUN
upos,regras,CP801-3,28,subdesenvolvida,ADJ,NOUN
upos,regras,CP801-4,3,geridos,VERB,NOUN
upos,regras,CP801-4,15,a,ADP,DET
upos,regras,CP801-6,0,Portanto,ADV,CCONJ
upos,regras,CP801-6,10,vigentes,ADJ,NOUN
upos,regras,CP801-7,3,a,SCONJ,DET
upos,regras,CP801-7,6,convencido,ADJ,VERB
upos,regras,CP801-7,7,de,SCONJ,ADP
upos,regras,CP801-7,8,que,SCONJ,PRON
upos,regras,CP801-8,7,tem,AUX,VERB
upos,regras,CP801-8,13,está,VERB,AUX
upos,regras,CP801-8,14,a,SCONJ,DET
upos,regras,CP801-9,2,freático,ADJ,NOUN
upos,regras,CP801-9,3,baixa,VERB,NOUN
upos,regras,CP801-9,11,de,SCONJ,ADP
upos,regras,CP801-9,14,cada,PRON,DET
upos,regras,CP801-9,17,fundos,ADJ,NOUN
upos,regras,CP801-10,0,Muita,PRON,DET
upos,regras,CP801-10,4,tem,AUX,VERB
upos,regras,CP801-10,18,como,ADV,ADP
upos,regras,CP801-11,3,maciça,ADJ,NOUN
upos,regras,CP802-1,7,avisara,VERB,NOUN
upos,regras,CP802-1,8,que,SCONJ,PRON
upos,regras,CP802-1,9,se,SCONJ,PRON
upos,regras,CP802-1,16,a,ADP,DET
upos,regras,CP802-1,18,emigrantes,NOUN,ADJ
upos,regras,CP802-1,19,cubanos,ADJ,NOUN
upos,regras,CP802-1,22,sujeita,ADJ,VERB
upos,regras,CP802-1,23,a,ADP,DET
upos,regras,CP802-1,28,que,SCONJ,PRON
upos,regras,CP802-1,30,Havana,NOUN,PROPN
upos,regras,CP802-1,32,de,SCONJ,ADP
upos,regras,CP802-1,38,de,SCONJ,ADP
upos,regras,CP802-1,43,de,SCONJ,ADP
upos,regras,CP802-1,44,os,PRON,DET
upos,regras,CP802-1,45,virem,VERB,NOUN
upos,regras,CP802-2,9,o,PRON,DET
upos,regras,CP802-2,29,tantos,PRON,DET
upos,regras,CP802-2,37,a,SCONJ,DET
upos,regras,CP803-1,10,ameaça,VERB,NOUN
upos,regras,CP803-1,21,menos,NOUN,ADV
upos,regras,CP803-1,32,o,PRON,DET
upos,regras,CP803-1,40,admitiram,VERB,NOUN
upos,regras,CP803-2,2,escassas,ADJ,NOUN
upos,regras,CP803-2,12,desconhecendo,VERB,NOUN
upos,regras,CP803-2,14,até,NOUN,ADP
upos,regras,CP803-2,15,que,ADP,PRON
upos,regras,CP803-2,20,progridem,VERB,NOUN
upos,regras,CP803-3,6,que,SCONJ,PRON
upos,regras,CP803-3,8,militares,NOUN,ADJ
upos,regras,CP803-3,17,ruandeses,ADJ,NOUN
upos,regras,CP803-3,33,sudeste,NOUN,PROPN
upos,regras,CP803-3,44,a,ADP,DET
upos,regras,CP803-3,48,que,SCONJ,PRON
upos,regras,CP803-3,53,para,SCONJ,ADP
upos,regras,CP804-1,21,que,SCONJ,PRON
upos,regras,CP804-1,25,suspensas,ADJ,NOUN
upos,regras,CP804-1,27,a,ADP,DET
upos,regras,CP804-1,34,como,ADV,ADP
upos,regras,CP804-1,52,a,SCONJ,DET
upos,regras,CP804-1,68,regule,VERB,NOUN
upos,regras,CP804-2,10,laranja,ADJ,NOUN
upos,regras,CP804-2,20,a,SCONJ,DET
upos,regras,CP804-2,26,que,SCONJ,PRON
upos,regras,CP804-2,37,Governo,PROPN,NOUN
upos,regras,CP804-2,42,resolvida,VERB,ADJ
upos,regras,CP804-3,0,Outras,PRON,DET
upos,regras,CP804-3,4,introduzidas,VERB,NOUN
upos,regras,CP804-3,15,a,ADP,DET
upos,regras,CP804-3,22,seguirá,VERB,NOUN
upos,regras,CP804-4,1,que,SCONJ,PRON
upos,regras,CP804-4,8,que,SCONJ,PRON
upos,regras,CP804-4,38,que,SCONJ,PRON
upos,regras,CP804-4,53,preencha,VERB,NOUN
upos,regras,CP804-4,56,vazio,NOUN,ADJ
upos,regras,CP804-4,57,legislativo,ADJ,PROPN
upos,regras,CP804-5,1,seja,VERB,AUX
upos,regras,CP804-5,4,será,VERB,AUX
upos,regras,CP804-5,7,Parlamento,PROPN,NOUN
upos,regras,CP804-5,8,a,SCONJ,DET
upos,regras,CP804-5,22,é,VERB,AUX
upos,regras,CP804-5,23,que,SCONJ,PRON
upos,regras,CP804-5,25,a,ADP,DET
upos,regras,CP804-5,32,Governo,PROPN,NOUN
upos,regras,CP804-5,34,ter,VERB,AUX
upos,regras,CP805-1,3,que,SCONJ,PRON
upos,regras,CP805-1,22,para,SCONJ,ADP
upos,regras,CP805-2,1,Se,SCONJ,PRON
upos,regras,CP805-2,3,cumprimimos,VERB,NOUN
upos,regras,CP805-2,11,distanciarem,VERB,NOUN
upos,regras,CP805-2,14,suficiente,NOUN,ADJ
upos,regras,CP805-2,15,para,SCONJ,ADP
upos,regras,CP805-2,16,produzirem,VERB,NOUN
upos,regras,CP805-3,5,para,SCONJ,ADP
upos,regras,CP805-3,7,Psi,NOUN,PROPN
upos,regras,CP805-3,11,teoricamento,ADV,NOUN
upos,regras,CP805-3,12,se,SCONJ,PRON
upos,regras,CP805-3,21,Psis,NOUN,PROPN
upos,regras,CP805-3,24,a,ADP,DET
upos,regras,CP805-3,26,física,NOUN,ADJ
upos,regras,CP805-3,29,é,VERB,AUX
upos,regras,CP805-4,35,decompõe,VERB,NOUN
upos,regras,CP805-4,41,para,SCONJ,ADP
upos,regras,CP805-4,43,se,SCONJ,PRON
upos,regras,CP806-1,3,mesmo,ADV,ADJ
upos,regras,CP806-1,4,que,SCONJ,PRON
upos,regras,CP806-3,6,perfeitas,ADJ,NOUN
upos,regras,CP806-4,19,angariou,VERB,NOUN
upos,regras,CP806-4,22,para,SCONJ,ADP
upos,regras,CP806-4,42,africano,ADJ,PROPN
upos,regras,CP806-5,6,que,SCONJ,PRON
upos,regras,CP806-5,9,de,SCONJ,ADP
upos,regras,CP806-5,24,a,ADP,DET
upos,regras,CP806-5,34,8º,ADJ,NUM
upos,regras,CP806-5,41,9º,ADJ,NUM
upos,regras,CP806-6,4,tinha,AUX,VERB
upos,regras,CP806-6,5,começado,VERB,NOUN
upos,regras,CP806-6,26,mistos,ADJ,NOUN
upos,regras,CP806-7,3,derrotou,VERB,NOUN
upos,regras,CP806-7,19,conquistando,VERB,NOUN
upos,regras,CP806-8,7,que,SCONJ,PRON
upos,regras,CP806-8,8,íamos,AUX,NOUN
upos,regras,CP806-8,12,que,SCONJ,PRON
upos,regras,CP806-8,14,ficaríamos,VERB,NOUN
upos,regras,CP806-8,15,zangados,ADJ,NOUN
upos,regras,CP806-8,16,se,SCONJ,PRON
upos,regras,CP806-8,19,corressem,VERB,NOUN
upos,regras,CP806-8,29,que,SCONJ,PRON
upos,regras,CP806-8,33,em,SCONJ,ADP
upos,regras,CP806-9,2,tinha,AUX,VERB
upos,regras,CP806-9,18,tinha,AUX,VERB
upos,regras,CP806-9,19,revertido,VERB,NOUN
upos,regras,CP807-2,1,Quando,SCONJ,ADV
upos,regras,CP807-2,3,a,ADP,DET
upos,regras,CP807-2,8,que,SCONJ,PRON
upos,regras,CP807-2,31,via,VERB,NOUN
upos,regras,CP807-3,6,que,SCONJ,PRON
upos,regras,CP807-3,8,o,PRON,DET
upos,regras,CP807-3,9,faria,VERB,PROPN
upos,regras,CP807-4,9,a,ADP,DET
upos,regras,CP807-5,8,que,SCONJ,PRON
upos,regras,CP807-6,5,a,SCONJ,DET
upos,regras,CP807-6,7,ouvidas,VERB,NOUN
upos,regras,CP807-7,12,por,SCONJ,ADP
upos,regras,CP807-7,17,declarando,VERB,NOUN
upos,regras,CP807-7,20,maltratada,VERB,NOUN
upos,regras,CP807-7,22,que,SCONJ,PRON
upos,regras,CP807-7,29,havia,AUX,VERB
upos,regras,CP807-7,31,perturbado,VERB,ADJ
upos,regras,CP807-8,5,a,ADP,DET
upos,regras,CP807-9,1,O,PRON,DET
upos,regras,CP807-9,4,pergunto,VERB,NOUN
upos,regras,CP807-9,5,é,VERB,AUX
upos,regras,CP807-9,9,que,SCONJ,PRON
upos,regras,CP807-10,2,estou,VERB,AUX
upos,regras,CP807-10,3,a,SCONJ,DET
upos,regras,CP807-11,1,está,VERB,AUX
upos,regras,CP807-11,2,a,SCONJ,DET
upos,regras,CP807-12,0,Por,NOUN,ADP
upos,regras,CP807-12,1,sua,ADP,DET
upos,regras,CP807-12,18,sem,SCONJ,ADP
upos,regras,CP807-13,0,Contactada,VERB,PROPN
upos,regras,CP807-13,9,poder,VERB,NOUN
upos,regras,CP807-13,14,quando,SCONJ,ADV
upos,regras,CP807-13,24,presente,NOUN,ADJ
upos,regras,CP807-13,28,comprovativo,ADJ,NOUN
upos,regras,CP808-1,10,muitas,ADP,DET
upos,regras,CP808-1,13,os,PRON,DET
upos,regras,CP808-2,3,para,SCONJ,ADP
upos,regras,CP808-3,7,alemãs,ADJ,NOUN
upos,regras,CP808-3,15,indesejados,ADJ,NOUN
upos,regras,CP808-3,17,a,ADP,DET
upos,regras,CP808-3,19,espera,NOUN,VERB
upos,regras,CP808-4,9,superlotadas,VERB,NOUN
upos,regras,CP808-5,0,Sem,SCONJ,ADP
upos,regras,CP808-6,0,Sem,SCONJ,ADP
upos,regras,CP808-7,0,A,ADP,DET
upos,regras,CP808-7,7,de,SCONJ,ADP
upos,regras,CP808-9,2,tinham,VERB,AUX
upos,regras,CP808-9,4,para,SCONJ,ADP
upos,regras,CP808-9,8,detidos,NOUN,VERB
upos,regras,CP808-10,13,reciclado,VERB,NOUN
upos,regras,CP808-11,1,é,VERB,AUX
upos,regras,CP808-11,10,berlinense,ADJ,NOUN
upos,regras,CP809-2,1,anti-hiper,ADJ,VERB
upos,regras,CP809-4,1,como,SCONJ,ADP
upos,regras,CP809-4,4,Constituição,PROPN,NOUN
upos,regras,CP809-4,8,todos,PRON,DET
upos,regras,CP809-4,11,arruaceiras,ADJ,NOUN
upos,regras,CP809-5,2,branca,ADJ,PROPN
upos,regras,CP809-5,3,a,ADP,DET
upos,regras,CP809-5,7,reclamando,VERB,NOUN
upos,regras,CP809-5,14,a,ADP,DET
upos,regras,CP809-5,22,face,NOUN,ADV
upos,regras,CP809-5,23,congestionada,VERB,NOUN
upos,regras,CP809-5,25,resumiu,VERB,NOUN
upos,regras,CP809-5,26,a,ADP,DET
upos,regras,CP809-5,42,a,ADP,DET
upos,regras,CP809-5,48,Nova,PROPN,ADJ
upos,regras,CP809-6,16,pronunciou,VERB,NOUN
upos,regras,CP809-6,31,a,ADP,DET
upos,regras,CP809-6,51,Praça,PROPN,NOUN
upos,regras,CP809-6,52,General,PROPN,NOUN
upos,regras,CP810-1,11,hospital,NOUN,PROPN
upos,regras,CP810-3,8,menos,NOUN,ADV
upos,regras,CP810-4,8,Polícia,PROPN,NOUN
upos,regras,CP810-4,12,a,SCONJ,DET
upos,regras,CP810-4,22,a,SCONJ,DET
upos,regras,CP810-4,27,a,ADP,DET
upos,regras,CP810-5,3,Santa,NOUN,PROPN
upos,regras,CP810-5,23,a,ADP,DET
upos,regras,CP810-5,30,que,SCONJ,PRON
upos,regras,CP811-1,8,reunido,VERB,ADJ
upos,regras,CP811-1,19,a,ADP,DET
upos,regras,CP811-1,24,de,SCONJ,ADP
upos,regras,CP811-1,33,sensibilizado,ADJ,NOUN
upos,regras,CP811-1,85,tem,AUX,VERB
upos,regras,CP811-1,88,a,SCONJ,DET
upos,regras,CP811-2,22,Estatuto,PROPN,NOUN
upos,regras,CP811-2,26,Titulares,PROPN,NOUN
upos,regras,CP811-2,31,Soberania,PROPN,NOUN
upos,regras,CP811-2,48,avançada,VERB,PROPN
upos,regras,CP811-2,51,Sindicato,PROPN,NOUN
upos,regras,CP811-2,54,Magistrados,PROPN,NOUN
upos,regras,CP811-3,1,sem,SCONJ,ADP
upos,regras,CP811-3,3,políticos,NOUN,ADJ
upos,regras,CP812-1,2,Leão,PROPN,NOUN
upos,regras,CP812-2,2,maltrata,VERB,NOUN
upos,regras,CP812-3,13,como,ADV,ADP
upos,regras,CP812-4,1,que,SCONJ,PRON
upos,regras,CP812-4,3,referissem,VERB,NOUN
upos,regras,CP812-4,4,a,ADP,DET
upos,regras,CP812-4,6,indefesos,ADJ,NOUN
upos,regras,CP812-4,17,a,SCONJ,DET
upos,regras,CP812-5,11,olvida,VERB,NOUN
upos,regras,CP812-6,11,Literatura,PROPN,NOUN
upos,regras,CP812-6,15,cativado,VERB,NOUN
upos,regras,CP812-7,8,belas,ADJ,PROPN
upos,regras,CP812-7,12,sentidos,ADJ,NOUN
upos,regras,CP812-7,14,dedicados,VERB,NOUN
upos,regras,CP812-7,15,a,ADP,DET
upos,regras,CP812-8,10,honraram,VERB,NOUN
upos,regras,CP812-9,0,Quantos,DET,PRON
upos,regras,CP812-9,3,quer,CCONJ,VERB
upos,regras,CP812-9,5,quer,CCONJ,VERB
upos,regras,CP812-9,12,tem,AUX,VERB
upos,regras,CP812-9,13,motivado,VERB,ADJ
upos,regras,CP812-10,2,que,SCONJ,PRON
upos,regras,CP812-10,5,apeada,VERB,NOUN
upos,regras,CP812-10,10,vizinho,ADJ,NOUN
upos,regras,CP812-10,14,pergunto,VERB,NOUN
upos,regras,CP812-13,0,Contudo,ADV,CCONJ
upos,regras,CP812-13,4,de,SCONJ,ADP
upos,regras,CP813-1,3,restará,VERB,NOUN
upos,regras,CP813-2,14,a,ADP,DET
upos,regras,CP813-3,5,Indústria,PROPN,NOUN
upos,regras,CP813-3,9,de,SCONJ,ADP
upos,regras,CP813-4,2,é,VERB,AUX
upos,regras,CP813-4,3,que,SCONJ,PRON
upos,regras,CP813-4,5,este,PRON,DET
upos,regras,CP813-4,16,o,PRON,DET
upos,regras,CP813-4,19,convém,VERB,NOUN
upos,regras,CP813-5,4,por,SCONJ,ADP
upos,regras,CP813-5,9,exactas,ADJ,NOUN
upos,regras,CP813-5,14,alienadas,VERB,NOUN
upos,regras,CP813-6,1,Governo,PROPN,NOUN
upos,regras,CP813-6,4,delineou,VERB,NOUN
upos,regras,CP813-6,7,definitivos,ADJ,NOUN
upos,regras,CP813-6,12,o,PRON,DET
upos,regras,CP813-6,26,Conselho,PROPN,NOUN
upos,regras,CP813-6,28,Ministros,PROPN,NOUN
upos,regras,CP813-7,2,uma,NUM,DET
upos,regras,CP813-7,11,a,PRON,DET
upos,regras,CP813-7,12,de,SCONJ,ADP
upos,regras,CP813-7,17,a,SCONJ,DET
upos,regras,CP813-8,6,definido,ADJ,VERB
upos,regras,CP813-9,7,que,SCONJ,PRON
upos,regras,CP813-10,0,Uma,NUM,DET
upos,regras,CP813-10,14,associação,NOUN,PROPN
upos,regras,CP813-10,20,des,ADP,PROPN
upos,regras,CP814-1,2,Encontro,PROPN,NOUN
upos,regras,CP814-1,5,aquarofilia,PROPN,NOUN
upos,regras,CP814-1,24,estando,AUX,VERB
upos,regras,CP814-1,26,incluídas,VERB,NOUN
upos,regras,CP814-2,8,conta,VERB,NOUN
upos,regras,CP814-2,14,nacinais,ADJ,NOUN
upos,regras,CP814-2,21,subaquáticas,ADJ,NOUN
upos,regras,CP814-2,23,bem,ADP,ADV
upos,regras,CP814-2,24,como,ADV,ADP
upos,regras,CP814-2,25,responsáveis,ADJ,NOUN
upos,regras,CP814-2,35,Oceanário,NOUN,PROPN
upos,regras,CP814-2,38,Expo'98,NOUN,PROPN
upos,regras,CP814-3,0,A,SCONJ,DET
upos,regras,CP814-3,5,novos,NOUN,ADJ
upos,regras,CP814-3,8,Programa,PROPN,NOUN
upos,regras,CP814-3,15,multimédia,ADJ,NOUN
upos,regras,CP814-3,16,relativos,ADJ,NOUN
upos,regras,CP814-3,17,a,ADP,DET
upos,regras,CP814-3,20,marinha,ADJ,PROPN
upos,regras,CP815-4,9,obedece,VERB,NOUN
upos,regras,CP815-4,10,a,ADP,DET
upos,regras,CP815-5,35,profissionais,ADJ,NOUN
upos,regras,CP815-6,6,orientado,VERB,NOUN
upos,regras,CP815-6,13,commedia,X,NOUN
upos,regras,CP815-6,14,dell'arte,X,NOUN
upos,regras,CP815-6,18,Ida,PROPN,NOUN
upos,regras,CP816-1,2,a,ADP,DET
upos,regras,CP816-1,8,suscitou,VERB,NOUN
upos,regras,CP816-2,2,Editora,PROPN,NOUN
upos,regras,CP816-2,4,de,SCONJ,ADP
upos,regras,CP816-2,10,uma,NUM,DET
upos,regras,CP816-2,12,cabo-verdiana,ADJ,NOUN
upos,regras,CP816-2,16,desde,SCONJ,ADP
upos,regras,CP816-2,17,que,SCONJ,PRON
upos,regras,CP816-2,30,a,ADP,DET
upos,regras,CP816-2,43,sucedido,ADJ,NOUN
upos,regras,CP816-2,52,cessa,VERB,NOUN
upos,regras,CP816-2,53,de,SCONJ,ADP
upos,regras,CP816-2,55,desde,SCONJ,ADP
upos,regras,CP816-2,56,que,SCONJ,PRON
upos,regras,CP816-2,63,de,SCONJ,ADP
upos,regras,CP816-2,66,a,ADP,DET
upos,regras,CP816-2,76,ter,VERB,AUX
upos,regras,CP816-2,79,todos,NOUN,DET
upos,regras,CP816-2,80,os,ADP,DET
upos,regras,CP816-3,32,portugueses,ADJ,NOUN
upos,regras,CP816-4,18,grosso,NOUN,PROPN
upos,regras,CP816-4,26,restante,ADJ,NOUN
upos,regras,CP816-4,27,a,ADP,DET
upos,regras,CP816-4,31,Cabo,PROPN,NOUN
upos,regras,CP816-4,32,Verde,PROPN,ADJ
upos,regras,CP816-4,36,a,ADP,DET
upos,regras,CP816-4,39,a,ADP,DET
upos,regras,CP816-4,42,Europeia,PROPN,ADJ
upos,regras,CP817-1,1,franceses,ADJ,NOUN
upos,regras,CP817-1,2,apreensivos,ADJ,NOUN
upos,regras,CP817-3,2,franceses,ADJ,NOUN
upos,regras,CP817-3,4,algo,ADV,PRON
upos,regras,CP817-3,5,apreensivos,ADJ,NOUN
upos,regras,CP817-3,27,a,ADP,DET
upos,regras,CP818-1,2,todo,PRON,DET
upos,regras,CP818-1,10,alguns,PRON,DET
upos,regras,CP818-1,22,que,NOUN,PRON
upos,regras,CP818-1,26,estabelecem,VERB,NOUN
upos,regras,CP818-1,28,infinitos,ADJ,NOUN
upos,regras,CP818-1,33,esquartejam,VERB,NOUN
upos,regras,CP818-1,43,autorizada,VERB,NOUN
upos,regras,CP818-1,44,a,ADP,DET
upos,regras,CP818-1,46,até,ADV,ADP
upos,regras,CP818-1,47,a,ADP,DET
upos,regras,CP818-1,50,o,PRON,DET
upos,regras,CP818-1,54,a,ADP,DET
upos,regras,CP818-1,55,todos,PRON,DET
upos,regras,CP818-2,9,poucos,PRON,DET
upos,regras,CP818-2,11,ocuparam,VERB,NOUN
upos,regras,CP818-2,22,envergonham,VERB,NOUN
upos,regras,CP818-2,24,outros,PRON,DET
upos,regras,CP818-2,28,batem,VERB,NOUN
upos,regras,CP818-2,33,cinegético,ADJ,NOUN
upos,regras,CP818-2,36,têm,AUX,VERB
upos,regras,CP818-2,38,enxovalhados,ADJ,NOUN
upos,regras,CP818-2,40,espezinhados,ADJ,NOUN
upos,regras,CP818-2,42,chumbados,ADJ,NOUN
upos,regras,CP818-2,46,a,ADP,DET
upos,regras,CP818-2,53,nacional,ADJ,PROPN
upos,regras,CP818-2,57,a,ADP,DET
upos,regras,CP818-3,5,míope,ADJ,NOUN
upos,regras,CP818-3,7,o,PRON,DET
upos,regras,CP818-3,14,já,SCONJ,ADV
upos,regras,CP818-3,15,que,SCONJ,PRON
upos,regras,CP818-3,25,locais,NOUN,ADJ
upos,regras,CP818-3,27,esta,PRON,DET
upos,regras,CP818-3,29,pratica,VERB,NOUN
upos,regras,CP818-3,36,Estado,PROPN,NOUN
upos,regras,CP818-3,39,Agricultura,PROPN,NOUN
upos,regras,CP818-3,43,Desenvolvimento,PROPN,NOUN
upos,regras,CP818-3,44,Rural,PROPN,ADJ
upos,regras,CP818-3,48,a,SCONJ,DET
upos,regras,CP818-3,51,em,SCONJ,ADP
upos,regras,CP818-3,53,sem,SCONJ,ADP
upos,regras,CP818-4,7,ave,NOUN,PROPN
upos,regras,CP818-4,11,abatida,VERB,NOUN
upos,regras,CP818-5,7,envenenado,VERB,NOUN
upos,regras,CP818-7,18,a,ADP,DET
upos,regras,CP818-8,15,perdidos,VERB,NOUN
upos,regras,CP818-9,1,quanto,PRON,ADV
upos,regras,CP818-9,23,ritual,NOUN,ADJ
upos,regras,CP818-10,3,responsabilizado,VERB,NOUN
upos,regras,CP818-10,10,campos,NOUN,PROPN
upos,regras,CP818-10,21,disseminadas,VERB,NOUN
upos,regras,CP818-11,5,a,ADP,DET
upos,regras,CP818-11,10,causadas,VERB,NOUN
upos,regras,CP818-11,26,pastoris,ADJ,NOUN
upos,regras,CP818-11,32,cinegéticas,ADJ,NOUN
upos,regras,CP818-12,6,eliminados,VERB,NOUN
upos,regras,CP819-1,0,Entretanto,ADV,CCONJ
upos,regras,CP819-1,21,o,PRON,DET
upos,regras,CP819-1,23,tinha,AUX,VERB
upos,regras,CP819-1,26,ouvido,VERB,NOUN
upos,regras,CP819-3,5,que,SCONJ,PRON
upos,regras,CP819-3,6,o,PRON,DET
upos,regras,CP819-3,15,desmente,VERB,ADV
upos,regras,CP819-4,2,foi,VERB,AUX
upos,regras,CP819-4,4,a,ADP,DET
upos,regras,CP819-4,12,Rainha,PROPN,NOUN
upos,regras,CP819-4,14,remetido,VERB,NOUN
upos,regras,CP819-4,16,a,ADP,DET
upos,regras,CP819-4,22,que,SCONJ,PRON
upos,regras,CP819-4,41,instaurado,VERB,NOUN
upos,regras,CP820-1,25,uma,NUM,DET
upos,regras,CP820-1,28,vozes,NOUN,PROPN
upos,regras,CP820-1,29,a,SCONJ,DET
upos,regras,CP820-1,39,a,SCONJ,DET
upos,regras,CP820-1,41,a,ADP,DET
upos,regras,CP820-2,6,Cidade,PROPN,NOUN
upos,regras,CP820-2,9,Praia,PROPN,NOUN
upos,regras,CP822-1,10,que,SCONJ,PRON
upos,regras,CP822-1,11,durma,VERB,NOUN
upos,regras,CP822-2,2,a,ADP,DET
upos,regras,CP822-2,4,menos,NOUN,ADV
upos,regras,CP822-2,7,onde,ADV,PRON
upos,regras,CP822-3,1,vizinha,NOUN,ADJ
upos,regras,CP822-3,9,em,SCONJ,ADP
upos,regras,CP822-3,12,nua,ADJ,NOUN
upos,regras,CP822-3,14,a,ADP,DET
upos,regras,CP822-3,18,todos,PRON,DET
upos,regras,CP822-4,0,Queixa,VERB,NOUN
upos,regras,CP822-4,2,a,ADP,DET
upos,regras,CP823-2,1,Teatro,PROPN,NOUN
upos,regras,CP823-2,2,Experimental,PROPN,ADJ
upos,regras,CP823-2,12,Auditório,PROPN,NOUN
upos,regras,CP823-4,2,Unidade,PROPN,NOUN
upos,regras,CP823-4,4,Infância,PROPN,NOUN
upos,regras,CP823-4,7,Centro,PROPN,NOUN
upos,regras,CP823-4,8,Dramático,PROPN,ADJ
upos,regras,CP823-4,11,estreia,VERB,NOUN
upos,regras,CP823-4,13,a,ADP,DET
upos,regras,CP823-4,24,O,PROPN,DET
upos,regras,CP823-4,25,Meu,PROPN,DET
upos,regras,CP823-4,26,Amigo,PROPN,NOUN
upos,regras,CP824-1,0,Políticos,NOUN,ADJ
upos,regras,CP824-1,1,israelitas,ADJ,NOUN
upos,regras,CP824-1,5,Organização,PROPN,NOUN
upos,regras,CP824-1,7,Libertação,PROPN,NOUN
upos,regras,CP824-1,17,a,SCONJ,DET
upos,regras,CP824-1,21,islâmicos,ADJ,NOUN
upos,regras,CP824-1,32,a,ADP,DET
upos,regras,CP824-1,33,norte,NOUN,PROPN
upos,regras,CP824-2,13,que,SCONJ,PRON
upos,regras,CP824-2,15,Governo,PROPN,NOUN
upos,regras,CP824-2,33,de,SCONJ,ADP
upos,regras,CP824-2,34,que,SCONJ,PRON
upos,regras,CP824-2,36,actue,VERB,NOUN
upos,regras,CP824-2,40,Jihad,PROPN,NOUN
upos,regras,CP824-2,41,Islâmica,PROPN,ADJ
upos,regras,CP824-2,50,de,SCONJ,ADP
upos,regras,CP824-2,61,Faixa,PROPN,NOUN
upos,regras,CP824-2,68,responsáveis,ADJ,NOUN
upos,regras,CP825-1,1,ressuscitou,VERB,NOUN
upos,regras,CP825-3,4,quarto,NOUN,ADJ
upos,regras,CP825-3,8,católicos,ADJ,NOUN
upos,regras,CP826-1,1,a,SCONJ,DET
upos,regras,CP826-1,5,a,ADP,DET
upos,regras,CP826-1,15,brasileiro,NOUN,ADJ
upos,regras,CP826-1,36,Grande,PROPN,ADJ
upos,regras,CP826-1,44,disputa,VERB,NOUN
upos,regras,CP826-2,9,pole,X,NOUN
upos,regras,CP826-2,19,francês,NOUN,ADJ
upos,regras,CP826-2,27,a,SCONJ,DET
upos,regras,CP826-2,31,a,ADP,DET
upos,regras,CP826-2,33,brasileiro,NOUN,ADJ
upos,regras,CP826-3,4,temiam,VERB,NOUN
upos,regras,CP826-3,17,a,SCONJ,DET
upos,regras,CP826-4,2,por,SCONJ,ADP
upos,regras,CP826-4,6,rápido,NOUN,ADJ
upos,regras,CP826-4,10,a,ADP,DET
upos,regras,CP826-4,16,aguardando,VERB,NOUN
upos,regras,CP826-4,23,menos,DET,ADV
upos,regras,CP826-5,6,de,SCONJ,ADP
upos,regras,CP826-6,19,regozijou,VERB,NOUN
upos,regras,CP826-7,6,tenha,VERB,AUX
upos,regras,CP826-7,10,que,SCONJ,PRON
upos,regras,CP826-7,11,a,PRON,DET
upos,regras,CP826-7,16,que,SCONJ,PRON
upos,regras,CP827-1,2,São,PROPN,AUX
upos,regras,CP827-1,7,como,ADV,ADP
upos,regras,CP827-2,24,Conselho,PROPN,NOUN
upos,regras,CP827-2,26,Ministros,PROPN,NOUN
upos,regras,CP827-2,53,a,ADP,DET
upos,regras,CP827-2,59,a,ADP,DET
upos,regras,CP827-3,2,subsistem,VERB,NOUN
upos,regras,CP827-3,9,de,SCONJ,ADP
upos,regras,CP827-3,11,a,ADP,DET
upos,regras,CP827-3,21,Constituição,PROPN,NOUN
upos,regras,CP827-4,1,mesmo,PROPN,ADJ
upos,regras,CP827-4,4,Parlamento,PROPN,NOUN
upos,regras,CP827-4,20,dotá,VERB,NOUN
upos,regras,CP827-4,29,a,SCONJ,DET
upos,regras,CP827-4,33,a,ADP,DET
upos,regras,CP827-4,38,centristas,NOUN,ADJ
upos,regras,CP827-4,40,para,SCONJ,ADP
upos,regras,CP828-1,0,Quando,SCONJ,ADV
upos,regras,CP828-1,5,acende,VERB,NOUN
upos,regras,CP828-1,11,a,SCONJ,DET
upos,regras,CP828-1,18,a,SCONJ,DET
upos,regras,CP828-1,20,a,ADP,DET
upos,regras,CP828-1,24,um,NUM,DET
upos,regras,CP828-1,36,normalizaram,VERB,NOUN
upos,regras,CP828-2,1,nem,ADV,CCONJ
upos,regras,CP828-2,2,ouvem,VERB,NOUN
upos,regras,CP828-2,7,já,INTJ,ADV
upos,regras,CP828-3,12,vão,VERB,AUX
upos,regras,CP828-4,0,Gritam,VERB,PROPN
upos,regras,CP828-4,3,a,SCONJ,DET
upos,regras,CP828-4,10,riem,VERB,NOUN
upos,regras,CP828-4,17,estão,VERB,AUX
upos,regras,CP828-4,18,a,SCONJ,DET
upos,regras,CP828-5,2,articulados,VERB,NOUN
upos,regras,CP828-7,0,Como,ADV,ADP
upos,regras,CP828-7,9,um,NUM,DET
upos,regras,CP828-7,13,a,ADP,DET
upos,regras,CP828-7,15,meteórica,ADJ,NOUN
upos,regras,CP828-8,3,tinha,AUX,VERB
upos,regras,CP828-9,0,Respirou,VERB,PROPN
upos,regras,CP828-9,2,fundo,ADV,NOUN
upos,regras,CP828-10,5,recriminam,VERB,NOUN
upos,regras,CP828-11,12,em,SCONJ,ADP
upos,regras,CP828-11,14,a,ADP,DET
upos,regras,CP828-11,18,descia,VERB,NOUN
upos,regras,CP828-11,20,cima,ADP,NOUN
upos,regras,CP828-12,4,a,SCONJ,DET
upos,regras,CP828-13,3,de,SCONJ,ADP
upos,regras,CP828-13,10,a,SCONJ,DET
upos,regras,CP828-13,12,que,SCONJ,PRON
upos,regras,CP828-13,20,fechava,VERB,NOUN
upos,regras,CP828-14,0,Gargalhada,NOUN,PROPN
upos,regras,CP828-14,4,acusado,NOUN,VERB
upos,regras,CP828-16,2,até,ADV,ADP
upos,regras,CP828-16,3,foi,SCONJ,AUX
upos,regras,CP828-16,6,que,SCONJ,PRON
upos,regras,CP828-16,8,enfiou,VERB,NOUN
upos,regras,CP829-1,8,sucederão,VERB,NOUN
upos,regras,CP829-1,9,a,ADP,DET
upos,regras,CP829-2,4,a,ADP,DET
upos,regras,CP829-2,17,uma,NUM,DET
upos,regras,CP829-2,22,interessantes,ADJ,NOUN
upos,regras,CP829-2,34,incorporadas,VERB,NOUN
upos,regras,CP829-3,1,a,ADP,DET
upos,regras,CP829-3,21,rápidos,NOUN,ADJ
upos,regras,CP829-3,25,cronometrados,VERB,NOUN
upos,regras,CP829-3,31,rápidas,ADJ,NOUN
upos,regras,CP829-3,44,lento,NOUN,ADJ
upos,regras,CP829-3,53,italiano,NOUN,ADJ
upos,regras,CP829-4,32,a,ADP,DET
upos,regras,CP830-1,11,tinham,VERB,AUX
upos,regras,CP830-1,14,transcendente,ADJ,NOUN
upos,regras,CP830-2,0,Repetiam,VERB,PROPN
upos,regras,CP830-2,1,que,SCONJ,PRON
upos,regras,CP830-2,8,que,SCONJ,PRON
upos,regras,CP830-3,2,atribuíam,VERB,NOUN
upos,regras,CP830-3,3,a,ADP,DET
upos,regras,CP830-3,6,litúrgica,ADJ,NOUN
upos,regras,CP830-4,3,linear,ADJ,VERB
upos,regras,CP830-5,1,em,SCONJ,ADP
upos,regras,CP830-5,2,que,SCONJ,PRON
upos,regras,CP830-5,8,a,ADP,DET
upos,regras,CP830-5,14,aturavam,VERB,NOUN
upos,regras,CP830-5,15,o,PRON,DET
upos,regras,CP830-5,20,aguentado,VERB,NOUN
upos,regras,CP830-6,0,O,PRON,DET
upos,regras,CP830-6,8,que,SCONJ,PRON
upos,regras,CP831-2,1,irrequieto,ADJ,NOUN
upos,regras,CP831-2,15,pirata,ADJ,NOUN
upos,regras,CP831-3,0,Uma,NUM,DET
upos,regras,CP831-3,17,verberados,VERB,NOUN
upos,regras,CP831-3,22,a,ADP,DET
upos,regras,CP831-3,25,uma,NUM,DET
upos,regras,CP831-3,27,humorada,ADJ,NOUN
upos,regras,CP831-3,38,preservativo,ADJ,NOUN
upos,regras,CP831-3,39,antieuropeu,ADJ,NOUN
upos,regras,CP831-5,0,Pirateada,VERB,PROPN
upos,regras,CP831-5,12,a,ADP,DET
upos,regras,CP831-5,16,interessado,NOUN,VERB
upos,regras,CP831-6,1,que,SCONJ,PRON
upos,regras,CP831-6,3,uma,NUM,DET
upos,regras,CP831-6,4,a,ADP,DET
upos,regras,CP831-6,8,outra,PRON,DET
upos,regras,CP831-6,9,a,ADP,DET
upos,regras,CP831-6,11,Portas,PROPN,NOUN
upos,regras,CP832-1,5,uma,NUM,DET
upos,regras,CP832-1,18,para,SCONJ,ADP
upos,regras,CP832-2,0,Esta,PRON,DET
upos,regras,CP832-2,3,real,ADJ,PROPN
upos,regras,CP832-2,7,de,SCONJ,ADP
upos,regras,CP832-2,8,que,SCONJ,PRON
upos,regras,CP832-2,11,a,ADP,DET
upos,regras,CP832-2,16,a,SCONJ,DET
upos,regras,CP832-2,23,que,SCONJ,PRON
upos,regras,CP832-2,26,um,NUM,DET
upos,regras,CP832-2,34,a,ADP,DET
upos,regras,CP832-3,0,Uma,NUM,DET
upos,regras,CP832-3,3,alguns,PRON,DET
upos,regras,CP832-3,5,um,NUM,DET
upos,regras,CP832-3,8,outros,PRON,DET
upos,regras,CP832-5,16,suspeitávamos,VERB,NOUN
upos,regras,CP832-5,18,um,NUM,DET
upos,regras,CP832-7,2,reagi,VERB,NOUN
upos,regras,CP832-7,7,a,SCONJ,DET
upos,regras,CP832-7,9,que,SCONJ,PRON
upos,regras,CP832-7,10,engravidei,VERB,NOUN
upos,regras,CP832-8,3,que,SCONJ,PRON
upos,regras,CP832-8,8,este,PRON,DET
upos,regras,CP832-8,15,multiplicados,VERB,NOUN
upos,regras,CP832-9,4,menos,PRON,ADV
upos,regras,CP832-9,8,gémeos,NOUN,ADJ
upos,regras,CP832-9,16,chamados,ADJ,VERB
upos,regras,CP832-9,17,gémeos,NOUN,ADJ
upos,regras,CP832-9,20,dizigóticos,ADJ,NOUN
upos,regras,CP832-9,24,técnica,ADJ,NOUN
upos,regras,CP832-9,26,por,SCONJ,ADP
upos,regras,CP832-9,28,gerados,VERB,NOUN
upos,regras,CP832-10,11,quando,ADP,ADV
upos,regras,CP832-10,12,pequenos,NOUN,ADJ
upos,regras,CP832-10,27,maternal,ADJ,NOUN
upos,regras,CP832-10,30,a,ADP,DET
upos,regras,CP832-12,7,separaram,VERB,NOUN
upos,regras,CP832-12,11,10º,ADJ,NUM
upos,regras,CP832-13,1,foi,VERB,AUX
upos,regras,CP832-13,5,que,SCONJ,PRON
upos,regras,CP832-13,18,conta,VERB,NOUN
upos,regras,CP832-14,6,enquanto,SCONJ,ADV
upos,regras,CP832-14,7,que,SCONJ,PRON
upos,regras,CP833-1,6,as,PRON,DET
upos,regras,CP833-1,9,central,NOUN,PROPN
upos,regras,CP833-1,13,Casal,PROPN,NOUN
upos,regras,CP833-1,18,Campo,PROPN,NOUN
upos,regras,CP833-1,28,a,ADP,DET
upos,regras,CP833-1,31,inter-regionais,ADJ,NOUN
upos,regras,CP833-2,0,Uma,SCONJ,DET
upos,regras,CP833-2,2,que,SCONJ,PRON
upos,regras,CP833-2,4,central,NOUN,PROPN
upos,regras,CP833-2,10,a,SCONJ,DET
upos,regras,CP833-2,21,Campo,PROPN,NOUN
upos,regras,CP833-2,22,Pequeno,PROPN,ADJ
upos,regras,CP833-2,24,Sete,PROPN,NUM
upos,regras,CP833-2,25,Rios,PROPN,NOUN
upos,regras,CP833-3,2,a,SCONJ,DET
upos,regras,CP833-3,10,consagrado,ADJ,NOUN
upos,regras,CP833-3,11,a,ADP,DET
upos,regras,CP833-3,23,Parque,PROPN,NOUN
upos,regras,CP834-1,1,uma,NUM,DET
upos,regras,CP834-1,2,residente,NOUN,ADJ
upos,regras,CP834-1,20,excessivo,ADJ,NOUN
upos,regras,CP834-1,21,o,PRON,DET
upos,regras,CP834-2,19,bairro,NOUN,PROPN
upos,regras,CP834-2,25,como,SCONJ,ADP
upos,regras,CP835-1,2,têm,AUX,VERB
upos,regras,CP835-1,4,propostas,VERB,NOUN
upos,regras,CP835-1,5,para,SCONJ,ADP
upos,regras,CP835-2,0,Uma,NUM,DET
upos,regras,CP835-2,4,em,SCONJ,ADP
upos,regras,CP835-2,9,Universos,NOUN,PROPN
upos,regras,CP835-2,10,paralelos,ADJ,NOUN
upos,regras,CP835-3,7,morta,VERB,ADJ
upos,regras,CP835-4,3,um,ADV,DET
upos,regras,CP835-4,4,outro,PRON,DET
upos,regras,CP835-4,9,assassinou,VERB,NOUN
upos,regras,CP835-5,4,em,SCONJ,ADP
upos,regras,CP835-5,6,que,SCONJ,PRON
upos,regras,CP835-5,11,incoerentes,ADJ,NOUN
upos,regras,CP835-5,19,própria,DET,ADJ
upos,regras,CP835-5,22,encarregará,VERB,NOUN
upos,regras,CP835-5,23,de,SCONJ,ADP
upos,regras,CP835-5,24,o,PRON,DET
upos,regras,CP835-6,0,Como,ADV,ADP
upos,regras,CP835-7,6,a,ADP,DET
upos,regras,CP835-7,8,passado,NOUN,ADJ
upos,regras,CP835-7,11,dêem,VERB,NOUN
upos,regras,CP835-7,13,a,ADP,DET
upos,regras,CP835-7,15,temida,ADJ,NOUN
upos,regras,CP835-8,5,proibindo,VERB,NOUN
upos,regras,CP835-8,15,para,SCONJ,ADP
upos,regras,CP835-9,3,desencadeando,VERB,NOUN
upos,regras,CP835-9,14,a,SCONJ,DET
upos,regras,CP835-9,16,construídas,VERB,NOUN
upos,regras,CP836-1,3,basquetebol,NOUN,PROPN
upos,regras,CP836-1,4,a,ADP,DET
upos,regras,CP836-2,4,Ovar,PROPN,VERB
upos,regras,CP836-3,6,decepcionante,ADJ,NOUN
upos,regras,CP836-3,11,basquetebol,NOUN,PROPN
upos,regras,CP836-3,31,85-84,NUM,NOUN
upos,regras,CP836-3,34,Ovar,PROPN,VERB
upos,regras,CP836-3,46,a,ADP,DET
upos,regras,CP836-4,7,isolou,VERB,NOUN
upos,regras,CP836-4,11,segundo,ADJ,ADP
upos,regras,CP836-4,22,igualou,VERB,NOUN
upos,regras,CP837-1,22,que,SCONJ,PRON
upos,regras,CP837-1,27,a,ADP,DET
upos,regras,CP837-1,34,afectam,VERB,NOUN
upos,regras,CP837-1,47,responsável,NOUN,ADJ
upos,regras,CP837-1,50,Centro,PROPN,NOUN
upos,regras,CP837-1,52,Saúde,PROPN,NOUN
upos,regras,CP837-2,8,muitas,PRON,DET
upos,regras,CP837-2,10,interessadas,ADJ,VERB
upos,regras,CP837-2,18,algumas,PRON,DET
upos,regras,CP837-2,20,confessam,VERB,NOUN
upos,regras,CP837-2,21,que,SCONJ,PRON
upos,regras,CP837-3,10,para,SCONJ,ADP
upos,regras,CP837-4,9,Internacional,PROPN,ADJ
upos,regras,CP837-4,12,Educação,PROPN,NOUN
upos,regras,CP837-4,15,Vítimas,PROPN,NOUN
upos,regras,CP837-4,22,a,SCONJ,DET
upos,regras,CP837-4,30,que,SCONJ,PRON
upos,regras,CP838-1,1,multinacional,ADJ,NOUN
upos,regras,CP838-1,13,incorrectas,ADJ,NOUN
upos,regras,CP838-1,17,ter,VERB,AUX
upos,regras,CP838-1,36,desde,SCONJ,ADP
upos,regras,CP838-1,37,que,SCONJ,PRON
upos,regras,CP838-1,48,referidas,VERB,NOUN
upos,regras,CP838-1,53,o,PRON,DET
upos,regras,CP838-2,19,a,ADP,DET
upos,regras,CP838-2,36,cirúrgicas,ADJ,NOUN
upos,regras,CP838-3,21,americanos,NOUN,ADJ
upos,regras,CP838-3,25,testado,VERB,NOUN
upos,regras,CP838-3,47,atribuidas,VERB,NOUN
upos,regras,CP838-3,48,a,ADP,DET
upos,regras,CP838-4,10,como,SCONJ,ADP
upos,regras,CP838-4,13,a,ADP,DET
upos,regras,CP838-4,26,causal,ADJ,NOUN
upos,regras,CP838-4,49,apresentavam,VERB,NOUN
upos,regras,CP838-4,51,cardiovasculares,ADJ,NOUN
upos,regras,CP839-1,7,comunicaram,VERB,NOUN
upos,regras,CP839-1,19,a,ADP,DET
upos,regras,CP839-2,3,fornecidos,VERB,NOUN
upos,regras,CP839-2,4,a,ADP,DET
upos,regras,CP839-2,7,americanas,ADJ,NOUN
upos,regras,CP839-3,1,uma,NUM,DET
upos,regras,CP839-3,2,dezena,NUM,NOUN
upos,regras,CP839-3,5,que,SCONJ,PRON
upos,regras,CP839-3,11,iraquiano-jordana,ADJ,NOUN
upos,regras,CP839-3,15,alvo,ADJ,NOUN
upos,regras,CP839-3,24,aliada,VERB,NOUN
upos,regras,CP839-4,21,como,ADV,ADP
upos,regras,CP839-4,22,constatou,VERB,NOUN
upos,regras,CP839-4,25,a,SCONJ,DET
upos,regras,CP842-1,2,bem,NOUN,ADV
upos,regras,CP842-1,6,mal,NOUN,ADV
upos,regras,CP842-1,9,a,ADP,DET
upos,regras,CP842-3,2,búlgaro,NOUN,ADJ
upos,regras,CP842-4,4,magníficos,ADJ,NOUN
upos,regras,CP842-4,5,a,ADP,DET
upos,regras,CP842-4,7,Marítimo,PROPN,ADJ
upos,regras,CP842-5,2,víamos,VERB,NOUN
upos,regras,CP843-1,1,que,DET,PRON
upos,regras,CP843-2,8,diversas,ADJ,DET
upos,regras,CP843-2,10,a,ADP,DET
upos,regras,CP843-2,39,que,SCONJ,PRON
upos,regras,CP843-2,44,políticas,NOUN,ADJ
upos,regras,CP843-2,47,outro,PRON,DET
upos,regras,CP843-2,48,senão,ADP,ADV
upos,regras,CP843-2,60,impõem,VERB,NOUN
upos,regras,CP843-2,69,políticas,NOUN,ADJ
upos,regras,CP843-3,2,acrescentam,VERB,NOUN
upos,regras,CP843-3,9,estúpido,ADJ,NOUN
upos,regras,CP843-4,2,políticas,NOUN,ADJ
upos,regras,CP843-4,3,anti-participativas,ADJ,NOUN
upos,regras,CP843-4,5,que,SCONJ,PRON
upos,regras,CP843-4,16,julgadas,VERB,NOUN
upos,regras,CP843-4,18,inadequadas,ADJ,NOUN
upos,regras,CP843-4,29,comunitário,ADJ,PROPN
upos,regras,CP843-4,40,mais,PRON,ADV
upos,regras,CP843-4,43,vivas,ADJ,NOUN
upos,regras,CP843-4,55,a,ADP,DET
upos,regras,CP843-4,58,vivo,ADJ,NOUN
upos,regras,CP844-1,6,a,ADP,DET
upos,regras,CP844-1,19,o,PRON,DET
upos,regras,CP844-1,26,prolongadas,VERB,NOUN
upos,regras,CP844-2,14,de,SCONJ,ADP
upos,regras,CP844-2,24,por,SCONJ,ADP
upos,regras,CP844-2,31,as,PRON,DET
upos,regras,CP844-3,0,Se,SCONJ,PRON
upos,regras,CP844-3,11,para,SCONJ,ADP
upos,regras,CP844-3,20,urbanas,ADJ,NOUN
upos,regras,CP844-4,2,segundo,ADJ,ADP
upos,regras,CP844-4,4,populacional,ADJ,NOUN
upos,regras,CP844-4,9,cidade,PROPN,NOUN
upos,regras,CP844-4,12,Beira,PROPN,NOUN
upos,regras,CP844-4,16,residentes,ADJ,NOUN
upos,regras,CP844-4,27,lecciona,VERB,NOUN
upos,regras,CP844-4,41,preparatória,ADJ,NOUN
upos,regras,CP845-1,4,17º,PROPN,NUM
upos,regras,CP845-1,5,Festival,PROPN,NOUN
upos,regras,CP845-1,22,que,SCONJ,PRON
upos,regras,CP845-1,31,a,SCONJ,DET
upos,regras,CP845-1,33,convidado,NOUN,VERB
upos,regras,CP845-1,35,bem,ADP,ADV
upos,regras,CP845-1,36,como,ADV,ADP
upos,regras,CP845-2,12,representada,ADJ,VERB
upos,regras,CP845-3,13,promovidos,VERB,NOUN
upos,regras,CP845-3,16,Região,PROPN,NOUN
upos,regras,CP845-3,18,Turismo,PROPN,NOUN
upos,regras,CP845-3,30,a,ADP,DET
upos,regras,CP845-4,0,Tal,ADV,DET
upos,regras,CP845-4,1,como,SCONJ,ADP
upos,regras,CP845-4,11,marcado,ADJ,VERB
upos,regras,CP845-4,12,para,SCONJ,ADP
upos,regras,CP845-4,13,ter,VERB,AUX
upos,regras,CP845-4,15,a,ADP,DET
upos,regras,CP846-2,4,exorcizado,VERB,NOUN
upos,regras,CP846-4,7,tinha,AUX,VERB
upos,regras,CP846-5,0,Fê,VERB,PROPN
upos,regras,CP846-5,8,atrevido,VERB,NOUN
upos,regras,CP846-6,7,poucos,PRON,DET
upos,regras,CP847-3,5,nominativas,ADJ,NOUN
upos,regras,CP847-3,8,a,ADP,DET
upos,regras,CP847-3,10,portador,NOUN,ADJ
upos,regras,CP847-3,18,uma,NUM,DET
upos,regras,CP847-3,22,dominantes,ADJ,NOUN
upos,regras,CP847-3,27,nacional,ADJ,PROPN
upos,regras,CP847-4,0,Movimentados,VERB,PROPN
upos,regras,CP847-4,5,Valores,PROPN,NOUN
upos,regras,CP847-4,15,intermediados,VERB,NOUN
upos,regras,CP847-4,18,Comercial,PROPN,ADJ
upos,regras,CP847-4,19,Dealer,PROPN,VERB
upos,regras,CP848-1,7,electrónica,ADJ,NOUN
upos,regras,CP848-1,9,acordava,VERB,NOUN
upos,regras,CP848-1,10,a,ADP,DET
upos,regras,CP848-1,17,deitado,ADJ,VERB
upos,regras,CP848-1,18,a,SCONJ,DET
upos,regras,CP848-1,20,se,SCONJ,PRON
upos,regras,CP848-1,21,teria,VERB,AUX
upos,regras,CP848-2,6,a,ADP,DET
upos,regras,CP848-2,15,mandá,VERB,NOUN
upos,regras,CP848-2,28,que,SCONJ,PRON
upos,regras,CP848-2,33,E-mail,NOUN,PROPN
upos,regras,CP848-2,37,próprio,ADJ,DET
upos,regras,CP848-3,6,lê,VERB,NOUN
upos,regras,CP848-3,9,E-mail,NOUN,PROPN
upos,regras,CP848-3,19,que,SCONJ,PRON
upos,regras,CP848-3,23,circular,VERB,NOUN
upos,regras,CP848-4,0,E-mail,NOUN,PROPN
upos,regras,CP848-4,6,para,SCONJ,ADP
upos,regras,CP848-4,8,zangarmos,VERB,NOUN
upos,regras,CP848-4,12,que,SCONJ,PRON
upos,regras,CP848-5,2,que,SCONJ,PRON
upos,regras,CP848-5,8,tinham,VERB,AUX
upos,regras,CP848-5,20,seu,PRON,DET
upos,regras,CP848-6,9,despedia,VERB,NOUN
upos,regras,CP848-6,15,&,NOUN,SYM
upos,regras,CP848-6,23,electrónico,ADJ,NOUN
upos,regras,CP848-6,26,responda,VERB,NOUN
upos,regras,CP848-7,8,encontrarem,VERB,NOUN
upos,regras,CP848-7,14,o,PRON,DET
upos,regras,CP848-7,15,conhecerem,VERB,NOUN
upos,regras,CP848-7,19,a,ADP,DET
upos,regras,CP848-7,26,o,PRON,DET
upos,regras,CP848-7,29,esperto,ADJ,PROPN
upos,regras,CP848-7,31,todos,PRON,DET
upos,regras,CP848-7,38,a,SCONJ,DET
upos,regras,CP848-7,39,descreverem,VERB,NOUN
upos,regras,CP848-7,41,uns,PRON,DET
upos,regras,CP848-7,42,a,ADP,DET
upos,regras,CP848-7,44,outros,PRON,DET
upos,regras,CP848-7,47,espertos,ADJ,NOUN
upos,regras,CP848-7,51,superespertos,ADJ,NOUN
upos,regras,CP848-8,4,a,ADP,DET
upos,regras,CP848-8,9,o,PRON,DET
upos,regras,CP848-8,16,esperta,ADJ,NOUN
upos,regras,CP848-10,7,para,SCONJ,ADP
upos,regras,CP848-11,0,Para,SCONJ,ADP
upos,regras,CP848-11,11,a,PRON,DET
upos,regras,CP848-11,19,tal,PRON,DET
upos,regras,CP848-12,3,pertinente,ADJ,NOUN
upos,regras,CP848-13,3,real,ADJ,PROPN
upos,regras,CP848-14,1,para,SCONJ,ADP
upos,regras,CP848-15,3,a,ADP,DET
upos,regras,CP848-16,5,a,ADP,DET
upos,regras,CP849-2,5,por,SCONJ,ADP
upos,regras,CP849-2,7,um,NUM,DET
upos,regras,CP849-2,8,segundo,ADJ,ADP
upos,regras,CP849-2,11,a,ADP,DET
upos,regras,CP849-2,15,condescendendo,VERB,NOUN
upos,regras,CP850-1,4,que,SCONJ,PRON
upos,regras,CP850-1,16,a,ADP,DET
upos,regras,CP850-1,22,previsto,ADJ,VERB
upos,regras,CP850-1,30,Shopping,PROPN,NOUN
upos,regras,CP850-1,33,Shopping,PROPN,NOUN
upos,regras,CP850-2,7,norte-americanos,ADJ,NOUN
upos,regras,CP850-2,8,detêm,VERB,NOUN
upos,regras,CP850-2,24,elevada,ADJ,VERB
upos,regras,CP850-2,27,União,NOUN,PROPN
upos,regras,CP850-3,11,subsidiárias,ADJ,NOUN
upos,regras,CP850-3,17,distribuem,VERB,NOUN
upos,regras,CP850-3,24,norte-americanos,ADJ,NOUN
upos,regras,CP850-4,23,adquire,VERB,NOUN
upos,regras,CP851-2,8,a,SCONJ,DET
upos,regras,CP851-2,12,tendo,VERB,AUX
upos,regras,CP851-2,20,a,SCONJ,DET
upos,regras,CP852-1,20,de,SCONJ,ADP
upos,regras,CP852-1,21,o,PRON,DET
upos,regras,CP852-1,23,estava,VERB,AUX
upos,regras,CP852-1,32,decorreram,VERB,NOUN
upos,regras,CP852-1,37,a,ADP,DET
upos,regras,CP852-2,0,Nessa,ADP,PROPN
upos,regras,CP853-2,1,inglês,NOUN,ADJ
upos,regras,CP853-2,7,ter,VERB,AUX
upos,regras,CP853-3,0,A,ADP,DET
upos,regras,CP853-3,6,parvos,ADJ,NOUN
upos,regras,CP853-3,9,descontraídos,VERB,NOUN
upos,regras,CP853-4,3,a,SCONJ,DET
upos,regras,CP853-4,6,a,SCONJ,DET
upos,regras,CP853-5,2,caótico,ADJ,NOUN
upos,regras,CP853-7,0,Um,NUM,DET
upos,regras,CP853-7,10,amistosos,ADJ,NOUN
upos,regras,CP853-9,5,belo,ADJ,PROPN
upos,regras,CP854-1,10,mota,NOUN,PROPN
upos,regras,CP854-1,11,que,SCONJ,PRON
upos,regras,CP854-1,14,a,SCONJ,DET
upos,regras,CP854-1,18,para,SCONJ,ADP
upos,regras,CP854-1,20,a,PRON,DET
upos,regras,CP854-2,3,é,VERB,AUX
upos,regras,CP855-1,0,O,PRON,DET
upos,regras,CP855-1,3,húngaros,NOUN,ADJ
upos,regras,CP855-1,13,vizinhos,ADJ,NOUN
upos,regras,CP855-1,15,perigue,VERB,NOUN
upos,regras,CP855-2,4,húngaros,NOUN,ADJ
upos,regras,CP855-2,5,a,ADP,DET
upos,regras,CP855-2,9,a,SCONJ,DET
upos,regras,CP855-2,11,que,SCONJ,PRON
upos,regras,CP855-3,0,Para,SCONJ,ADP
upos,regras,CP855-3,3,complexos,ADJ,NOUN
upos,regras,CP855-3,7,húngaros,NOUN,ADJ
upos,regras,CP855-3,13,vizinhos,ADJ,NOUN
upos,regras,CP855-3,16,Governo,PROPN,NOUN
upos,regras,CP855-3,21,chefiado,VERB,NOUN
upos,regras,CP856-2,3,foram,VERB,AUX
upos,regras,CP856-2,4,a,ADP,DET
upos,regras,CP856-2,17,primeira,ADP,ADJ
upos,regras,CP856-2,35,Norte-Americana,PROPN,ADJ
upos,regras,CP856-2,38,profissional,PROPN,ADJ
upos,regras,CP856-3,5,107-105,NUM,NOUN
upos,regras,CP856-3,14,decidido,ADJ,VERB
upos,regras,CP856-3,15,a,ADP,DET
upos,regras,CP856-3,16,32s,NUM,NOUN
upos,regras,CP856-4,0,Foi,VERB,AUX
upos,regras,CP856-4,10,desempataram,VERB,NOUN
upos,regras,CP856-4,18,que,SCONJ,PRON
upos,regras,CP856-4,21,chegassem,VERB,NOUN
upos,regras,CP856-4,22,a,ADP,DET
upos,regras,CP856-4,27,os,PRON,DET
upos,regras,CP856-4,28,a,ADP,DET
upos,regras,CP856-4,31,turnover,NOUN,VERB
upos,regras,CP857-1,17,a,ADP,DET
upos,regras,CP857-1,18,os,PRON,DET
upos,regras,CP857-2,1,um,NUM,DET
upos,regras,CP857-2,13,a,ADP,DET
upos,regras,CP857-3,5,provam,VERB,NOUN
upos,regras,CP857-3,6,que,SCONJ,PRON
upos,regras,CP857-3,16,se,SCONJ,PRON
upos,regras,CP857-3,17,diminui,VERB,NOUN
upos,regras,CP857-3,22,diminui,VERB,NOUN
upos,regras,CP857-3,23,um,NUM,DET
upos,regras,CP857-3,32,miocárdio,ADJ,NOUN
upos,regras,CP857-4,11,tem,AUX,VERB
upos,regras,CP857-4,12,que,SCONJ,PRON
upos,regras,CP857-4,15,a,ADP,DET
upos,regras,CP857-5,2,quebrava,VERB,NOUN
upos,regras,CP857-5,15,deixavam,VERB,NOUN
upos,regras,CP857-5,16,de,SCONJ,ADP
upos,regras,CP857-5,17,ter,VERB,AUX
upos,regras,CP857-5,22,como,SCONJ,ADP
upos,regras,CP857-5,25,Estado,PROPN,NOUN
upos,regras,CP857-5,26,a,SCONJ,DET
upos,regras,CP857-6,0,saberiam,VERB,NOUN
upos,regras,CP857-6,1,o,PRON,DET
upos,regras,CP857-6,3,estavam,VERB,AUX
upos,regras,CP857-6,4,a,SCONJ,DET
upos,regras,CP857-7,15,fluorescentes,ADJ,NOUN
upos,regras,CP857-7,21,comprimidos,VERB,NOUN
upos,regras,CP857-8,2,precisariam,VERB,NOUN
upos,regras,CP857-8,3,de,SCONJ,ADP
upos,regras,CP857-8,11,Casal,PROPN,NOUN
upos,regras,CP857-8,12,Ventoso,PROPN,ADJ
upos,regras,CP857-9,1,diminuiria,VERB,NOUN
upos,regras,CP857-9,6,menos,DET,ADV
upos,regras,CP857-9,18,a,PRON,DET
upos,regras,CP858-1,8,como,ADV,ADP
upos,regras,CP858-2,3,integrou,VERB,NOUN
upos,regras,CP858-2,11,que,SCONJ,PRON
upos,regras,CP858-3,15,a,ADP,DET
upos,regras,CP858-4,1,tinham,VERB,AUX
upos,regras,CP858-4,3,de,SCONJ,ADP
upos,regras,CP858-4,4,ser,VERB,AUX
upos,regras,CP858-4,9,técnica,ADJ,NOUN
upos,regras,CP858-5,4,imperial,ADJ,NOUN
upos,regras,CP858-5,9,a,SCONJ,DET
upos,regras,CP858-6,1,alturas,NOUN,PROPN
upos,regras,CP858-6,5,ter,VERB,AUX
upos,regras,CP859-2,13,a,ADP,DET
upos,regras,CP859-2,15,associação,NOUN,PROPN
upos,regras,CP859-2,20,Siemens,NOUN,PROPN
upos,regras,CP859-2,35,alargada,VERB,NOUN
upos,regras,CP859-2,36,a,ADP,DET
upos,regras,CP860-1,12,de,SCONJ,ADP
upos,regras,CP860-1,13,que,SCONJ,PRON
upos,regras,CP860-2,0,Beneficiando,VERB,PROPN
upos,regras,CP860-2,4,de,SCONJ,ADP
upos,regras,CP860-2,13,reivindicativa,ADJ,NOUN
upos,regras,CP860-2,15,a,PRON,DET
upos,regras,CP860-3,1,fora,AUX,ADV
upos,regras,CP860-3,12,e,SCONJ,CCONJ
upos,regras,CP860-4,7,a,ADP,DET
upos,regras,CP860-5,0,enquanto,SCONJ,ADV
upos,regras,CP860-5,12,para,SCONJ,ADP
upos,regras,CP860-5,14,a,ADP,DET
upos,regras,CP860-5,21,cada,PROPN,DET
upos,regras,CP860-5,22,vez,PROPN,NOUN
upos,regras,CP860-5,34,a,SCONJ,DET
upos,regras,CP860-5,43,senão,ADP,ADV
upos,regras,CP861-1,0,Suspensas,VERB,PROPN
upos,regras,CP861-2,1,suspensas,ADJ,NOUN
upos,regras,CP861-2,15,engolido,VERB,NOUN
upos,regras,CP861-2,25,Boca,PROPN,NOUN
upos,regras,CP861-2,28,Inferno,PROPN,NOUN
upos,regras,CP861-3,14,barrentas,ADJ,NOUN
upos,regras,CP861-3,16,o,PRON,DET
upos,regras,CP862-1,1,a,ADP,DET
upos,regras,CP862-1,2,o,PRON,DET
upos,regras,CP862-1,18,adormecido,ADJ,VERB
upos,regras,CP862-1,24,Finanças,PROPN,NOUN
upos,regras,CP862-2,8,sucedeu,VERB,NOUN
upos,regras,CP862-2,9,a,ADP,DET
upos,regras,CP862-2,16,Estado,PROPN,NOUN
upos,regras,CP862-2,19,Orçamento,PROPN,NOUN
upos,regras,CP862-2,23,que,SCONJ,PRON
upos,regras,CP862-2,24,quando,SCONJ,ADV
upos,regras,CP862-2,30,meio,ADV,NOUN
upos,regras,CP862-2,39,a,ADP,DET
upos,regras,CP862-2,43,então,ADJ,ADV
upos,regras,CP862-2,48,local,ADJ,NOUN
upos,regras,CP862-2,51,PSD,NOUN,PROPN
upos,regras,CP862-3,1,Uma,NUM,DET
upos,regras,CP862-3,5,que,SCONJ,PRON
upos,regras,CP862-3,11,é,VERB,AUX
upos,regras,CP862-3,12,que,SCONJ,PRON
upos,regras,CP862-3,16,Câmara,PROPN,NOUN
upos,regras,CP862-3,19,justificadas,VERB,NOUN
upos,regras,CP862-3,30,um,NUM,DET
upos,regras,CP862-3,38,local,ADJ,NOUN
upos,regras,CP862-3,41,acompanhou,VERB,NOUN
upos,regras,CP862-4,8,a,ADP,DET
upos,regras,CP862-4,18,que,SCONJ,PRON
upos,regras,CP862-4,22,de,SCONJ,ADP
upos,regras,CP862-4,24,ouvido,VERB,NOUN
upos,regras,CP862-4,32,que,SCONJ,PRON
upos,regras,CP862-4,37,o,PRON,DET
upos,regras,CP862-4,39,de,SCONJ,ADP
upos,regras,CP862-4,40,que,SCONJ,PRON
upos,regras,CP862-4,44,apontava,VERB,NOUN
upos,regras,CP862-4,47,tinham,VERB,AUX
upos,regras,CP862-4,48,de,SCONJ,ADP
upos,regras,CP862-4,50,esclarecidas,VERB,NOUN
upos,regras,CP863-1,6,Mercado,PROPN,NOUN
upos,regras,CP863-1,8,Interbancário,PROPN,ADJ
upos,regras,CP863-1,24,o,PRON,DET
upos,regras,CP863-1,26,motivou,VERB,NOUN
upos,regras,CP863-1,39,a,ADP,DET
upos,regras,CP863-1,41,medida,ADP,NOUN
upos,regras,CP863-1,42,que,NOUN,PRON
upos,regras,CP863-1,44,avançava,VERB,NOUN
upos,regras,CP863-2,3,de,SCONJ,ADP
upos,regras,CP863-2,13,a,ADP,DET
upos,regras,CP863-2,26,a,ADP,DET
upos,regras,CP863-2,42,a,ADP,DET
upos,regras,CP863-2,43,um,NUM,DET
upos,regras,CP863-2,46,a,ADP,DET
upos,regras,CP863-3,4,evidenciada,VERB,NOUN
upos,regras,CP863-3,13,milhares,NUM,NOUN
upos,regras,CP864-1,4,&,PROPN,SYM
upos,regras,CP864-1,14,líquidos,ADJ,NOUN
upos,regras,CP864-1,15,consolidados,VERB,NOUN
upos,regras,CP864-2,3,afectados,VERB,PROPN
upos,regras,CP864-2,13,participada,VERB,NOUN
upos,regras,CP864-2,17,vendida,VERB,NOUN
upos,regras,CP864-2,18,a,ADP,DET
upos,regras,CP864-2,33,a,SCONJ,DET
upos,regras,CP864-2,47,a,ADP,DET
upos,regras,CP864-2,54,patrimoniais,ADJ,NOUN
upos,regras,CP864-3,7,&,PROPN,SYM
upos,regras,CP864-4,4,ascendeu,VERB,NOUN
upos,regras,CP864-4,5,a,ADP,DET
upos,regras,CP864-4,14,consolidados,ADJ,NOUN
upos,regras,CP864-4,35,totalizaram,VERB,NOUN
upos,regras,CP864-4,45,o,PRON,DET
upos,regras,CP865-1,0,Fragmentos,NOUN,PROPN
upos,regras,CP865-1,1,metálicos,ADJ,NOUN
upos,regras,CP865-2,6,H,NOUN,PROPN
upos,regras,CP865-4,3,metálicas,ADJ,NOUN
upos,regras,CP865-4,7,incrustadas,VERB,NOUN
upos,regras,CP865-6,1,que,SCONJ,PRON
upos,regras,CP865-6,5,como,ADV,ADP
upos,regras,CP865-6,7,que,SCONJ,PRON
upos,regras,CP865-6,11,ido,AUX,VERB
upos,regras,CP865-6,14,a,ADP,DET
upos,regras,CP865-6,18,a,ADP,DET
upos,regras,CP865-7,3,que,SCONJ,PRON
upos,regras,CP865-7,7,as,PRON,DET
upos,regras,CP865-7,10,aquele,PRON,DET
upos,regras,CP865-7,18,conteve,VERB,NOUN
upos,regras,CP865-8,3,uma,NUM,DET
upos,regras,CP865-8,14,a,ADP,DET
upos,regras,CP866-1,1,apressou,VERB,NOUN
upos,regras,CP866-1,3,a,SCONJ,DET
upos,regras,CP866-1,5,que,SCONJ,PRON
upos,regras,CP866-1,22,que,SCONJ,PRON
upos,regras,CP866-1,28,compilados,VERB,NOUN
upos,regras,CP866-1,32,a,ADP,DET
upos,regras,CP866-1,40,este,PRON,DET
upos,regras,CP866-2,4,a,SCONJ,DET
upos,regras,CP866-2,5,depor,VERB,NOUN
upos,regras,CP866-2,10,Casa,PROPN,NOUN
upos,regras,CP866-2,20,Tesouro,PROPN,NOUN
upos,regras,CP866-2,22,para,SCONJ,ADP
upos,regras,CP866-2,23,esclarecerem,VERB,NOUN
upos,regras,CP866-3,4,conta,VERB,NOUN
upos,regras,CP866-3,17,demitiu,VERB,NOUN
upos,regras,CP867-1,5,vai,VERB,AUX
upos,regras,CP867-1,8,chamado,ADJ,VERB
upos,regras,CP867-1,9,Turismo,PROPN,NOUN
upos,regras,CP867-1,10,Verde,PROPN,ADJ
upos,regras,CP867-2,23,RTE,NOUN,PROPN
upos,regras,CP867-3,3,costa,NOUN,PROPN
upos,regras,CP867-3,6,a,PRON,DET
upos,regras,CP867-3,7,melhor,ADV,ADJ
upos,regras,CP867-3,8,preservada,ADJ,VERB
upos,regras,CP867-3,22,cinegético,ADJ,NOUN
upos,regras,CP867-3,31,a,ADP,DET
upos,regras,CP867-5,5,campos,NOUN,PROPN
upos,regras,CP867-5,8,tem,AUX,VERB
upos,regras,CP867-5,18,que,SCONJ,PRON
upos,regras,CP868-1,45,apariceu,VERB,NOUN
upos,regras,CP868-1,47,público,NOUN,PROPN
upos,regras,CP868-2,19,divulgadas,VERB,NOUN
upos,regras,CP869-1,1,a,ADP,DET
upos,regras,CP869-1,18,Portuguesa,PROPN,ADJ
upos,regras,CP869-1,21,a,ADP,DET
upos,regras,CP869-1,26,Economia,PROPN,NOUN
upos,regras,CP869-1,29,a,ADP,DET
upos,regras,CP869-1,31,Governo,PROPN,NOUN
upos,regras,CP869-1,36,de,SCONJ,ADP
upos,regras,CP869-2,4,Governo,PROPN,NOUN
upos,regras,CP869-2,5,é,VERB,AUX
upos,regras,CP869-2,6,que,SCONJ,PRON
upos,regras,CP869-2,9,tem,AUX,VERB
upos,regras,CP869-2,10,estado,AUX,NOUN
upos,regras,CP869-3,8,comité,NOUN,PROPN
upos,regras,CP869-3,17,a,ADP,DET
upos,regras,CP869-3,20,a,ADP,DET
upos,regras,CP869-4,0,Contudo,ADV,CCONJ
upos,regras,CP869-4,16,que,SCONJ,PRON
upos,regras,CP869-4,26,Portuguesa,PROPN,ADJ
upos,regras,CP869-4,31,a,SCONJ,DET
upos,regras,CP869-4,34,passado,VERB,ADJ
upos,regras,CP870-2,1,que,SCONJ,PRON
upos,regras,CP870-2,7,a,ADP,DET
upos,regras,CP870-2,27,avultadas,ADJ,NOUN
upos,regras,CP870-2,29,como,SCONJ,ADP
upos,regras,CP870-2,34,as,PRON,DET
upos,regras,CP870-2,36,a,ADP,DET
upos,regras,CP870-3,2,preocupante,ADJ,NOUN
upos,regras,CP870-3,4,o,PRON,DET
upos,regras,CP870-3,12,negros,ADJ,NOUN
upos,regras,CP870-3,22,ardidas,VERB,NOUN
upos,regras,CP870-4,17,a,ADP,DET
upos,regras,CP870-5,11,estando,AUX,VERB
upos,regras,CP870-5,13,recorde,NOUN,VERB
upos,regras,CP871-1,0,Francófonos,NOUN,PROPN
upos,regras,CP871-1,3,guineense,ADJ,NOUN
upos,regras,CP871-2,2,Parlamentar,PROPN,ADJ
upos,regras,CP871-2,9,ex-AIPLF,PROPN,NOUN
upos,regras,CP871-2,12,reunida,VERB,ADJ
upos,regras,CP871-2,27,desencadeada,VERB,NOUN
upos,regras,CP871-2,29,um,NUM,DET
upos,regras,CP871-2,38,Forças,PROPN,NOUN
upos,regras,CP871-2,44,exortou,VERB,NOUN
upos,regras,CP871-2,49,a,ADP,DET
upos,regras,CP871-3,3,adoptada,VERB,NOUN
upos,regras,CP871-3,11,reafirma,VERB,NOUN
upos,regras,CP871-3,33,iniciada,VERB,NOUN
upos,regras,CP871-4,9,a,ADP,DET
upos,regras,CP871-4,14,Presidente,PROPN,NOUN
upos,regras,CP871-4,26,a,ADP,DET
upos,regras,CP872-1,9,a,ADP,DET
upos,regras,CP872-1,45,a,ADP,DET
upos,regras,CP872-1,48,gráfico,ADJ,NOUN
upos,regras,CP872-1,56,a,ADP,DET
upos,regras,CP872-1,59,desenrola,VERB,NOUN
upos,regras,CP872-2,12,de,SCONJ,ADP
upos,regras,CP872-2,15,total,NOUN,ADJ
upos,regras,CP872-2,20,sobrevoando,VERB,NOUN
upos,regras,CP872-2,23,enfrentando,VERB,NOUN
upos,regras,CP872-2,37,que,SCONJ,PRON
upos,regras,CP872-2,46,de,SCONJ,ADP
upos,regras,CP872-2,50,autênticas,ADJ,NOUN
upos,regras,CP872-2,58,vagueiam,VERB,NOUN
upos,regras,CP872-2,60,rumo,NOUN,ADV
upos,regras,CP872-3,2,de,SCONJ,ADP
upos,regras,CP872-3,15,os,PRON,DET
upos,regras,CP872-3,16,sempre,ADP,ADV
upos,regras,CP872-4,5,comandos,NOUN,PROPN
upos,regras,CP872-4,8,de,SCONJ,ADP
upos,regras,CP872-4,12,a,ADP,DET
upos,regras,CP872-4,21,para,SCONJ,ADP
upos,regras,CP872-5,9,a,ADP,DET
upos,regras,CP872-6,17,a,ADP,DET
upos,regras,CP872-6,19,mira,NOUN,PROPN
upos,regras,CP873-1,0,Observatório,PROPN,NOUN
upos,regras,CP873-1,3,Drogas,PROPN,NOUN
upos,regras,CP873-2,1,um,NUM,DET
upos,regras,CP873-3,14,Observatório,PROPN,NOUN
upos,regras,CP873-3,15,Europeu,PROPN,ADJ
upos,regras,CP873-3,18,Drogas,PROPN,NOUN
upos,regras,CP873-3,45,Europeia,PROPN,ADJ
upos,regras,CP874-1,10,pouco,DET,ADV
upos,regras,CP874-2,0,O,PRON,DET
upos,regras,CP874-2,7,feito,ADJ,VERB
upos,regras,CP874-2,14,Governo,PROPN,NOUN
upos,regras,CP874-3,4,falta,VERB,NOUN
upos,regras,CP874-3,6,como,ADV,ADP
upos,regras,CP874-4,0,O,PRON,DET
upos,regras,CP874-5,4,triplo,ADJ,NOUN
upos,regras,CP875-1,8,a,ADP,DET
upos,regras,CP875-2,1,a,SCONJ,DET
upos,regras,CP875-4,13,Órgão,PROPN,NOUN
upos,regras,CP875-4,14,Internacional,PROPN,ADJ
upos,regras,CP875-4,16,Controlo,PROPN,NOUN
upos,regras,CP875-5,17,a,ADP,DET
upos,regras,CP875-5,25,vozes,NOUN,PROPN
upos,regras,CP875-5,27,tolerantes,ADJ,NOUN
upos,regras,CP875-5,32,narcóticos,ADJ,NOUN
upos,regras,CP875-6,3,cada,NOUN,DET
upos,regras,CP875-6,4,vez,ADP,NOUN
upos,regras,CP875-6,5,mais,NOUN,ADV
upos,regras,CP875-6,8,fumada,VERB,NOUN
upos,regras,CP875-6,11,injectada,VERB,NOUN
upos,regras,CP876-1,1,Norquifar,PROPN,VERB
upos,regras,CP876-1,10,Infarmed,NOUN,PROPN
upos,regras,CP876-1,22,de,SCONJ,ADP
upos,regras,CP876-1,32,a,ADP,DET
upos,regras,CP876-1,47,queixa,VERB,NOUN
upos,regras,CP876-1,49,de,SCONJ,ADP
upos,regras,CP876-1,52,surpreendida,VERB,NOUN
upos,regras,CP876-1,54,pouco,DET,ADV
upos,regras,CP876-2,7,135/95,NUM,NOUN
upos,regras,CP876-2,31,de,SCONJ,ADP
upos,regras,CP876-2,40,como,ADV,ADP
upos,regras,CP876-2,41,sejam,VERB,AUX
upos,regras,CP876-2,46,camarários,ADJ,NOUN
upos,regras,CP876-2,53,Serviço,PROPN,NOUN
upos,regras,CP876-2,56,Bombeiros,PROPN,NOUN
upos,regras,CP876-2,65,Norquifar,PROPN,VERB
upos,regras,CP876-3,5,esgotarem,VERB,NOUN
upos,regras,CP876-3,17,de,SCONJ,ADP
upos,regras,CP876-3,28,instituto,NOUN,PROPN
upos,regras,CP876-4,8,a,ADP,DET
upos,regras,CP876-4,11,de,SCONJ,ADP
upos,regras,CP876-4,13,a,ADP,DET
upos,regras,CP876-5,1,Norquifar,PROPN,VERB
upos,regras,CP876-5,6,tinha,AUX,VERB
upos,regras,CP876-5,7,queixado,VERB,NOUN
upos,regras,CP876-5,8,de,SCONJ,ADP
upos,regras,CP876-5,10,estarem,VERB,AUX
upos,regras,CP876-5,12,a,SCONJ,DET
upos,regras,CP876-5,20,que,SCONJ,PRON
upos,regras,CP876-5,25,licenciado,NOUN,VERB
upos,regras,CP876-5,26,a,ADP,DET
upos,regras,CP876-5,46,como,ADV,ADP
upos,regras,CP876-5,52,grossista,ADJ,NOUN
upos,regras,CP876-5,56,a,ADP,DET
upos,regras,CP876-5,58,público,NOUN,PROPN
upos,regras,CP877-3,1,um,NUM,DET
upos,regras,CP877-3,3,a,ADP,DET
upos,regras,CP877-3,6,que,SCONJ,PRON
upos,regras,CP877-4,1,um,NUM,DET
upos,regras,CP877-4,10,a,PRON,DET
upos,regras,CP877-4,18,a,ADP,DET
upos,regras,CP877-4,20,legislativas,NOUN,ADJ
upos,regras,CP877-5,10,jurava,VERB,NOUN
upos,regras,CP877-6,0,Protagonizava,VERB,PROPN
upos,regras,CP877-6,4,uma,NUM,DET
upos,regras,CP877-6,9,badaladas,ADJ,NOUN
upos,regras,CP877-7,0,a,ADP,DET
upos,regras,CP877-7,10,para,SCONJ,ADP
upos,regras,CP877-7,11,ir,AUX,VERB
upos,regras,CP877-8,1,sol,NOUN,PROPN
upos,regras,CP877-8,4,dura,NOUN,VERB
upos,regras,CP877-10,1,de,SCONJ,ADP
upos,regras,CP877-10,2,que,SCONJ,PRON
upos,regras,CP877-10,4,a,ADP,DET
upos,regras,CP877-10,17,pesados,VERB,NOUN
upos,regras,CP877-10,24,canal,NOUN,PROPN
upos,regras,CP877-10,30,outros,PRON,DET
upos,regras,CP877-10,31,a,PRON,DET
upos,regras,CP878-1,11,estatais,ADJ,NOUN
upos,regras,CP878-1,14,a,ADP,DET
upos,regras,CP878-1,25,Habitação,PROPN,NOUN
upos,regras,CP878-1,30,Gestão,PROPN,NOUN
upos,regras,CP878-1,32,Alienação,PROPN,NOUN
upos,regras,CP878-1,35,Património,PROPN,NOUN
upos,regras,CP878-1,39,Estado,PROPN,NOUN
upos,regras,CP879-1,7,Sindicato,PROPN,NOUN
upos,regras,CP879-1,10,Têxteis,PROPN,NOUN
upos,regras,CP879-1,16,Câmara,PROPN,NOUN
upos,regras,CP879-1,21,terá,AUX,VERB
upos,regras,CP879-2,8,de,SCONJ,ADP
upos,regras,CP879-2,20,um,NUM,DET
upos,regras,CP879-3,5,a,ADP,DET
upos,regras,CP879-3,8,Construções,PROPN,NOUN
upos,regras,CP879-3,9,Progresso,PROPN,NOUN
upos,regras,CP879-4,0,Estas,PRON,DET
upos,regras,CP879-4,9,considerarem,VERB,NOUN
upos,regras,CP879-4,19,dado,SCONJ,VERB
