tarefa,modelo,sentenca_id,posicao,token,tag_gold,tag_predita
ner,crf,c2003-1,2,JAPAN,B-LOC,B-ORG
ner,crf,c2003-1,4,LUCKY,O,B-ORG
ner,crf,c2003-1,5,WIN,O,I-ORG
ner,crf,c2003-1,7,CHINA,B-PER,B-ORG
ner,crf,c2003-1,9,SURPRISE,O,B-MISC
ner,crf,c2003-1,10,DEFEAT,O,I-MISC
ner,crf,c2003-3,0,AL-AIN,B-LOC,B-ORG
ner,crf,c2003-3,2,United,B-LOC,B-ORG
ner,crf,c2003-3,3,Arab,I-LOC,I-ORG
ner,crf,c2003-3,4,Emirates,I-LOC,I-ORG
ner,crf,c2003-4,6,Asian,B-MISC,B-LOC
ner,crf,c2003-4,7,Cup,I-MISC,B-LOC
ner,crf,c2003-4,12,2-1,O,B-MISC
ner,crf,c2003-4,18,Group,O,B-LOC
ner,crf,c2003-4,19,C,O,I-LOC
ner,crf,c2003-4,23,Friday,O,B-MISC
ner,crf,c2003-5,19,2-0,O,B-MISC
ner,crf,c2003-6,16,Uzbek,B-MISC,B-LOC
ner,crf,c2003-6,18,Igor,B-PER,B-LOC
ner,crf,c2003-6,19,Shkvyrin,I-PER,B-PER
ner,crf,c2003-6,34,Chinese,B-MISC,B-LOC
ner,crf,c2003-8,2,Soviet,B-MISC,B-LOC
ner,crf,c2003-8,8,Asian,B-MISC,B-LOC
ner,crf,c2003-8,9,Cup,I-MISC,I-LOC
ner,crf,c2003-9,3,Asian,B-MISC,B-LOC
ner,crf,c2003-9,4,Games,I-MISC,B-LOC
ner,crf,c2003-9,6,two,O,B-MISC
ner,crf,c2003-9,8,ago,O,B-MISC
ner,crf,c2003-11,14,Hiroshige,B-PER,B-LOC
ner,crf,c2003-11,15,Yanagimoto,I-PER,I-LOC
ner,crf,c2003-11,19,Syrian,B-MISC,B-LOC
ner,crf,c2003-11,23,Salem,B-PER,B-LOC
ner,crf,c2003-11,24,Bitar,I-PER,I-LOC
ner,crf,c2003-12,9,four,O,B-MISC
ner,crf,c2003-13,0,Defender,O,B-PER
ner,crf,c2003-13,1,Hassan,B-PER,I-PER
ner,crf,c2003-13,27,Bitar,B-PER,B-LOC
ner,crf,c2003-15,6,Syrian,B-MISC,B-LOC
ner,crf,c2003-15,18,Syrian,B-MISC,B-LOC
ner,crf,c2003-16,0,Bitar,B-PER,O
ner,crf,c2003-17,2,Shu,B-PER,I-LOC
ner,crf,c2003-17,3,Kamo,I-PER,B-PER
ner,crf,c2003-17,9,Syrian,B-MISC,B-LOC
ner,crf,c2003-18,1,Syrians,B-MISC,B-ORG
ner,crf,c2003-20,8,2002,O,B-MISC
ner,crf,c2003-20,16,FIFA,B-ORG,B-LOC
ner,crf,c2003-21,1,UAE,B-LOC,B-ORG
ner,crf,c2003-21,3,Kuwait,B-LOC,B-ORG
ner,crf,c2003-21,5,South,B-LOC,I-ORG
ner,crf,c2003-21,6,Korea,I-LOC,I-ORG
ner,crf,c2003-21,11,Saturday,O,B-MISC
ner,crf,c2003-21,13,Group,O,B-LOC
ner,crf,c2003-21,14,A,O,B-MISC
ner,crf,c2003-23,1,UNION,I-ORG,O
ner,crf,c2003-23,3,CUTTITTA,B-PER,B-ORG
ner,crf,c2003-23,6,ITALY,B-LOC,O
ner,crf,c2003-23,7,AFTER,O,B-ORG
ner,crf,c2003-23,8,A,O,B-MISC
ner,crf,c2003-23,9,YEAR,O,I-MISC
ner,crf,c2003-24,0,ROME,B-LOC,O
ner,crf,c2003-25,0,Italy,B-LOC,B-ORG
ner,crf,c2003-25,2,Marcello,B-PER,B-ORG
ner,crf,c2003-25,3,Cuttitta,I-PER,I-ORG
ner,crf,c2003-26,1,Friday,O,B-MISC
ner,crf,c2003-26,6,Scotland,B-LOC,B-ORG
ner,crf,c2003-26,15,30-year-old,O,B-LOC
ner,crf,c2003-27,12,Saturday,O,B-MISC
ner,crf,c2003-27,19,21-man,O,B-MISC
ner,crf,c2003-27,28,54-21,O,B-MISC
ner,crf,c2003-27,34,month,O,B-MISC
ner,crf,c2003-28,14,Corrado,B-PER,B-ORG
ner,crf,c2003-28,15,Covi,I-PER,I-ORG
ner,crf,c2003-28,23,England,B-LOC,B-ORG
ner,crf,c2003-28,26,five,O,B-MISC
ner,crf,c2003-28,28,out,O,B-MISC
ner,crf,c2003-28,29,of,O,I-MISC
ner,crf,c2003-28,31,national,O,B-MISC
ner,crf,c2003-28,32,team,O,I-MISC
ner,crf,c2003-29,7,World,I-MISC,B-MISC
ner,crf,c2003-29,19,Italy,B-LOC,B-ORG
ner,crf,c2003-30,7,two,O,B-MISC
ner,crf,c2003-34,2,Javier,B-PER,B-LOC
ner,crf,c2003-34,3,Pertile,I-PER,I-LOC
ner,crf,c2003-34,5,Paolo,B-PER,B-LOC
ner,crf,c2003-34,6,Vaccari,I-PER,I-LOC
ner,crf,c2003-34,8,Marcello,B-PER,B-LOC
ner,crf,c2003-34,9,Cuttitta,I-PER,I-LOC
ner,crf,c2003-34,11,Ivan,B-PER,B-LOC
ner,crf,c2003-34,12,Francescato,I-PER,I-LOC
ner,crf,c2003-34,14,Leandro,B-PER,B-LOC
ner,crf,c2003-34,15,Manteri,I-PER,I-LOC
ner,crf,c2003-34,17,Diego,B-PER,B-LOC
ner,crf,c2003-34,18,Dominguez,I-PER,I-LOC
ner,crf,c2003-34,20,Francesco,B-PER,B-LOC
ner,crf,c2003-34,21,Mazzariol,I-PER,I-LOC
ner,crf,c2003-34,23,Alessandro,B-PER,B-LOC
ner,crf,c2003-34,24,Troncon,I-PER,I-LOC
ner,crf,c2003-34,26,Orazio,B-PER,B-LOC
ner,crf,c2003-34,27,Arancio,I-PER,I-LOC
ner,crf,c2003-34,29,Andrea,B-PER,B-LOC
ner,crf,c2003-34,30,Sgorlon,I-PER,I-LOC
ner,crf,c2003-34,32,Massimo,B-PER,B-LOC
ner,crf,c2003-34,33,Giovanelli,I-PER,I-LOC
ner,crf,c2003-34,35,Carlo,B-PER,B-LOC
ner,crf,c2003-34,36,Checchinato,I-PER,I-LOC
ner,crf,c2003-34,38,Walter,B-PER,B-LOC
ner,crf,c2003-34,39,Cristofoletto,I-PER,I-LOC
ner,crf,c2003-34,41,Franco,B-PER,B-LOC
ner,crf,c2003-34,42,Properzi,I-PER,I-LOC
ner,crf,c2003-34,43,Curti,I-PER,I-LOC
ner,crf,c2003-34,45,Carlo,B-PER,B-LOC
ner,crf,c2003-34,46,Orlandi,I-PER,I-LOC
ner,crf,c2003-34,48,Massimo,B-PER,B-LOC
ner,crf,c2003-34,49,Cuttitta,I-PER,I-LOC
ner,crf,c2003-34,51,Giambatista,B-PER,B-LOC
ner,crf,c2003-34,52,Croci,I-PER,I-LOC
ner,crf,c2003-34,54,Gianluca,B-PER,B-LOC
ner,crf,c2003-34,55,Guidi,I-PER,I-LOC
ner,crf,c2003-34,57,Nicola,B-PER,B-LOC
ner,crf,c2003-34,58,Mazzucato,I-PER,I-LOC
ner,crf,c2003-34,60,Alessandro,B-PER,B-LOC
ner,crf,c2003-34,61,Moscardi,I-PER,I-LOC
ner,crf,c2003-34,63,Andrea,B-PER,B-LOC
ner,crf,c2003-34,64,Castellani,I-PER,I-LOC
ner,crf,c2003-35,2,LATE,O,B-ORG
ner,crf,c2003-35,5,JAPAN,B-LOC,B-PER
ner,crf,c2003-35,6,WIN,O,I-PER
ner,crf,c2003-36,0,AL-AIN,B-LOC,B-ORG
ner,crf,c2003-36,2,United,B-LOC,B-ORG
ner,crf,c2003-36,3,Arab,I-LOC,I-ORG
ner,crf,c2003-36,4,Emirates,I-LOC,I-ORG
ner,crf,c2003-37,12,2-1,O,B-MISC
ner,crf,c2003-37,13,Asian,B-MISC,I-MISC
ner,crf,c2003-37,19,Friday,O,B-MISC
ner,crf,c2003-38,12,C,O,B-ORG
ner,crf,c2003-38,16,Salem,B-PER,B-LOC
ner,crf,c2003-38,17,Bitar,I-PER,I-LOC
ner,crf,c2003-39,4,Syrian,B-MISC,B-LOC
ner,crf,c2003-39,8,four,O,B-MISC
ner,crf,c2003-40,0,Defender,O,B-PER
ner,crf,c2003-40,1,Hassan,B-PER,I-PER
ner,crf,c2003-40,27,Bitar,B-PER,B-LOC
ner,crf,c2003-42,9,Ammar,B-PER,B-LOC
ner,crf,c2003-42,10,Awad,I-PER,I-LOC
ner,crf,c2003-42,17,Kenichi,B-PER,B-LOC
ner,crf,c2003-42,18,Shimokawa,I-PER,I-LOC
ner,crf,c2003-43,6,Syrian,B-MISC,B-LOC
ner,crf,c2003-44,2,later,O,B-MISC
ner,crf,c2003-44,4,Bitar,B-PER,B-LOC
ner,crf,c2003-44,13,Kazuyoshi,B-PER,B-LOC
ner,crf,c2003-44,14,Miura,I-PER,I-LOC
ner,crf,c2003-44,21,Takagi,B-PER,B-ORG
ner,crf,c2003-45,0,Bitar,B-PER,B-LOC
ner,crf,c2003-45,5,Miura,B-PER,B-LOC
ner,crf,c2003-46,3,second,O,B-MISC
ner,crf,c2003-46,4,half,O,I-MISC
ner,crf,c2003-46,7,Bitar,B-PER,B-LOC
ner,crf,c2003-46,20,Naoki,B-PER,B-LOC
ner,crf,c2003-46,21,Soma,I-PER,I-LOC
ner,crf,c2003-46,27,53rd,O,B-MISC
ner,crf,c2003-46,28,minute,O,I-MISC
ner,crf,c2003-47,2,19,O,B-MISC
ner,crf,c2003-47,4,Kenichi,B-PER,B-LOC
ner,crf,c2003-47,5,Shimokawa,I-PER,I-LOC
ner,crf,c2003-47,7,2,O,I-MISC
ner,crf,c2003-47,9,Hiroshige,B-PER,B-LOC
ner,crf,c2003-47,10,Yanagimoto,I-PER,I-LOC
ner,crf,c2003-47,12,3,O,I-MISC
ner,crf,c2003-47,14,Naoki,B-PER,B-LOC
ner,crf,c2003-47,15,Soma,I-PER,I-LOC
ner,crf,c2003-47,17,4,O,I-MISC
ner,crf,c2003-47,19,Masami,B-PER,B-LOC
ner,crf,c2003-47,20,Ihara,I-PER,I-LOC
ner,crf,c2003-47,22,5,O,I-MISC
ner,crf,c2003-47,24,Norio,B-PER,B-LOC
ner,crf,c2003-47,25,Omura,I-PER,I-LOC
ner,crf,c2003-47,27,6,O,I-MISC
ner,crf,c2003-47,29,Motohiro,B-PER,B-LOC
ner,crf,c2003-47,30,Yamaguchi,I-PER,I-LOC
ner,crf,c2003-47,32,8,O,I-MISC
ner,crf,c2003-47,34,Masakiyo,B-PER,B-LOC
ner,crf,c2003-47,35,Maezono,I-PER,I-LOC
ner,crf,c2003-47,37,7,O,B-MISC
ner,crf,c2003-47,39,Yasuto,B-PER,B-LOC
ner,crf,c2003-47,40,Honda,I-PER,I-LOC
ner,crf,c2003-47,41,71,O,B-MISC
ner,crf,c2003-47,44,9,O,I-MISC
ner,crf,c2003-47,46,Takuya,B-PER,B-LOC
ner,crf,c2003-47,47,Takagi,I-PER,I-LOC
ner,crf,c2003-47,49,10,O,I-MISC
ner,crf,c2003-47,51,Hiroshi,B-PER,B-LOC
ner,crf,c2003-47,52,Nanami,I-PER,I-LOC
ner,crf,c2003-47,54,11,O,I-MISC
ner,crf,c2003-47,56,Kazuyoshi,B-PER,B-LOC
ner,crf,c2003-47,57,Miura,I-PER,I-LOC
ner,crf,c2003-47,59,15,O,I-MISC
ner,crf,c2003-47,61,Hiroaki,B-PER,B-LOC
ner,crf,c2003-47,62,Morishima,I-PER,I-LOC
ner,crf,c2003-47,64,14,O,B-MISC
ner,crf,c2003-47,66,Masayuki,B-PER,B-LOC
ner,crf,c2003-47,67,Okano,I-PER,I-LOC
ner,crf,c2003-47,68,75,O,B-MISC
ner,crf,c2003-48,2,24,O,B-MISC
ner,crf,c2003-48,4,Salem,B-PER,B-LOC
ner,crf,c2003-48,5,Bitar,I-PER,I-LOC
ner,crf,c2003-48,7,3,O,I-MISC
ner,crf,c2003-48,9,Bachar,B-PER,B-LOC
ner,crf,c2003-48,10,Srour,I-PER,I-LOC
ner,crf,c2003-48,12,4,O,B-MISC
ner,crf,c2003-48,14,Hassan,B-PER,B-LOC
ner,crf,c2003-48,15,Abbas,I-PER,I-LOC
ner,crf,c2003-48,17,5,O,I-MISC
ner,crf,c2003-48,19,Tarek,B-PER,B-LOC
ner,crf,c2003-48,20,Jabban,I-PER,I-LOC
ner,crf,c2003-48,22,6,O,I-MISC
ner,crf,c2003-48,24,Ammar,B-PER,B-LOC
ner,crf,c2003-48,25,Awad,I-PER,I-LOC
ner,crf,c2003-48,27,9,O,B-MISC
ner,crf,c2003-48,29,Louay,B-PER,B-LOC
ner,crf,c2003-48,30,Taleb,I-PER,I-MISC
ner,crf,c2003-48,31,69,O,I-MISC
ner,crf,c2003-48,34,8,O,I-MISC
ner,crf,c2003-48,36,Nihad,B-PER,B-LOC
ner,crf,c2003-48,37,al-Boushi,I-PER,O
ner,crf,c2003-48,39,10,O,I-MISC
ner,crf,c2003-48,41,Mohammed,B-PER,B-LOC
ner,crf,c2003-48,42,Afash,I-PER,I-LOC
ner,crf,c2003-48,44,12,O,I-MISC
ner,crf,c2003-48,46,Ali,B-PER,B-LOC
ner,crf,c2003-48,47,Dib,I-PER,I-LOC
ner,crf,c2003-48,49,13,O,I-MISC
ner,crf,c2003-48,51,Abdul,B-PER,B-LOC
ner,crf,c2003-48,52,Latif,I-PER,O
ner,crf,c2003-48,53,Helou,I-PER,B-MISC
ner,crf,c2003-48,55,17,O,B-MISC
ner,crf,c2003-48,57,Ammar,B-PER,B-LOC
ner,crf,c2003-48,58,Rihawiy,I-PER,I-LOC
ner,crf,c2003-48,59,46,O,B-MISC
ner,crf,c2003-48,62,14,O,I-MISC
ner,crf,c2003-48,64,Khaled,B-PER,B-LOC
ner,crf,c2003-48,65,Zaher,I-PER,B-PER
ner,crf,c2003-48,67,16,O,B-MISC
ner,crf,c2003-48,69,Nader,B-PER,B-LOC
ner,crf,c2003-48,70,Jokhadar,I-PER,I-LOC
ner,crf,c2003-49,0,FREESTYLE,O,B-ORG
ner,crf,c2003-49,1,SKIING-WORLD,B-MISC,O
ner,crf,c2003-49,2,CUP,I-MISC,B-ORG
ner,crf,c2003-49,3,MOGUL,O,B-ORG
ner,crf,c2003-50,0,TIGNES,B-LOC,B-ORG
ner,crf,c2003-50,2,France,B-LOC,B-ORG
ner,crf,c2003-52,5,Friday,O,B-MISC
ner,crf,c2003-54,6,25.76,O,I-MISC
ner,crf,c2003-74,1,Katleen,B-PER,B-ORG
ner,crf,c2003-74,2,Allais,I-PER,I-ORG
ner,crf,c2003-75,2,ASIAN,B-MISC,B-ORG
ner,crf,c2003-75,3,CUP,I-MISC,O
ner,crf,c2003-75,4,GROUP,O,B-ORG
ner,crf,c2003-75,6,RESULTS,O,B-ORG
ner,crf,c2003-76,0,AL-AIN,B-LOC,B-ORG
ner,crf,c2003-76,2,United,B-LOC,B-ORG
ner,crf,c2003-76,3,Arab,I-LOC,I-ORG
ner,crf,c2003-76,4,Emirates,I-LOC,I-ORG
ner,crf,c2003-77,2,Asian,B-MISC,B-LOC
ner,crf,c2003-77,3,Cup,I-MISC,I-LOC
ner,crf,c2003-77,5,C,O,B-LOC
ner,crf,c2003-77,9,Friday,O,B-MISC
ner,crf,c2003-78,1,2,O,B-MISC
ner,crf,c2003-78,2,Syria,B-LOC,I-MISC
ner,crf,c2003-78,3,1,O,I-MISC
ner,crf,c2003-78,6,0-1,O,B-MISC
ner,crf,c2003-80,2,Hassan,B-PER,B-LOC
ner,crf,c2003-80,3,Abbas,I-PER,I-LOC
ner,crf,c2003-80,8,Takuya,B-PER,B-LOC
ner,crf,c2003-80,9,Takagi,I-PER,I-LOC
ner,crf,c2003-80,10,88,O,B-MISC
ner,crf,c2003-81,2,Nader,B-PER,B-LOC
ner,crf,c2003-81,3,Jokhadar,I-PER,I-LOC
ner,crf,c2003-82,2,"10,000",O,B-MISC
ner,crf,c2003-83,1,0,O,B-MISC
ner,crf,c2003-83,2,Uzbekistan,B-LOC,I-MISC
ner,crf,c2003-83,3,2,O,I-MISC
ner,crf,c2003-83,6,0-0,O,B-MISC
ner,crf,c2003-84,4,78,O,B-MISC
ner,crf,c2003-84,6,Shatskikh,B-PER,B-LOC
ner,crf,c2003-84,7,Oleg,I-PER,I-LOC
ner,crf,c2003-88,0,Uzbekistan,B-LOC,B-ORG
ner,crf,c2003-88,1,1,O,I-MISC
ner,crf,c2003-88,2,1,O,I-MISC
ner,crf,c2003-88,3,0,O,I-MISC
ner,crf,c2003-88,4,0,O,I-MISC
ner,crf,c2003-88,5,2,O,I-MISC
ner,crf,c2003-88,6,0,O,I-MISC
ner,crf,c2003-88,7,3,O,I-MISC
ner,crf,c2003-89,1,1,O,I-MISC
ner,crf,c2003-89,2,1,O,I-MISC
ner,crf,c2003-89,3,0,O,I-MISC
ner,crf,c2003-89,4,0,O,I-MISC
ner,crf,c2003-89,5,2,O,I-MISC
ner,crf,c2003-89,6,1,O,I-MISC
ner,crf,c2003-89,7,3,O,I-MISC
ner,crf,c2003-90,1,1,O,I-MISC
ner,crf,c2003-90,2,0,O,I-MISC
ner,crf,c2003-90,3,0,O,I-MISC
ner,crf,c2003-90,4,1,O,I-MISC
ner,crf,c2003-90,5,1,O,I-MISC
ner,crf,c2003-90,6,2,O,I-MISC
ner,crf,c2003-90,7,0,O,I-MISC
ner,crf,c2003-91,1,1,O,I-MISC
ner,crf,c2003-91,2,0,O,I-MISC
ner,crf,c2003-91,3,0,O,I-MISC
ner,crf,c2003-91,4,1,O,I-MISC
ner,crf,c2003-91,5,0,O,I-MISC
ner,crf,c2003-91,6,2,O,I-MISC
ner,crf,c2003-91,7,0,O,I-MISC
ner,crf,c2003-92,0,CRICKET,O,B-ORG
ner,crf,c2003-92,2,PAKISTAN,B-LOC,B-ORG
ner,crf,c2003-92,4,NEW,B-LOC,O
ner,crf,c2003-92,5,ZEALAND,I-LOC,B-ORG
ner,crf,c2003-92,7,SCOREBOARD,O,B-ORG
ner,crf,c2003-93,1,CORRECTED,O,B-ORG
ner,crf,c2003-93,3,GMT,B-MISC,B-ORG
ner,crf,c2003-94,0,SIALKOT,B-LOC,B-ORG
ner,crf,c2003-97,1,Friday,O,B-MISC
ner,crf,c2003-98,0,Pakistan,B-LOC,B-ORG
ner,crf,c2003-99,4,91,O,I-MISC
ner,crf,c2003-99,8,90,O,B-MISC
ner,crf,c2003-100,3,Cairns,B-PER,I-LOC
ner,crf,c2003-100,4,86,O,I-MISC
ner,crf,c2003-100,8,87,O,B-MISC
upos,regras,test-s1,5,marco,NOUN,PROPN
upos,regras,test-s2,3,que,CCONJ,PRON
upos,regras,test-s3,4,retorna,VERB,NOUN
upos,regras,test-s3,5,á,ADP,NOUN
upos,regras,test-s4,0,Comissão,PROPN,NOUN
upos,regras,test-s4,1,técnica,ADJ,NOUN
upos,regras,test-s4,4,desfrutam,VERB,NOUN
upos,regras,test-s5,1,espada,NOUN,PROPN
upos,regras,test-s5,17,periciada,VERB,NOUN
upos,regras,test-s6,1,se,PART,PRON
upos,regras,test-s6,8,deposto,VERB,NOUN
upos,regras,test-s6,23,caindo,VERB,NOUN
upos,regras,test-s6,34,Verde,PROPN,ADJ
upos,regras,test-s6,37,Homem,PROPN,NOUN
upos,regras,test-s7,6,gosto,VERB,NOUN
upos,regras,test-s7,12,empolgado,ADJ,NOUN
upos,regras,test-s7,19,tenho,AUX,VERB
upos,regras,test-s7,20,que,CCONJ,PRON
upos,regras,test-s8,1,http://m.goal.com,X,NOUN
upos,regras,test-s11,0,Foi,VERB,AUX
upos,regras,test-s11,4,que,CCONJ,PRON
upos,regras,test-s11,25,o,PRON,DET
upos,regras,test-s11,31,dezembro,PROPN,NOUN
upos,regras,test-s12a,0,Face,NOUN,ADV
upos,regras,test-s12a,1,a,ADP,DET
upos,regras,test-s12a,3,reiterada,ADJ,NOUN
upos,regras,test-s12a,6,a,ADP,DET
upos,regras,test-s12a,8,paulatina,ADJ,NOUN
upos,regras,test-s12a,17,Ponta,PROPN,NOUN
upos,regras,test-s12a,23,queixa,PROPN,NOUN
upos,regras,test-s12a,24,a,ADP,DET
upos,regras,test-s12a,35,a,ADP,DET
upos,regras,test-s12b,5,a,ADP,DET
upos,regras,test-s12b,6,que,CCONJ,PRON
upos,regras,test-s12b,8,tivesse,AUX,VERB
upos,regras,test-s12b,10,a,ADP,DET
upos,regras,test-s12b,13,falecendo,VERB,NOUN
upos,regras,test-s12b,18,São,PROPN,AUX
upos,regras,test-s12b,20,a,ADP,DET
upos,regras,test-s12b,23,Junho,PROPN,NOUN
upos,regras,test-s12b,28,sepultado,ADJ,NOUN
upos,regras,test-s12b,34,Ponta,PROPN,NOUN
upos,regras,test-s13,0,Trabalhava,VERB,PROPN
upos,regras,test-s13,4,administrativo,ADJ,PROPN
upos,regras,test-s13,8,morta,VERB,ADJ
upos,regras,test-s14,1,Sanepar,PROPN,VERB
upos,regras,test-s14,18,neste,ADP,NOUN
upos,regras,test-s14,19,sábado,PROPN,NOUN
upos,regras,test-s14,24,podendo,AUX,VERB
upos,regras,test-s15,1,alegam,VERB,NOUN
upos,regras,test-s15,2,que,CCONJ,PRON
upos,regras,test-s15,12,bairro,NOUN,PROPN
upos,regras,test-s15,22,como,CCONJ,ADP
upos,regras,test-s16,5,ex,PART,ADP
upos,regras,test-s16,9,direita,ADJ,NOUN
upos,regras,test-s16,14,General,PROPN,NOUN
upos,regras,test-s16,17,a,ADP,DET
upos,regras,test-s17,14,Fórum,PROPN,NOUN
upos,regras,test-s17,16,Presidentes,PROPN,NOUN
upos,regras,test-s17,19,Cooperativas,PROPN,NOUN
upos,regras,test-s18,0,Quando,CCONJ,ADV
upos,regras,test-s18,2,foi,VERB,AUX
upos,regras,test-s18,3,a,ADP,DET
upos,regras,test-s18,7,cobrá,VERB,NOUN
upos,regras,test-s18,9,los,PRON,PROPN
upos,regras,test-s18,21,envolveu,VERB,NOUN
upos,regras,test-s19,0,@,X,SYM
upos,regras,test-s19,1,durvalorlato,X,NOUN
upos,regras,test-s19,4,que,CCONJ,PRON
upos,regras,test-s19,7,pode,AUX,VERB
upos,regras,test-s19,11,1,ADJ,NUM
upos,regras,test-s19,12,º,PUNCT,NOUN
upos,regras,test-s19,20,diretos,ADJ,NOUN
upos,regras,test-s19,30,vem,AUX,VERB
upos,regras,test-s20,7,Estado,PROPN,NOUN
upos,regras,test-s20,12,Janeiro,PROPN,NOUN
upos,regras,test-s20,17,11,ADJ,NUM
upos,regras,test-s20,18,ª,PUNCT,NOUN
upos,regras,test-s20,19,Câmara,PROPN,NOUN
upos,regras,test-s20,20,Cível,PROPN,ADJ
upos,regras,test-s20,23,Tribunal,PROPN,NOUN
upos,regras,test-s20,25,Justiça,PROPN,NOUN
upos,regras,test-s20,28,Estado,PROPN,NOUN
upos,regras,test-s20,33,Janeiro,PROPN,NOUN
upos,regras,test-s20,41,julgando,VERB,NOUN
upos,regras,test-s20,42,mandado,NOUN,VERB
upos,regras,test-s20,45,impetrado,VERB,NOUN
upos,regras,test-s20,53,a,ADP,DET
upos,regras,test-s21,3,promulgada,VERB,NOUN
upos,regras,test-s21,12,Tribunal,PROPN,NOUN
upos,regras,test-s21,14,Justiça,PROPN,NOUN
upos,regras,test-s21,18,Grande,PROPN,ADJ
upos,regras,test-s21,30,quarta,PROPN,ADJ
upos,regras,test-s22,0,Acesse,VERB,PROPN
upos,regras,test-s22,4,encontre,VERB,NOUN
upos,regras,test-s23,0,Tenho,AUX,VERB
upos,regras,test-s23,1,estado,VERB,NOUN
upos,regras,test-s23,6,a,ADP,DET
upos,regras,test-s23,8,espera,NOUN,VERB
upos,regras,test-s24,0,Terra,PROPN,NOUN
upos,regras,test-s24,7,lógica,ADJ,NOUN
upos,regras,test-s25,4,Sérvia,PROPN,ADJ
upos,regras,test-s25,6,uma,PRON,DET
upos,regras,test-s25,12,européias,ADJ,NOUN
upos,regras,test-s25,15,conquistada,VERB,NOUN
upos,regras,test-s25,17,destruída,VERB,NOUN
upos,regras,test-s25,22,a,ADP,DET
upos,regras,test-s25,27,tumultuado,ADJ,NOUN
upos,regras,test-s25,28,passado,NOUN,ADJ
upos,regras,test-s26,0,Campo,PROPN,NOUN
upos,regras,test-s26,1,Grande,PROPN,ADJ
upos,regras,test-s26,19,políticas,NOUN,ADJ
upos,regras,test-s26,20,voltadas,VERB,NOUN
upos,regras,test-s26,21,a,ADP,DET
upos,regras,test-s26,29,Estado,PROPN,NOUN
upos,regras,test-s26,33,Conferência,PROPN,NOUN
upos,regras,test-s26,36,Desenvolvimento,PROPN,NOUN
upos,regras,test-s26,37,Regional,PROPN,ADJ
upos,regras,test-s26,53,público,ADJ,PROPN
upos,regras,test-s27,10,to,ADP,PROPN
upos,regras,test-s28,4,Sra,NOUN,PROPN
upos,regras,test-s28,10,Sra,NOUN,PROPN
upos,regras,test-s29,14,poderá,AUX,VERB
upos,regras,test-s29,15,ser,VERB,AUX
upos,regras,test-s30,2,Câmara,PROPN,NOUN
upos,regras,test-s30,4,Dirigentes,PROPN,NOUN
upos,regras,test-s30,5,Lojistas,PROPN,NOUN
upos,regras,test-s30,10,dezembro,PROPN,NOUN
upos,regras,test-s31,5,desafiador,ADJ,NOUN
upos,regras,test-s32,16,mais,DET,ADV
upos,regras,test-s32,24,ressaltou,VERB,NOUN
upos,regras,test-s33,19,deverá,AUX,VERB
upos,regras,test-s34,4,práticas,ADJ,NOUN
upos,regras,test-s34,8,a,ADP,DET
upos,regras,test-s34,19,terça,PROPN,NOUN
upos,regras,test-s35,9,Dínamo,PROPN,NOUN
upos,regras,test-s35,20,a,SCONJ,DET
upos,regras,test-s36,5,São,PROPN,AUX
upos,regras,test-s36,11,está,VERB,AUX
upos,regras,test-s37,5,designer,NOUN,VERB
upos,regras,test-s37,9,Designer,PROPN,VERB
upos,regras,test-s37,10,Residente,PROPN,ADJ
upos,regras,test-s37,16,Design,PROPN,NOUN
upos,regras,test-s38,8,Cruzeiro,PROPN,NOUN
upos,regras,test-s39,3,movimento,VERB,NOUN
upos,regras,test-s40,6,Prefeitura,PROPN,NOUN
upos,regras,test-s40,10,contará,VERB,NOUN
upos,regras,test-s40,17,médico,ADJ,NOUN
upos,regras,test-s40,27,a,ADP,DET
upos,regras,test-s40,33,a,ADP,DET
upos,regras,test-s40,38,químicos,ADJ,NOUN
upos,regras,test-s40,46,a,ADP,DET
upos,regras,test-s41,5,explodiram,VERB,NOUN
upos,regras,test-s41,13,a,ADP,DET
upos,regras,test-s41,15,norte,NOUN,PROPN
upos,regras,test-s41,23,matando,VERB,NOUN
upos,regras,test-s42,4,a,ADP,DET
upos,regras,test-s42,9,Mestre,PROPN,NOUN
upos,regras,test-s42,12,posto,VERB,NOUN
upos,regras,test-s43,10,alfabética,ADJ,NOUN
upos,regras,test-s43,20,a,ADP,DET
upos,regras,test-s43,24,A,PROPN,DET
upos,regras,test-s43,25,a,ADP,DET
upos,regras,test-s43,32,quando,ADP,ADV
upos,regras,test-s44,3,quando,CCONJ,ADV
upos,regras,test-s44,6,atuava,VERB,NOUN
upos,regras,test-s44,23,concedem,VERB,NOUN
upos,regras,test-s44,31,rapta,VERB,NOUN
upos,regras,test-s44,34,a,PRON,DET
upos,regras,test-s44,36,a,ADP,DET
upos,regras,test-s45,7,a,SCONJ,DET
upos,regras,test-s46,3,que,CCONJ,PRON
upos,regras,test-s46,8,podem,AUX,VERB
upos,regras,test-s46,9,ter,VERB,AUX
upos,regras,test-s46,11,dimensionais,ADJ,NOUN
upos,regras,test-s46,23,determinado,DET,VERB
upos,regras,test-s47,6,S,PROPN,NOUN
upos,regras,test-s47,7,III,NUM,ADJ
upos,regras,test-s47,8,4G,NUM,NOUN
upos,regras,test-s47,11,sugerido,ADJ,VERB
upos,regras,test-s47,13,R,NOUN,PROPN
upos,regras,test-s48,18,Melcher,PROPN,VERB
upos,regras,test-s49,2,primeira,NOUN,ADJ
upos,regras,test-s49,5,errou,VERB,NOUN
upos,regras,test-s50,1,como,CCONJ,ADP
upos,regras,test-s50,9,Palavra,PROPN,NOUN
upos,regras,test-s50,12,cruz,NOUN,PROPN
upos,regras,test-s50,14,que,CCONJ,PRON
upos,regras,test-s50,15,nós,NOUN,PRON
upos,regras,test-s50,16,adotemos,VERB,NOUN
upos,regras,test-s50,19,a,ADP,DET
upos,regras,test-s50,21,vigiarmos,VERB,NOUN
upos,regras,test-s50,23,políticos,NOUN,ADJ
upos,regras,test-s50,25,partidos,VERB,NOUN
upos,regras,test-s50,31,argumenta,VERB,NOUN
upos,regras,test-s51,1,julho,PROPN,NOUN
upos,regras,test-s51,2,Jennifer,PROPN,VERB
upos,regras,test-s53,1,público,NOUN,PROPN
upos,regras,test-s53,10,emenda,VERB,NOUN
upos,regras,test-s54,1,olímpicas,ADJ,NOUN
upos,regras,test-s54,9,invicta,ADJ,NOUN
upos,regras,test-s54,16,a,ADP,DET
upos,regras,test-s54,20,russas,NOUN,ADJ
upos,regras,test-s54,38,a,ADP,DET
upos,regras,test-s54,41,eliminatória,ADJ,NOUN
upos,regras,test-s56,7,mostraram,VERB,NOUN
upos,regras,test-s56,9,otimistas,ADJ,NOUN
upos,regras,test-s56,13,deste,ADP,NOUN
upos,regras,test-s56,14,domingo,PROPN,NOUN
upos,regras,test-s56,18,Estádio,PROPN,NOUN
upos,regras,test-s56,21,Melão,PROPN,NOUN
upos,regras,test-s57,6,jordaniana,ADJ,NOUN
upos,regras,test-s57,13,norte,NOUN,PROPN
upos,regras,test-s57,15,estavam,VERB,AUX
upos,regras,test-s57,16,fechadas,ADJ,VERB
upos,regras,test-s57,18,pois,CCONJ,SCONJ
upos,regras,test-s57,21,estavam,VERB,AUX
upos,regras,test-s57,22,submersos,ADJ,NOUN
upos,regras,test-s57,25,um,NUM,DET
upos,regras,test-s57,26,metro,NOUN,PROPN
upos,regras,test-s57,29,superaram,VERB,NOUN
upos,regras,test-s57,37,forçando,VERB,NOUN
upos,regras,test-s58,26,São,PROPN,AUX
upos,regras,test-s58,30,onde,ADV,PRON
upos,regras,test-s58,34,só,ADJ,ADV
upos,regras,test-s59,2,municipal,ADJ,PROPN
upos,regras,test-s59,5,Educação,PROPN,NOUN
upos,regras,test-s59,11,que,CCONJ,PRON
upos,regras,test-s59,14,multidisciplinares,ADJ,NOUN
upos,regras,test-s59,17,onde,ADV,PRON
upos,regras,test-s59,37,público,ADJ,PROPN
upos,regras,test-s60,9,analista,NOUN,ADJ
upos,regras,test-s60,41,mecânica,ADJ,NOUN
upos,regras,test-s60,44,química,ADJ,NOUN
upos,regras,test-s60,47,sanitária,ADJ,PROPN
upos,regras,test-s60,49,geografia,NOUN,PROPN
upos,regras,test-s61,2,está,VERB,AUX
upos,regras,test-s61,15,Oficial,PROPN,ADJ
upos,regras,test-s61,20,Seção,PROPN,NOUN
upos,regras,test-s62,7,que,CCONJ,PRON
upos,regras,test-s62,10,público,ADJ,PROPN
upos,regras,test-s62,16,a,ADP,DET
upos,regras,test-s62,26,é,VERB,AUX
upos,regras,test-s62,28,R,NOUN,PROPN
upos,regras,test-s63,0,Embora,CCONJ,SCONJ
upos,regras,test-s63,3,enorme,ADP,ADJ
upos,regras,test-s63,11,criticados,VERB,NOUN
upos,regras,test-s63,34,Escolha,PROPN,NOUN
upos,regras,test-s63,48,Holocausto,PROPN,NOUN
upos,regras,test-s64,0,Nesta,ADP,PROPN
upos,regras,test-s64,4,arrecadadas,VERB,NOUN
upos,regras,test-s65,1,ex,ADJ,ADP
upos,regras,test-s65,14,a,ADP,DET
upos,regras,test-s65,19,que,SCONJ,PRON
upos,regras,test-s65,26,a,ADP,DET
upos,regras,test-s66,8,descuido,VERB,NOUN
upos,regras,test-s66,22,tornam,VERB,NOUN
upos,regras,test-s67,6,coletiva,NOUN,ADJ
upos,regras,test-s67,10,a,ADP,DET
upos,regras,test-s67,12,10h,NUM,NOUN
upos,regras,test-s67,24,bairro,NOUN,PROPN
upos,regras,test-s67,30,central,ADJ,PROPN
upos,regras,test-s68,11,descreveram,VERB,NOUN
upos,regras,test-s68,23,que,SCONJ,PRON
upos,regras,test-s68,32,de,SCONJ,ADP
upos,regras,test-s68,33,que,SCONJ,PRON
upos,regras,test-s68,35,comprometido,ADJ,VERB
upos,regras,test-s68,41,procura,VERB,NOUN
upos,regras,test-s68,50,volta,VERB,NOUN
upos,regras,test-s68,51,a,SCONJ,DET
upos,regras,test-s68,53,como,ADV,ADP
upos,regras,test-s68,57,ser,VERB,AUX
upos,regras,test-s69,4,morto,ADJ,VERB
upos,regras,test-s69,5,a,ADP,DET
upos,regras,test-s69,10,sábado,PROPN,NOUN
upos,regras,test-s70,5,sábado,PROPN,NOUN
upos,regras,test-s70,17,a,ADP,DET
upos,regras,test-s70,21,alguns,PRON,DET
upos,regras,test-s70,28,devido,VERB,ADV
upos,regras,test-s70,29,a,ADP,DET
upos,regras,test-s70,32,a,ADP,DET
upos,regras,test-s70,35,imobiliário,ADJ,NOUN
upos,regras,test-s71,2,Vágner,PROPN,VERB
upos,regras,test-s71,15,Alegre,PROPN,ADJ
upos,regras,test-s73,18,conquistando,VERB,NOUN
upos,regras,test-s73,19,a,ADP,DET
upos,regras,test-s73,21,menos,NOUN,ADV
upos,regras,test-s74,1,Inovação,NOUN,PROPN
upos,regras,test-s74,7,TV,PROPN,NOUN
upos,regras,test-s74,9,traduzidas,VERB,NOUN
upos,regras,test-s74,13,funcionais,ADJ,NOUN
upos,regras,test-s74,17,prática,ADJ,NOUN
upos,regras,test-s74,21,a,ADP,DET
upos,regras,test-s75,8,que,SCONJ,PRON
upos,regras,test-s76,0,Neste,ADP,PROPN
upos,regras,test-s77,17,Fábrica,PROPN,NOUN
upos,regras,test-s77,31,quinta,NOUN,PROPN
upos,regras,test-s77,34,a,ADP,DET
upos,regras,test-s77,38,a,ADP,DET
upos,regras,test-s78,5,chora,VERB,PROPN
upos,regras,test-s78,6,a,ADP,DET
upos,regras,test-s79,3,maio,PROPN,NOUN
upos,regras,test-s79,5,revisados,VERB,NOUN
upos,regras,test-s79,8,que,CCONJ,PRON
upos,regras,test-s79,15,ante,ADP,NOUN
upos,regras,test-s79,16,abril,PROPN,NOUN
upos,regras,test-s79,23,como,CCONJ,ADP
upos,regras,test-s80,3,sofrerá,VERB,NOUN
upos,regras,test-s80,8,porque,CCONJ,SCONJ
upos,regras,test-s82,4,maio,PROPN,NOUN
upos,regras,test-s83,2,poderia,AUX,VERB
upos,regras,test-s83,13,energia,NOUN,PROPN
upos,regras,test-s83,14,neste,ADP,NOUN
upos,regras,test-s84,4,São,PROPN,AUX
upos,regras,test-s84,7,lar,NOUN,VERB
upos,regras,test-s84,12,libanesa,ADJ,NOUN
upos,regras,test-s85,1,que,SCONJ,PRON
upos,regras,test-s85,9,a,SCONJ,DET
upos,regras,test-s86,16,almeja,VERB,NOUN
upos,regras,test-s87,2,a,ADP,DET
upos,regras,test-s87,4,Pai,PROPN,NOUN
upos,regras,test-s87,13,a,SCONJ,DET
upos,regras,test-s87,16,a,ADP,DET
upos,regras,test-s87,21,houvesse,AUX,NOUN
upos,regras,test-s87,22,cogitado,VERB,NOUN
upos,regras,test-s87,23,como,SCONJ,ADP
upos,regras,test-s87,27,a,ADP,DET
upos,regras,test-s88,4,é,VERB,AUX
upos,regras,test-s88,6,naquele,ADP,NOUN
upos,regras,test-s88,9,ser,VERB,AUX
upos,regras,test-s89,8,um,PRON,DET
upos,regras,test-s90,12,Comitê,PROPN,NOUN
upos,regras,test-s90,14,Brasileiro,PROPN,ADJ
upos,regras,test-s90,17,nesta,ADP,NOUN
upos,regras,test-s90,18,quarta,PROPN,ADJ
upos,regras,test-s90,20,feira,PROPN,NOUN
upos,regras,test-s90,24,outubro,PROPN,NOUN
upos,regras,test-s90,29,Brasileira,PROPN,ADJ
upos,regras,test-s90,31,Treinadores,PROPN,NOUN
upos,regras,test-s91,11,impressionado,ADJ,NOUN
upos,regras,test-s91,19,Campo,PROPN,NOUN
upos,regras,test-s91,20,Grande,PROPN,ADJ
upos,regras,test-s92,12,que,CCONJ,PRON
upos,regras,test-s92,18,obesas,ADJ,NOUN
upos,regras,test-s92,19,abandonaram,VERB,NOUN
upos,regras,test-s93,5,Sindicato,PROPN,NOUN
upos,regras,test-s93,8,Metalúrgicos,PROPN,NOUN
upos,regras,test-s93,17,nesta,ADP,NOUN
upos,regras,test-s93,18,terça,PROPN,NOUN
upos,regras,test-s93,20,feira,PROPN,NOUN
upos,regras,test-s93,36,São,PROPN,AUX
upos,regras,test-s93,40,Campo,PROPN,NOUN
upos,regras,test-s93,49,janeiro,PROPN,NOUN
upos,regras,test-s94,1,é,VERB,AUX
upos,regras,test-s94,4,pois,CCONJ,SCONJ
upos,regras,test-s94,10,competitiva,ADJ,NOUN
upos,regras,test-s95,3,resgatam,VERB,NOUN
upos,regras,test-s95,17,que,CCONJ,PRON
upos,regras,test-s95,20,invadam,VERB,NOUN
upos,regras,test-s95,27,semeiam,VERB,NOUN
upos,regras,test-s95,31,criando,VERB,NOUN
upos,regras,test-s95,34,Asterixianas,ADJ,PROPN
upos,regras,test-s96,5,Tribunal,PROPN,NOUN
upos,regras,test-s96,7,Justiça,PROPN,NOUN
upos,regras,test-s96,10,Espírito,PROPN,NOUN
upos,regras,test-s96,15,titular,ADJ,NOUN
upos,regras,test-s96,24,Criminais,PROPN,ADJ
upos,regras,test-s96,26,Vitória,PROPN,NOUN
upos,regras,test-s96,33,expediu,VERB,NOUN
upos,regras,test-s97,0,Naquela,ADP,PROPN
upos,regras,test-s97,15,mata,NOUN,PROPN
upos,regras,test-s97,29,encerrando,VERB,NOUN
upos,regras,test-s98,9,domingo,PROPN,NOUN
upos,regras,test-s98,11,caso,CCONJ,NOUN
upos,regras,test-s98,12,restem,VERB,NOUN
upos,regras,test-s99,8,é,VERB,AUX
upos,regras,test-s99,9,leve,ADJ,VERB
upos,regras,test-s99,11,cura,VERB,NOUN
ner,llama3.1:8b,c2003-1,0,SOCCER,O,B-MISC
ner,llama3.1:8b,c2003-1,2,JAPAN,B-LOC,B-PER
ner,llama3.1:8b,c2003-1,7,CHINA,B-PER,B-ORG
ner,llama3.1:8b,c2003-3,2,United,B-LOC,B-ORG
ner,llama3.1:8b,c2003-3,3,Arab,I-LOC,I-ORG
ner,llama3.1:8b,c2003-3,4,Emirates,I-LOC,I-ORG
ner,llama3.1:8b,c2003-3,5,1996-12-06,O,B-MISC
ner,llama3.1:8b,c2003-4,6,Asian,B-MISC,I-LOC
ner,llama3.1:8b,c2003-4,7,Cup,I-MISC,O
ner,llama3.1:8b,c2003-4,12,2-1,O,B-LOC
ner,llama3.1:8b,c2003-4,15,Syria,B-LOC,B-ORG
ner,llama3.1:8b,c2003-4,18,Group,O,B-LOC
ner,llama3.1:8b,c2003-4,20,championship,O,B-MISC
ner,llama3.1:8b,c2003-4,21,match,O,I-MISC
ner,llama3.1:8b,c2003-4,23,Friday,O,B-MISC
ner,llama3.1:8b,c2003-5,5,desert,O,B-MISC
ner,llama3.1:8b,c2003-5,6,them,O,I-MISC
ner,llama3.1:8b,c2003-5,10,match,O,B-MISC
ner,llama3.1:8b,c2003-5,15,crashing,O,I-MISC
ner,llama3.1:8b,c2003-5,22,newcomers,O,B-PER
ner,llama3.1:8b,c2003-6,13,78th,O,B-LOC
ner,llama3.1:8b,c2003-6,16,Uzbek,B-MISC,B-PER
ner,llama3.1:8b,c2003-6,19,Shkvyrin,I-PER,O
ner,llama3.1:8b,c2003-6,24,misdirected,O,B-MISC
ner,llama3.1:8b,c2003-6,25,defensive,O,I-MISC
ner,llama3.1:8b,c2003-6,34,Chinese,B-MISC,B-PER
ner,llama3.1:8b,c2003-6,39,empty,O,B-MISC
ner,llama3.1:8b,c2003-7,9,time,O,B-MISC
ner,llama3.1:8b,c2003-7,11,hitting,O,B-PER
ner,llama3.1:8b,c2003-7,21,area,O,B-LOC
ner,llama3.1:8b,c2003-8,2,Soviet,B-MISC,B-ORG
ner,llama3.1:8b,c2003-8,3,republic,O,I-ORG
ner,llama3.1:8b,c2003-8,8,Asian,B-MISC,B-LOC
ner,llama3.1:8b,c2003-8,9,Cup,I-MISC,I-LOC
ner,llama3.1:8b,c2003-8,13,the,O,B-ORG
ner,llama3.1:8b,c2003-8,14,first,O,I-ORG
ner,llama3.1:8b,c2003-9,3,Asian,B-MISC,B-LOC
ner,llama3.1:8b,c2003-9,4,Games,I-MISC,I-LOC
ner,llama3.1:8b,c2003-10,2,from,O,B-LOC
ner,llama3.1:8b,c2003-10,3,defensive,O,I-LOC
ner,llama3.1:8b,c2003-10,23,opening,O,B-ORG
ner,llama3.1:8b,c2003-10,24,meeting,O,I-ORG
ner,llama3.1:8b,c2003-11,7,88th,O,B-MISC
ner,llama3.1:8b,c2003-11,8,minute,O,I-MISC
ner,llama3.1:8b,c2003-11,10,rising,O,B-PER
ner,llama3.1:8b,c2003-11,14,Hiroshige,B-PER,B-ORG
ner,llama3.1:8b,c2003-11,15,Yanagimoto,I-PER,I-ORG
ner,llama3.1:8b,c2003-11,19,Syrian,B-MISC,B-LOC
ner,llama3.1:8b,c2003-11,20,goal,O,B-PER
ner,llama3.1:8b,c2003-11,22,goalkeeper,O,B-ORG
ner,llama3.1:8b,c2003-11,23,Salem,B-PER,O
ner,llama3.1:8b,c2003-11,24,Bitar,I-PER,I-ORG
ner,llama3.1:8b,c2003-11,33,slip,O,B-MISC
ner,llama3.1:8b,c2003-11,34,into,O,I-MISC
ner,llama3.1:8b,c2003-12,3,second,O,B-LOC
ner,llama3.1:8b,c2003-12,4,costly,O,I-LOC
ner,llama3.1:8b,c2003-12,7,Syria,B-LOC,B-ORG
ner,llama3.1:8b,c2003-13,0,Defender,O,B-PER
ner,llama3.1:8b,c2003-13,1,Hassan,B-PER,I-PER
ner,llama3.1:8b,c2003-13,2,Abbas,I-PER,O
ner,llama3.1:8b,c2003-13,11,area,O,B-LOC
ner,llama3.1:8b,c2003-13,14,84th,O,B-MISC
ner,llama3.1:8b,c2003-13,24,top,O,B-MISC
ner,llama3.1:8b,c2003-13,25,corner,O,I-MISC
ner,llama3.1:8b,c2003-14,1,Jokhadar,I-PER,O
ner,llama3.1:8b,c2003-14,9,well-struck,O,I-MISC
ner,llama3.1:8b,c2003-14,13,seventh,O,B-LOC
ner,llama3.1:8b,c2003-14,14,minute,O,I-LOC
ner,llama3.1:8b,c2003-15,6,Syrian,B-MISC,B-PER
ner,llama3.1:8b,c2003-15,13,game,O,B-LOC
ner,llama3.1:8b,c2003-15,15,rarely,O,I-LOC
ner,llama3.1:8b,c2003-15,18,Syrian,B-MISC,B-ORG
ner,llama3.1:8b,c2003-17,0,Japan,B-LOC,B-PER
ner,llama3.1:8b,c2003-17,2,Shu,B-PER,B-ORG
ner,llama3.1:8b,c2003-17,3,Kamo,I-PER,I-ORG
ner,llama3.1:8b,c2003-17,9,Syrian,B-MISC,B-LOC
ner,llama3.1:8b,c2003-17,11,goal,O,B-MISC
ner,llama3.1:8b,c2003-17,12,proved,O,I-MISC
ner,llama3.1:8b,c2003-18,1,Syrians,B-MISC,B-PER
ner,llama3.1:8b,c2003-18,12,which,O,B-MISC
ner,llama3.1:8b,c2003-20,8,2002,O,B-MISC
ner,llama3.1:8b,c2003-20,10,ranked,O,B-PER
ner,llama3.1:8b,c2003-20,11,20th,O,I-PER
ner,llama3.1:8b,c2003-20,23,title,O,B-ORG
ner,llama3.1:8b,c2003-20,24,here,O,I-ORG
ner,llama3.1:8b,c2003-21,0,Hosts,O,B-ORG
ner,llama3.1:8b,c2003-21,6,Korea,I-LOC,O
ner,llama3.1:8b,c2003-21,11,Saturday,O,B-LOC
ner,llama3.1:8b,c2003-21,13,Group,O,B-ORG
ner,llama3.1:8b,c2003-21,14,A,O,I-ORG
ner,llama3.1:8b,c2003-22,0,All,O,B-MISC
ner,llama3.1:8b,c2003-22,11,game,O,B-MISC
ner,llama3.1:8b,c2003-23,1,UNION,I-ORG,O
ner,llama3.1:8b,c2003-23,3,CUTTITTA,B-PER,O
ner,llama3.1:8b,c2003-24,1,1996-12-06,O,B-MISC
ner,llama3.1:8b,c2003-25,0,Italy,B-LOC,B-PER
ner,llama3.1:8b,c2003-25,3,Cuttitta,I-PER,O
ner,llama3.1:8b,c2003-26,1,Friday,O,B-LOC
ner,llama3.1:8b,c2003-26,12,year,O,B-MISC
ner,llama3.1:8b,c2003-26,13,after,O,I-MISC
ner,llama3.1:8b,c2003-26,15,30-year-old,O,B-PER
ner,llama3.1:8b,c2003-26,18,he,O,B-PER
ner,llama3.1:8b,c2003-26,22,differences,O,B-MISC
ner,llama3.1:8b,c2003-27,4,George,B-PER,O
ner,llama3.1:8b,c2003-27,5,Coste,I-PER,B-PER
ner,llama3.1:8b,c2003-27,12,Saturday,O,B-LOC
ner,llama3.1:8b,c2003-27,19,21-man,O,I-PER
ner,llama3.1:8b,c2003-27,20,squad,O,B-ORG
ner,llama3.1:8b,c2003-27,28,54-21,O,B-MISC
ner,llama3.1:8b,c2003-27,29,by,O,I-MISC
ner,llama3.1:8b,c2003-28,12,back,O,B-PER
ner,llama3.1:8b,c2003-28,13,row,O,I-PER
ner,llama3.1:8b,c2003-28,14,Corrado,B-PER,B-ORG
ner,llama3.1:8b,c2003-28,15,Covi,I-PER,I-ORG
ner,llama3.1:8b,c2003-28,19,been,O,B-PER
ner,llama3.1:8b,c2003-28,20,recalled,O,B-PER
ner,llama3.1:8b,c2003-28,31,national,O,B-ORG
ner,llama3.1:8b,c2003-28,32,team,O,I-ORG
ner,llama3.1:8b,c2003-29,6,1995,B-MISC,I-MISC
ner,llama3.1:8b,c2003-29,7,World,I-MISC,O
ner,llama3.1:8b,c2003-29,8,Cup,I-MISC,O
ner,llama3.1:8b,c2003-29,10,where,O,B-LOC
ner,llama3.1:8b,c2003-30,12,comeback,O,B-MISC
ner,llama3.1:8b,c2003-31,0,"""",O,B-MISC
ner,llama3.1:8b,c2003-31,4,World,B-MISC,B-LOC
ner,llama3.1:8b,c2003-31,5,Cup,I-MISC,O
ner,llama3.1:8b,c2003-32,1,I,O,B-MISC
ner,llama3.1:8b,c2003-32,12,he,O,B-PER
ner,llama3.1:8b,c2003-32,14,he,O,I-PER
ner,llama3.1:8b,c2003-33,3,is,O,B-PER
ner,llama3.1:8b,c2003-33,8,him,O,B-PER
ner,llama3.1:8b,c2003-33,9,to,O,I-PER
ner,llama3.1:8b,c2003-33,12,"""",O,I-MISC
ner,llama3.1:8b,c2003-34,0,Squad,O,B-PER
ner,llama3.1:8b,c2003-34,2,Javier,B-PER,I-PER
ner,llama3.1:8b,c2003-34,3,Pertile,I-PER,O
ner,llama3.1:8b,c2003-34,6,Vaccari,I-PER,O
ner,llama3.1:8b,c2003-34,8,Marcello,B-PER,O
ner,llama3.1:8b,c2003-34,9,Cuttitta,I-PER,O
ner,llama3.1:8b,c2003-34,15,Manteri,I-PER,O
ner,llama3.1:8b,c2003-34,18,Dominguez,I-PER,O
ner,llama3.1:8b,c2003-34,30,Sgorlon,I-PER,B-PER
ner,llama3.1:8b,c2003-34,32,Massimo,B-PER,B-ORG
ner,llama3.1:8b,c2003-34,33,Giovanelli,I-PER,I-ORG
ner,llama3.1:8b,c2003-34,36,Checchinato,I-PER,O
ner,llama3.1:8b,c2003-34,37,",",O,B-PER
ner,llama3.1:8b,c2003-34,38,Walter,B-PER,O
ner,llama3.1:8b,c2003-34,39,Cristofoletto,I-PER,B-PER
ner,llama3.1:8b,c2003-34,46,Orlandi,I-PER,O
ner,llama3.1:8b,c2003-34,49,Cuttitta,I-PER,O
ner,llama3.1:8b,c2003-34,55,Guidi,I-PER,O
ner,llama3.1:8b,c2003-34,58,Mazzucato,I-PER,O
ner,llama3.1:8b,c2003-34,63,Andrea,B-PER,B-ORG
ner,llama3.1:8b,c2003-34,64,Castellani,I-PER,I-ORG
ner,llama3.1:8b,c2003-35,0,SOCCER,O,B-MISC
ner,llama3.1:8b,c2003-35,5,JAPAN,B-LOC,B-PER
ner,llama3.1:8b,c2003-35,8,SYRIA,B-LOC,O
ner,llama3.1:8b,c2003-36,2,United,B-LOC,B-ORG
ner,llama3.1:8b,c2003-36,3,Arab,I-LOC,I-ORG
ner,llama3.1:8b,c2003-36,4,Emirates,I-LOC,I-ORG
ner,llama3.1:8b,c2003-36,5,1996-12-06,O,B-MISC
ner,llama3.1:8b,c2003-37,0,Two,O,B-PER
ner,llama3.1:8b,c2003-37,8,holders,O,B-ORG
ner,llama3.1:8b,c2003-37,9,Japan,B-LOC,I-ORG
ner,llama3.1:8b,c2003-37,13,Asian,B-MISC,B-PER
ner,llama3.1:8b,c2003-37,14,Cup,I-MISC,I-PER
ner,llama3.1:8b,c2003-38,11,group,O,B-ORG
ner,llama3.1:8b,c2003-38,12,C,O,I-ORG
ner,llama3.1:8b,c2003-38,20,mistake-free,O,B-MISC
ner,llama3.1:8b,c2003-38,29,his,O,I-PER
ner,llama3.1:8b,c2003-39,4,Syrian,B-MISC,B-PER
ner,llama3.1:8b,c2003-39,5,defensive,O,I-PER
ner,llama3.1:8b,c2003-40,0,Defender,O,B-PER
ner,llama3.1:8b,c2003-40,1,Hassan,B-PER,I-PER
ner,llama3.1:8b,c2003-40,2,Abbas,I-PER,O
ner,llama3.1:8b,c2003-40,11,area,O,B-LOC
ner,llama3.1:8b,c2003-40,14,84th,O,B-MISC
ner,llama3.1:8b,c2003-40,24,top,O,B-MISC
ner,llama3.1:8b,c2003-40,25,corner,O,I-MISC
ner,llama3.1:8b,c2003-41,12,seventh,O,I-MISC
ner,llama3.1:8b,c2003-41,13,minute,O,I-MISC
ner,llama3.1:8b,c2003-42,10,Awad,I-PER,B-PER
ner,llama3.1:8b,c2003-43,6,Syrian,B-MISC,B-PER
ner,llama3.1:8b,c2003-43,12,goal,O,B-LOC
ner,llama3.1:8b,c2003-43,18,16th,O,B-MISC
ner,llama3.1:8b,c2003-43,19,minute,O,I-MISC
ner,llama3.1:8b,c2003-44,0,A,O,B-PER
ner,llama3.1:8b,c2003-44,1,minute,O,I-MISC
ner,llama3.1:8b,c2003-44,9,save,O,B-MISC
ner,llama3.1:8b,c2003-44,11,first,O,B-PER
ner,llama3.1:8b,c2003-44,12,from,O,I-PER
ner,llama3.1:8b,c2003-44,13,Kazuyoshi,B-PER,O
ner,llama3.1:8b,c2003-44,14,Miura,I-PER,B-PER
ner,llama3.1:8b,c2003-45,11,parrying,O,B-MISC
ner,llama3.1:8b,c2003-45,12,away,O,I-MISC
ner,llama3.1:8b,c2003-46,11,equaliser,O,B-MISC
ner,llama3.1:8b,c2003-46,13,he,O,B-PER
ner,llama3.1:8b,c2003-47,0,Japan,B-LOC,B-PER
ner,llama3.1:8b,c2003-47,9,Hiroshige,B-PER,O
ner,llama3.1:8b,c2003-47,10,Yanagimoto,I-PER,B-PER
ner,llama3.1:8b,c2003-47,15,Soma,I-PER,O
ner,llama3.1:8b,c2003-47,19,Masami,B-PER,O
ner,llama3.1:8b,c2003-47,20,Ihara,I-PER,B-PER
ner,llama3.1:8b,c2003-47,24,Norio,B-PER,O
ner,llama3.1:8b,c2003-47,25,Omura,I-PER,B-PER
ner,llama3.1:8b,c2003-47,29,Motohiro,B-PER,O
ner,llama3.1:8b,c2003-47,30,Yamaguchi,I-PER,B-PER
ner,llama3.1:8b,c2003-47,40,Honda,I-PER,B-PER
ner,llama3.1:8b,c2003-47,60,-,O,B-PER
ner,llama3.1:8b,c2003-47,61,Hiroaki,B-PER,I-PER
ner,llama3.1:8b,c2003-48,0,Syria,B-LOC,B-PER
ner,llama3.1:8b,c2003-48,4,Salem,B-PER,O
ner,llama3.1:8b,c2003-48,5,Bitar,I-PER,O
ner,llama3.1:8b,c2003-48,9,Bachar,B-PER,O
ner,llama3.1:8b,c2003-48,10,Srour,I-PER,B-PER
ner,llama3.1:8b,c2003-48,14,Hassan,B-PER,O
ner,llama3.1:8b,c2003-48,15,Abbas,I-PER,O
ner,llama3.1:8b,c2003-48,19,Tarek,B-PER,O
ner,llama3.1:8b,c2003-48,20,Jabban,I-PER,B-PER
ner,llama3.1:8b,c2003-48,29,Louay,B-PER,O
ner,llama3.1:8b,c2003-48,30,Taleb,I-PER,B-PER
ner,llama3.1:8b,c2003-48,37,al-Boushi,I-PER,O
ner,llama3.1:8b,c2003-48,46,Ali,B-PER,O
ner,llama3.1:8b,c2003-48,47,Dib,I-PER,O
ner,llama3.1:8b,c2003-48,53,Helou,I-PER,O
ner,llama3.1:8b,c2003-48,58,Rihawiy,I-PER,O
ner,llama3.1:8b,c2003-48,59,46,O,B-MISC
ner,llama3.1:8b,c2003-48,62,14,O,B-PER
ner,llama3.1:8b,c2003-48,63,-,O,I-PER
ner,llama3.1:8b,c2003-48,64,Khaled,B-PER,O
ner,llama3.1:8b,c2003-48,65,Zaher,I-PER,O
ner,llama3.1:8b,c2003-48,67,16,O,B-MISC
ner,llama3.1:8b,c2003-48,68,-,O,I-MISC
ner,llama3.1:8b,c2003-48,69,Nader,B-PER,O
ner,llama3.1:8b,c2003-48,70,Jokhadar,I-PER,B-PER
ner,llama3.1:8b,c2003-49,0,FREESTYLE,O,B-MISC
ner,llama3.1:8b,c2003-49,1,SKIING-WORLD,B-MISC,I-MISC
ner,llama3.1:8b,c2003-49,2,CUP,I-MISC,O
ner,llama3.1:8b,c2003-49,3,MOGUL,O,B-LOC
ner,llama3.1:8b,c2003-50,2,France,B-LOC,B-ORG
ner,llama3.1:8b,c2003-50,3,1996-12-06,O,B-MISC
ner,llama3.1:8b,c2003-51,0,Results,O,B-MISC
ner,llama3.1:8b,c2003-51,3,World,B-MISC,B-LOC
ner,llama3.1:8b,c2003-51,4,Cup,I-MISC,I-LOC
ner,llama3.1:8b,c2003-52,2,moguls,O,B-MISC
ner,llama3.1:8b,c2003-52,5,Friday,O,B-MISC
ner,llama3.1:8b,c2003-53,0,Men,O,B-PER
ner,llama3.1:8b,c2003-58,0,5.,O,B-LOC
ner,llama3.1:8b,c2003-58,2,Hole,I-PER,O
ner,llama3.1:8b,c2003-58,4,Norway,B-LOC,B-ORG
ner,llama3.1:8b,c2003-58,6,23.92,O,B-MISC
ner,llama3.1:8b,c2003-60,4,U.S.,B-LOC,B-ORG
ner,llama3.1:8b,c2003-63,4,U.S.,B-LOC,B-ORG
ner,llama3.1:8b,c2003-64,0,Women,O,B-PER
ner,llama3.1:8b,c2003-65,6,24.32,O,B-MISC
ner,llama3.1:8b,c2003-67,6,24.05,O,B-MISC
ner,llama3.1:8b,c2003-69,4,U.S.,B-LOC,B-ORG
ner,llama3.1:8b,c2003-70,4,U.S.,B-LOC,B-ORG
ner,llama3.1:8b,c2003-71,4,U.S.,B-LOC,B-ORG
ner,llama3.1:8b,c2003-75,0,SOCCER,O,B-MISC
ner,llama3.1:8b,c2003-75,2,ASIAN,B-MISC,B-LOC
ner,llama3.1:8b,c2003-75,3,CUP,I-MISC,O
ner,llama3.1:8b,c2003-75,4,GROUP,O,B-MISC
ner,llama3.1:8b,c2003-75,5,C,O,I-MISC
ner,llama3.1:8b,c2003-76,2,United,B-LOC,B-ORG
ner,llama3.1:8b,c2003-76,3,Arab,I-LOC,I-ORG
ner,llama3.1:8b,c2003-76,4,Emirates,I-LOC,I-ORG
ner,llama3.1:8b,c2003-76,5,1996-12-06,O,B-MISC
ner,llama3.1:8b,c2003-77,0,Results,O,B-MISC
ner,llama3.1:8b,c2003-77,2,Asian,B-MISC,I-PER
ner,llama3.1:8b,c2003-77,3,Cup,I-MISC,O
ner,llama3.1:8b,c2003-77,5,C,O,B-MISC
ner,llama3.1:8b,c2003-77,9,Friday,O,B-LOC
ner,llama3.1:8b,c2003-79,0,Scorers,O,B-PER
ner,llama3.1:8b,c2003-80,0,Japan,B-LOC,B-PER
ner,llama3.1:8b,c2003-80,9,Takagi,I-PER,O
ner,llama3.1:8b,c2003-81,0,Syria,B-LOC,B-PER
ner,llama3.1:8b,c2003-81,3,Jokhadar,I-PER,O
ner,llama3.1:8b,c2003-81,4,7,O,B-MISC
ner,llama3.1:8b,c2003-82,0,Attendance,O,B-PER
ner,llama3.1:8b,c2003-84,0,Scorers,O,B-PER
ner,llama3.1:8b,c2003-85,0,Attendence,O,B-PER
ner,llama3.1:8b,c2003-86,0,Standings,O,B-MISC
ner,llama3.1:8b,c2003-86,12,goals,O,I-MISC
ner,llama3.1:8b,c2003-87,2,goals,O,B-MISC
ner,llama3.1:8b,c2003-87,5,points,O,B-MISC
ner,llama3.1:8b,c2003-87,6,),O,I-MISC
ner,llama3.1:8b,c2003-91,1,1,O,I-LOC
ner,llama3.1:8b,c2003-92,0,CRICKET,O,B-MISC
ner,llama3.1:8b,c2003-92,3,V,O,I-LOC
ner,llama3.1:8b,c2003-93,2,14:06,O,B-MISC
ner,llama3.1:8b,c2003-94,2,Pakistan,B-LOC,B-ORG
ner,llama3.1:8b,c2003-94,3,1996-12-06,O,B-MISC
ner,llama3.1:8b,c2003-95,0,Scoreboard,O,B-MISC
ner,llama3.1:8b,c2003-96,1,cricket,O,B-MISC
ner,llama3.1:8b,c2003-96,2,international,O,I-MISC
ner,llama3.1:8b,c2003-97,1,Friday,O,B-MISC
ner,llama3.1:8b,c2003-98,0,Pakistan,B-LOC,B-MISC
ner,llama3.1:8b,c2003-100,3,Cairns,B-PER,B-LOC
upos,llama3.1:8b,test-s1,7,há,VERB,AUX
upos,llama3.1:8b,test-s1,15,"""",PUNCT,SYM
upos,llama3.1:8b,test-s2,1,executivo,NOUN,ADJ
upos,llama3.1:8b,test-s2,6,vai,AUX,VERB
upos,llama3.1:8b,test-s2,7,manter,VERB,AUX
upos,llama3.1:8b,test-s2,22,nível,NOUN,ADJ
upos,llama3.1:8b,test-s3,0,Com,ADP,CCONJ
upos,llama3.1:8b,test-s3,5,á,ADP,PUNCT
upos,llama3.1:8b,test-s4,7,mesma,ADJ,PRON
upos,llama3.1:8b,test-s4,8,opinião,NOUN,ADJ
upos,llama3.1:8b,test-s5,3,que,PRON,CCONJ
upos,llama3.1:8b,test-s5,4,era,AUX,VERB
upos,llama3.1:8b,test-s5,5,uma,DET,AUX
upos,llama3.1:8b,test-s5,13,foi,AUX,VERB
upos,llama3.1:8b,test-s5,14,apreendida,VERB,ADJ
upos,llama3.1:8b,test-s6,0,Tornando,VERB,AUX
upos,llama3.1:8b,test-s6,1,se,PART,CCONJ
upos,llama3.1:8b,test-s6,2,líder,NOUN,ADJ
upos,llama3.1:8b,test-s6,7,foi,AUX,VERB
upos,llama3.1:8b,test-s6,9,após,ADP,ADV
upos,llama3.1:8b,test-s6,15,de,ADP,NOUN
upos,llama3.1:8b,test-s6,27,durante,ADP,ADV
upos,llama3.1:8b,test-s6,28,o,DET,AUX
upos,llama3.1:8b,test-s6,29,confronto,NOUN,PROPN
upos,llama3.1:8b,test-s6,34,Verde,PROPN,ADJ
upos,llama3.1:8b,test-s6,37,Homem,PROPN,NOUN
upos,llama3.1:8b,test-s6,38,-,PUNCT,SYM
upos,llama3.1:8b,test-s7,1,fã,NOUN,ADJ
upos,llama3.1:8b,test-s7,19,tenho,AUX,VERB
upos,llama3.1:8b,test-s7,20,que,CCONJ,PRON
upos,llama3.1:8b,test-s7,27,autora,NOUN,PROPN
upos,llama3.1:8b,test-s8,1,http://m.goal.com,X,PROPN
upos,llama3.1:8b,test-s8,9,celulares,NOUN,PRON
upos,llama3.1:8b,test-s9,0,Cerca,ADV,NOUN
upos,llama3.1:8b,test-s9,9,foram,AUX,VERB
upos,llama3.1:8b,test-s9,10,vendidos,VERB,ADJ
upos,llama3.1:8b,test-s10,1,Já,ADV,AUX
upos,llama3.1:8b,test-s10,2,estamos,AUX,VERB
upos,llama3.1:8b,test-s11,0,Foi,VERB,AUX
upos,llama3.1:8b,test-s11,5,Eriç,PROPN,NOUN
upos,llama3.1:8b,test-s11,9,e,CCONJ,NOUN
upos,llama3.1:8b,test-s11,10,ativista,NOUN,ADJ
upos,llama3.1:8b,test-s11,13,Carlos,PROPN,NOUN
upos,llama3.1:8b,test-s11,14,Magno,PROPN,NOUN
upos,llama3.1:8b,test-s11,22,Londres,PROPN,NOUN
upos,llama3.1:8b,test-s11,24,que,PRON,SCONJ
upos,llama3.1:8b,test-s11,25,o,PRON,DET
upos,llama3.1:8b,test-s11,27,para,ADP,PRON
upos,llama3.1:8b,test-s11,28,o,DET,ADP
upos,llama3.1:8b,test-s11,29,Brasil,PROPN,DET
upos,llama3.1:8b,test-s11,31,dezembro,PROPN,NOUN
upos,llama3.1:8b,test-s12a,1,a,ADP,DET
upos,llama3.1:8b,test-s12a,6,a,ADP,DET
upos,llama3.1:8b,test-s12a,9,transferência,NOUN,VERB
upos,llama3.1:8b,test-s12a,15,diocese,NOUN,PROPN
upos,llama3.1:8b,test-s12a,16,para,ADP,NOUN
upos,llama3.1:8b,test-s12a,18,Delgada,PROPN,NUM
upos,llama3.1:8b,test-s12a,21,cabido,NOUN,ADJ
upos,llama3.1:8b,test-s12a,23,queixa,PROPN,NOUN
upos,llama3.1:8b,test-s12a,24,a,ADP,DET
upos,llama3.1:8b,test-s12a,26,rei,NOUN,PROPN
upos,llama3.1:8b,test-s12a,28,que,PRON,CCONJ
upos,llama3.1:8b,test-s12a,29,em,ADP,ADV
upos,llama3.1:8b,test-s12a,35,a,ADP,DET
upos,llama3.1:8b,test-s12a,36,a,DET,PRON
upos,llama3.1:8b,test-s12a,38,Sé.,PROPN,PUNCT
upos,llama3.1:8b,test-s12b,5,a,ADP,AUX
upos,llama3.1:8b,test-s12b,7,não,ADV,PRON
upos,llama3.1:8b,test-s12b,8,tivesse,AUX,VERB
upos,llama3.1:8b,test-s12b,10,a,ADP,DET
upos,llama3.1:8b,test-s12b,20,a,ADP,DET
upos,llama3.1:8b,test-s12b,24,de,ADP,CCONJ
upos,llama3.1:8b,test-s12b,28,sepultado,ADJ,VERB
upos,llama3.1:8b,test-s12b,32,Matriz,PROPN,NOUN
upos,llama3.1:8b,test-s14,18,neste,ADP,DET
upos,llama3.1:8b,test-s14,19,sábado,PROPN,NOUN
upos,llama3.1:8b,test-s14,24,podendo,AUX,VERB
upos,llama3.1:8b,test-s15,5,seria,AUX,ADP
upos,llama3.1:8b,test-s15,6,aproveitar,VERB,AUX
upos,llama3.1:8b,test-s15,13,como,ADP,ADV
upos,llama3.1:8b,test-s15,22,como,CCONJ,ADJ
upos,llama3.1:8b,test-s15,25,reverendo,NOUN,PROPN
upos,llama3.1:8b,test-s15,27,Caetano,PROPN,NUM
upos,llama3.1:8b,test-s16,5,ex,PART,PROPN
upos,llama3.1:8b,test-s16,6,-,PUNCT,SYM
upos,llama3.1:8b,test-s16,9,direita,ADJ,PUNCT
upos,llama3.1:8b,test-s16,17,a,ADP,DET
upos,llama3.1:8b,test-s16,19,de,ADP,NOUN
upos,llama3.1:8b,test-s17,6,os,DET,PRON
upos,llama3.1:8b,test-s17,9,em,ADP,NOUN
upos,llama3.1:8b,test-s17,15,de,ADP,NOUN
upos,llama3.1:8b,test-s17,16,Presidentes,PROPN,NOUN
upos,llama3.1:8b,test-s17,19,Cooperativas,PROPN,NOUN
upos,llama3.1:8b,test-s18,0,Quando,CCONJ,ADV
upos,llama3.1:8b,test-s18,2,foi,VERB,AUX
upos,llama3.1:8b,test-s18,3,a,ADP,DET
upos,llama3.1:8b,test-s18,9,los,PRON,X
upos,llama3.1:8b,test-s18,20,se,PRON,AUX
upos,llama3.1:8b,test-s18,25,com,ADP,CCONJ
upos,llama3.1:8b,test-s19,0,@,X,PUNCT
upos,llama3.1:8b,test-s19,1,durvalorlato,X,NOUN
upos,llama3.1:8b,test-s19,2,Sinais,NOUN,PROPN
upos,llama3.1:8b,test-s19,7,pode,AUX,VERB
upos,llama3.1:8b,test-s19,9,em,ADP,NOUN
upos,llama3.1:8b,test-s19,11,1,ADJ,NUM
upos,llama3.1:8b,test-s19,16,a,DET,NOUN
upos,llama3.1:8b,test-s19,23,que,PRON,DET
upos,llama3.1:8b,test-s19,24,os,DET,NOUN
upos,llama3.1:8b,test-s19,25,apoiadores,NOUN,ADP
upos,llama3.1:8b,test-s19,26,de,ADP,PROPN
upos,llama3.1:8b,test-s19,29,Fernando,PROPN,NUM
upos,llama3.1:8b,test-s19,30,vem,AUX,VERB
upos,llama3.1:8b,test-s20,17,11,ADJ,NUM
upos,llama3.1:8b,test-s20,18,ª,PUNCT,PART
upos,llama3.1:8b,test-s20,20,Cível,PROPN,ADJ
upos,llama3.1:8b,test-s20,23,Tribunal,PROPN,NOUN
upos,llama3.1:8b,test-s20,25,Justiça,PROPN,NOUN
upos,llama3.1:8b,test-s20,28,Estado,PROPN,NOUN
upos,llama3.1:8b,test-s20,36,-,PUNCT,SYM
upos,llama3.1:8b,test-s20,45,impetrado,VERB,ADJ
upos,llama3.1:8b,test-s20,46,por,ADP,VERB
upos,llama3.1:8b,test-s20,47,uma,DET,PRON
upos,llama3.1:8b,test-s20,48,editora,NOUN,PROPN
upos,llama3.1:8b,test-s20,53,a,ADP,DET
upos,llama3.1:8b,test-s20,55,ICMS,PROPN,NUM
upos,llama3.1:8b,test-s20,59,de,ADP,NOUN
upos,llama3.1:8b,test-s20,60,enciclopédia,NOUN,PROPN
upos,llama3.1:8b,test-s21,2,foi,AUX,VERB
upos,llama3.1:8b,test-s21,6,desembargador,NOUN,PROPN
upos,llama3.1:8b,test-s21,8,Moura,PROPN,PUNCT
upos,llama3.1:8b,test-s21,14,Justiça,PROPN,NOUN
upos,llama3.1:8b,test-s21,18,Grande,PROPN,NUM
upos,llama3.1:8b,test-s21,29,desta,ADP,NOUN
upos,llama3.1:8b,test-s22,2,www.revitechpisos.com.br,NOUN,PROPN
upos,llama3.1:8b,test-s22,10,seu,DET,PRON
upos,llama3.1:8b,test-s23,1,estado,VERB,NOUN
upos,llama3.1:8b,test-s23,4,a,DET,NUM
upos,llama3.1:8b,test-s23,6,a,ADP,PUNCT
upos,llama3.1:8b,test-s23,7,a,DET,PUNCT
upos,llama3.1:8b,test-s23,8,espera,NOUN,VERB
upos,llama3.1:8b,test-s24,3,qual,PRON,DET
upos,llama3.1:8b,test-s24,4,seria,AUX,VERB
upos,llama3.1:8b,test-s24,5,a,DET,PRON
upos,llama3.1:8b,test-s24,9,isso,PRON,SCONJ
upos,llama3.1:8b,test-s25,6,uma,PRON,ADV
upos,llama3.1:8b,test-s25,9,mais,ADV,NOUN
upos,llama3.1:8b,test-s25,18,e,CCONJ,NOUN
upos,llama3.1:8b,test-s25,22,a,ADP,DET
upos,llama3.1:8b,test-s25,24,longo,NOUN,ADJ
upos,llama3.1:8b,test-s26,0,Campo,PROPN,NOUN
upos,llama3.1:8b,test-s26,1,Grande,PROPN,ADJ
upos,llama3.1:8b,test-s26,3,MS,PROPN,NUM
upos,llama3.1:8b,test-s26,6,Com,ADP,NOUN
upos,llama3.1:8b,test-s26,8,de,ADP,NOUN
upos,llama3.1:8b,test-s26,13,a,DET,NOUN
upos,llama3.1:8b,test-s26,15,sobre,ADP,NOUN
upos,llama3.1:8b,test-s26,19,políticas,NOUN,ADJ
upos,llama3.1:8b,test-s26,20,voltadas,VERB,ADJ
upos,llama3.1:8b,test-s26,21,a,ADP,DET
upos,llama3.1:8b,test-s26,22,o,DET,NOUN
upos,llama3.1:8b,test-s26,28,o,DET,NOUN
upos,llama3.1:8b,test-s26,33,Conferência,PROPN,ADJ
upos,llama3.1:8b,test-s26,34,Estadual,PROPN,NOUN
upos,llama3.1:8b,test-s26,36,Desenvolvimento,PROPN,NOUN
upos,llama3.1:8b,test-s26,37,Regional,PROPN,ADJ
upos,llama3.1:8b,test-s26,40,Grosso,PROPN,ADJ
upos,llama3.1:8b,test-s26,44,vai,AUX,VERB
upos,llama3.1:8b,test-s26,49,sociedade,NOUN,PROPN
upos,llama3.1:8b,test-s26,51,",",PUNCT,NOUN
upos,llama3.1:8b,test-s26,53,público,ADJ,ADP
upos,llama3.1:8b,test-s26,54,",",PUNCT,NOUN
upos,llama3.1:8b,test-s26,56,empresarial,ADJ,ADP
upos,llama3.1:8b,test-s26,59,de,ADP,DET
upos,llama3.1:8b,test-s27,9,Days,PROPN,NOUN
upos,llama3.1:8b,test-s27,10,to,ADP,PUNCT
upos,llama3.1:8b,test-s28,2,Rodrigues,PROPN,NOUN
upos,llama3.1:8b,test-s28,4,Sra,NOUN,PROPN
upos,llama3.1:8b,test-s28,6,F.,PROPN,SYM
upos,llama3.1:8b,test-s28,10,Sra,NOUN,PROPN
upos,llama3.1:8b,test-s29,7,depois,ADV,NOUN
upos,llama3.1:8b,test-s29,8,de,ADP,AUX
upos,llama3.1:8b,test-s29,18,um,DET,PRON
upos,llama3.1:8b,test-s29,19,outro,DET,NOUN
upos,llama3.1:8b,test-s29,22,"""",PUNCT,NOUN
upos,llama3.1:8b,test-s29,26,gerente,NOUN,PROPN
upos,llama3.1:8b,test-s30,0,Segundo,ADP,ADJ
upos,llama3.1:8b,test-s30,2,Câmara,PROPN,NOUN
upos,llama3.1:8b,test-s30,4,Dirigentes,PROPN,NOUN
upos,llama3.1:8b,test-s30,5,Lojistas,PROPN,NOUN
upos,llama3.1:8b,test-s30,10,dezembro,PROPN,NOUN
upos,llama3.1:8b,test-s30,24,ano,NOUN,NUM
upos,llama3.1:8b,test-s30,26,expectativa,NOUN,PROPN
upos,llama3.1:8b,test-s30,27,é,AUX,VERB
upos,llama3.1:8b,test-s30,29,em,ADP,ADV
upos,llama3.1:8b,test-s30,31,%,SYM,PUNCT
upos,llama3.1:8b,test-s32,14,para,ADP,NOUN
upos,llama3.1:8b,test-s32,16,mais,DET,ADV
upos,llama3.1:8b,test-s32,17,alguma,DET,NUM
upos,llama3.1:8b,test-s32,19,em,ADP,PUNCT
upos,llama3.1:8b,test-s32,24,ressaltou,VERB,AUX
upos,llama3.1:8b,test-s32,25,o,DET,PRON
upos,llama3.1:8b,test-s32,26,presidente,NOUN,PROPN
upos,llama3.1:8b,test-s33,6,em,ADP,ADV
upos,llama3.1:8b,test-s33,9,de,ADP,PART
upos,llama3.1:8b,test-s33,19,deverá,AUX,VERB
upos,llama3.1:8b,test-s34,7,ir,VERB,PRON
upos,llama3.1:8b,test-s34,8,a,ADP,DET
upos,llama3.1:8b,test-s34,9,a,DET,PROPN
upos,llama3.1:8b,test-s34,11,Europa,PROPN,NOUN
upos,llama3.1:8b,test-s34,18,desta,ADP,NUM
upos,llama3.1:8b,test-s34,19,terça,PROPN,NOUN
upos,llama3.1:8b,test-s35,1,fundado,VERB,ADJ
upos,llama3.1:8b,test-s35,5,com,ADP,NOUN
upos,llama3.1:8b,test-s35,13,se,PRON,SCONJ
upos,llama3.1:8b,test-s35,20,a,SCONJ,DET
upos,llama3.1:8b,test-s35,21,se,PRON,CCONJ
upos,llama3.1:8b,test-s36,0,Também,ADV,NOUN
upos,llama3.1:8b,test-s36,1,com,ADP,NOUN
upos,llama3.1:8b,test-s36,3,por,ADP,NOUN
upos,llama3.1:8b,test-s36,4,o,DET,NOUN
upos,llama3.1:8b,test-s36,5,São,PROPN,NOUN
upos,llama3.1:8b,test-s36,6,José,PROPN,NOUN
upos,llama3.1:8b,test-s36,7,",",PUNCT,NOUN
upos,llama3.1:8b,test-s36,8,o,DET,NOUN
upos,llama3.1:8b,test-s36,18,depois,ADV,ADP
upos,llama3.1:8b,test-s36,19,de,ADP,NOUN
upos,llama3.1:8b,test-s36,24,em,ADP,ADV
upos,llama3.1:8b,test-s36,25,o,DET,ADP
upos,llama3.1:8b,test-s37,6,que,PRON,CCONJ
upos,llama3.1:8b,test-s37,8,como,ADP,ADV
upos,llama3.1:8b,test-s37,13,Museu,PROPN,NOUN
upos,llama3.1:8b,test-s37,16,Design,PROPN,NOUN
upos,llama3.1:8b,test-s38,6,contra,ADP,NOUN
upos,llama3.1:8b,test-s38,7,o,DET,PRON
upos,llama3.1:8b,test-s38,20,e,CCONJ,PRON
upos,llama3.1:8b,test-s39,1,também,ADV,CCONJ
upos,llama3.1:8b,test-s39,3,movimento,VERB,NOUN
upos,llama3.1:8b,test-s39,6,sou,AUX,VERB
upos,llama3.1:8b,test-s39,9,centroavante,NOUN,PROPN
upos,llama3.1:8b,test-s40,0,Além,ADV,ADP
upos,llama3.1:8b,test-s40,9,evento,NOUN,VERB
upos,llama3.1:8b,test-s40,10,contará,VERB,AUX
upos,llama3.1:8b,test-s40,14,em,ADP,NOUN
upos,llama3.1:8b,test-s40,17,médico,ADJ,NOUN
upos,llama3.1:8b,test-s40,32,terão,VERB,AUX
upos,llama3.1:8b,test-s40,33,a,ADP,DET
upos,llama3.1:8b,test-s40,46,a,ADP,DET
upos,llama3.1:8b,test-s40,47,o,DET,PRON
upos,llama3.1:8b,test-s40,48,longo,NOUN,NUM
upos,llama3.1:8b,test-s41,0,Outros,DET,ADJ
upos,llama3.1:8b,test-s41,9,local,NOUN,PROPN
upos,llama3.1:8b,test-s41,11,veneração,NOUN,ADJ
upos,llama3.1:8b,test-s41,12,xiita,ADJ,PROPN
upos,llama3.1:8b,test-s41,13,a,ADP,DET
upos,llama3.1:8b,test-s41,14,o,DET,NOUN
upos,llama3.1:8b,test-s41,19,de,ADP,NOUN
upos,llama3.1:8b,test-s41,29,feridos,NOUN,ADJ
upos,llama3.1:8b,test-s42,4,a,ADP,CCONJ
upos,llama3.1:8b,test-s42,5,a,DET,PRON
upos,llama3.1:8b,test-s42,12,posto,VERB,ADP
upos,llama3.1:8b,test-s42,13,em,ADP,ADV
upos,llama3.1:8b,test-s43,3,é,AUX,VERB
upos,llama3.1:8b,test-s43,4,definida,VERB,AUX
upos,llama3.1:8b,test-s43,5,por,ADP,VERB
upos,llama3.1:8b,test-s43,6,o,DET,ADP
upos,llama3.1:8b,test-s43,12,que,PRON,SCONJ
upos,llama3.1:8b,test-s43,15,de,ADP,NOUN
upos,llama3.1:8b,test-s43,17,nota,NOUN,NUM
upos,llama3.1:8b,test-s43,20,a,ADP,DET
upos,llama3.1:8b,test-s43,21,uma,DET,ADJ
upos,llama3.1:8b,test-s43,25,a,ADP,DET
upos,llama3.1:8b,test-s43,31,bemóis,NOUN,ADP
upos,llama3.1:8b,test-s43,32,quando,ADP,ADV
upos,llama3.1:8b,test-s43,33,necessário,ADJ,AUX
upos,llama3.1:8b,test-s44,9,heroína,NOUN,PROPN
upos,llama3.1:8b,test-s44,10,conhecida,VERB,ADJ
upos,llama3.1:8b,test-s44,11,como,ADP,CCONJ
upos,llama3.1:8b,test-s44,18,de,ADP,DET
upos,llama3.1:8b,test-s44,19,seus,DET,PRON
upos,llama3.1:8b,test-s44,21,que,PRON,CCONJ
upos,llama3.1:8b,test-s44,26,mental,ADJ,ADP
upos,llama3.1:8b,test-s44,27,de,ADP,DET
upos,llama3.1:8b,test-s44,28,o,DET,NOUN
upos,llama3.1:8b,test-s44,29,alvo,NOUN,PUNCT
upos,llama3.1:8b,test-s44,31,rapta,VERB,NOUN
upos,llama3.1:8b,test-s44,34,a,PRON,DET
upos,llama3.1:8b,test-s44,37,presenciar,VERB,NOUN
upos,llama3.1:8b,test-s44,38,horrores,NOUN,VERB
upos,llama3.1:8b,test-s44,39,em,ADP,ADV
upos,llama3.1:8b,test-s44,40,sua,DET,PRON
upos,llama3.1:8b,test-s44,45,de,ADP,NOUN
upos,llama3.1:8b,test-s45,3,se,PRON,CCONJ
upos,llama3.1:8b,test-s45,5,e,CCONJ,NOUN
upos,llama3.1:8b,test-s45,7,a,SCONJ,ADP
upos,llama3.1:8b,test-s45,9,em,ADP,NOUN
upos,llama3.1:8b,test-s46,4,as,DET,PRON
upos,llama3.1:8b,test-s46,23,determinado,DET,ADJ
upos,llama3.1:8b,test-s47,0,Segundo,ADP,ADJ
upos,llama3.1:8b,test-s47,5,Galaxy,PROPN,NOUN
upos,llama3.1:8b,test-s47,6,S,PROPN,NUM
upos,llama3.1:8b,test-s47,10,preço,NOUN,NUM
upos,llama3.1:8b,test-s47,13,R,NOUN,SYM
upos,llama3.1:8b,test-s47,14,$,SYM,NUM
upos,llama3.1:8b,test-s48,4,de,ADP,NOUN
upos,llama3.1:8b,test-s48,5,a,DET,NOUN
upos,llama3.1:8b,test-s49,2,primeira,NOUN,ADJ
upos,llama3.1:8b,test-s49,8,dentro,ADV,ADP
upos,llama3.1:8b,test-s49,9,de,ADP,NOUN
upos,llama3.1:8b,test-s49,16,livre,ADJ,ADP
upos,llama3.1:8b,test-s49,17,para,ADP,PRON
upos,llama3.1:8b,test-s49,21,as,DET,ADP
upos,llama3.1:8b,test-s50,3,teve,VERB,AUX
upos,llama3.1:8b,test-s50,9,Palavra,PROPN,NOUN
upos,llama3.1:8b,test-s50,15,nós,NOUN,PRON
upos,llama3.1:8b,test-s50,17,tal,DET,NUM
upos,llama3.1:8b,test-s50,19,a,ADP,DET
upos,llama3.1:8b,test-s50,21,vigiarmos,VERB,AUX
upos,llama3.1:8b,test-s50,23,políticos,NOUN,ADJ
upos,llama3.1:8b,test-s50,25,partidos,VERB,NOUN
upos,llama3.1:8b,test-s50,27,suas,DET,PRON
upos,llama3.1:8b,test-s51,1,julho,PROPN,NOUN
upos,llama3.1:8b,test-s51,10,e,CCONJ,PRON
upos,llama3.1:8b,test-s53,1,público,NOUN,ADJ
upos,llama3.1:8b,test-s53,3,geral,ADJ,ADV
upos,llama3.1:8b,test-s53,4,se,PRON,CCONJ
upos,llama3.1:8b,test-s53,6,mais,ADV,NUM
upos,llama3.1:8b,test-s53,10,emenda,VERB,NOUN
upos,llama3.1:8b,test-s54,0,Campeãs,NOUN,ADJ
upos,llama3.1:8b,test-s54,2,em,ADP,ADV
upos,llama3.1:8b,test-s54,16,a,ADP,DET
upos,llama3.1:8b,test-s54,20,russas,NOUN,ADJ
upos,llama3.1:8b,test-s54,24,de,ADP,NOUN
upos,llama3.1:8b,test-s54,26,--,PUNCT,SYM
upos,llama3.1:8b,test-s54,30,dirigido,VERB,ADJ
upos,llama3.1:8b,test-s54,37,ir,VERB,AUX
upos,llama3.1:8b,test-s54,38,a,ADP,DET
upos,llama3.1:8b,test-s54,42,em,ADP,ADV
upos,llama3.1:8b,test-s55,0,Segundo,ADP,ADJ
upos,llama3.1:8b,test-s55,8,simples,ADJ,VERB
upos,llama3.1:8b,test-s55,13,que,PRON,SCONJ
upos,llama3.1:8b,test-s55,16,vai,AUX,VERB
upos,llama3.1:8b,test-s55,18,recuperar,VERB,AUX
upos,llama3.1:8b,test-s56,1,como,ADP,ADV
upos,llama3.1:8b,test-s56,6,se,PRON,AUX
upos,llama3.1:8b,test-s56,8,bastante,ADV,ADJ
upos,llama3.1:8b,test-s56,13,deste,ADP,DET
upos,llama3.1:8b,test-s56,14,domingo,PROPN,NUM
upos,llama3.1:8b,test-s56,16,em,ADP,ADV
upos,llama3.1:8b,test-s56,17,o,DET,ADP
upos,llama3.1:8b,test-s56,19,de,ADP,NOUN
upos,llama3.1:8b,test-s57,3,entre,ADP,CCONJ
upos,llama3.1:8b,test-s57,5,capital,NOUN,PROPN
upos,llama3.1:8b,test-s57,6,jordaniana,ADJ,CCONJ
upos,llama3.1:8b,test-s57,7,e,CCONJ,DET
upos,llama3.1:8b,test-s57,8,a,DET,PROPN
upos,llama3.1:8b,test-s57,9,cidade,NOUN,PUNCT
upos,llama3.1:8b,test-s57,16,fechadas,ADJ,VERB
upos,llama3.1:8b,test-s57,18,pois,CCONJ,AUX
upos,llama3.1:8b,test-s57,19,alguns,DET,PRON
upos,llama3.1:8b,test-s57,24,até,ADP,ADV
upos,llama3.1:8b,test-s57,25,um,NUM,DET
upos,llama3.1:8b,test-s57,26,metro,NOUN,NUM
upos,llama3.1:8b,test-s57,27,e,CCONJ,NOUN
upos,llama3.1:8b,test-s57,48,o,DET,ADP
upos,llama3.1:8b,test-s58,4,é,AUX,VERB
upos,llama3.1:8b,test-s58,5,avó,NOUN,AUX
upos,llama3.1:8b,test-s58,7,várias,DET,NUM
upos,llama3.1:8b,test-s58,8,alunas,NOUN,PRON
upos,llama3.1:8b,test-s58,14,"""",PUNCT,NOUN
upos,llama3.1:8b,test-s58,19,que,PRON,SCONJ
upos,llama3.1:8b,test-s58,20,também,ADV,CCONJ
upos,llama3.1:8b,test-s58,27,Sebastião,PROPN,PUNCT
upos,llama3.1:8b,test-s58,28,",",PUNCT,SYM
upos,llama3.1:8b,test-s58,34,só,ADJ,DET
upos,llama3.1:8b,test-s59,8,Campos,PROPN,NOUN
upos,llama3.1:8b,test-s59,17,onde,ADV,ADP
upos,llama3.1:8b,test-s59,25,é,AUX,VERB
upos,llama3.1:8b,test-s59,28,uma,DET,PROPN
upos,llama3.1:8b,test-s59,37,público,ADJ,PROPN
upos,llama3.1:8b,test-s60,3,vagas,NOUN,NUM
upos,llama3.1:8b,test-s60,5,diversas,DET,ADV
upos,llama3.1:8b,test-s60,8,como,ADP,ADJ
upos,llama3.1:8b,test-s60,14,em,ADP,ADV
upos,llama3.1:8b,test-s60,33,em,ADP,ADV
upos,llama3.1:8b,test-s60,38,elétrica,ADJ,NOUN
upos,llama3.1:8b,test-s60,49,geografia,NOUN,PROPN
upos,llama3.1:8b,test-s61,3,publicada,VERB,ADJ
upos,llama3.1:8b,test-s61,18,União,PROPN,NOUN
upos,llama3.1:8b,test-s62,2,aprovada,VERB,ADJ
upos,llama3.1:8b,test-s62,7,que,CCONJ,SCONJ
upos,llama3.1:8b,test-s62,8,o,DET,PRON
upos,llama3.1:8b,test-s62,15,superiores,ADJ,ADV
upos,llama3.1:8b,test-s62,16,a,ADP,DET
upos,llama3.1:8b,test-s62,19,de,ADP,NOUN
upos,llama3.1:8b,test-s62,24,que,PRON,CCONJ
upos,llama3.1:8b,test-s62,25,hoje,ADV,PRON
upos,llama3.1:8b,test-s62,26,é,VERB,ADV
upos,llama3.1:8b,test-s62,27,de,ADP,VERB
upos,llama3.1:8b,test-s62,28,R,NOUN,ADP
upos,llama3.1:8b,test-s63,3,enorme,ADP,ADJ
upos,llama3.1:8b,test-s63,7,dois,NUM,NOUN
upos,llama3.1:8b,test-s63,8,livros,NOUN,NUM
upos,llama3.1:8b,test-s63,9,foram,AUX,VERB
upos,llama3.1:8b,test-s63,10,bastante,ADV,ADJ
upos,llama3.1:8b,test-s63,16,Nat,PROPN,NOUN
upos,llama3.1:8b,test-s63,28,em,ADP,ADV
upos,llama3.1:8b,test-s63,34,Escolha,PROPN,NOUN
upos,llama3.1:8b,test-s63,35,de,ADP,NOUN
upos,llama3.1:8b,test-s63,38,sua,DET,PRON
upos,llama3.1:8b,test-s63,39,abordagm,NOUN,VERB
upos,llama3.1:8b,test-s63,46,durante,ADP,ADV
upos,llama3.1:8b,test-s65,11,que,PRON,CCONJ
upos,llama3.1:8b,test-s65,13,devido,ADV,ADP
upos,llama3.1:8b,test-s65,14,a,ADP,DET
upos,llama3.1:8b,test-s65,15,as,DET,NOUN
upos,llama3.1:8b,test-s65,16,eleições,NOUN,PUNCT
upos,llama3.1:8b,test-s65,19,que,SCONJ,CCONJ
upos,llama3.1:8b,test-s65,21,objetivo,NOUN,ADJ
upos,llama3.1:8b,test-s65,33,desenvolvido,VERB,ADJ
upos,llama3.1:8b,test-s65,36,Administração,NOUN,PROPN
upos,llama3.1:8b,test-s65,39,sobre,ADP,NOUN
upos,llama3.1:8b,test-s65,43,sua,DET,PRON
upos,llama3.1:8b,test-s65,44,colega,NOUN,PROPN
upos,llama3.1:8b,test-s66,0,Com,ADP,CCONJ
upos,llama3.1:8b,test-s66,6,e,CCONJ,NOUN
upos,llama3.1:8b,test-s66,8,descuido,VERB,NOUN
upos,llama3.1:8b,test-s66,9,com,ADP,CCONJ
upos,llama3.1:8b,test-s66,13,algumas,DET,ADJ
upos,llama3.1:8b,test-s66,15,como,ADP,NOUN
upos,llama3.1:8b,test-s66,17,cinomose,NOUN,PROPN
upos,llama3.1:8b,test-s66,21,se,PRON,CCONJ
upos,llama3.1:8b,test-s67,5,uma,DET,NUM
upos,llama3.1:8b,test-s67,8,imprensa,NOUN,PROPN
upos,llama3.1:8b,test-s67,10,a,ADP,DET
upos,llama3.1:8b,test-s67,14,em,ADP,ADV
upos,llama3.1:8b,test-s67,21,localizada,VERB,ADJ
upos,llama3.1:8b,test-s67,25,de,ADP,CCONJ
upos,llama3.1:8b,test-s68,0,Diplomatas,NOUN,PROPN
upos,llama3.1:8b,test-s68,6,sob,ADP,NOUN
upos,llama3.1:8b,test-s68,7,condição,NOUN,ADP
upos,llama3.1:8b,test-s68,8,de,ADP,DET
upos,llama3.1:8b,test-s68,9,anonimato,NOUN,ADP
upos,llama3.1:8b,test-s68,19,como,ADP,SCONJ
upos,llama3.1:8b,test-s68,21,",",PUNCT,NOUN
upos,llama3.1:8b,test-s68,23,que,SCONJ,CCONJ
upos,llama3.1:8b,test-s68,24,",",PUNCT,NOUN
upos,llama3.1:8b,test-s68,29,de,ADP,NOUN
upos,llama3.1:8b,test-s68,32,de,SCONJ,ADP
upos,llama3.1:8b,test-s68,33,que,SCONJ,CCONJ
upos,llama3.1:8b,test-s68,34,está,AUX,VERB
upos,llama3.1:8b,test-s68,46,uma,DET,ADV
upos,llama3.1:8b,test-s68,49,e,CCONJ,NOUN
upos,llama3.1:8b,test-s68,51,a,SCONJ,ADP
upos,llama3.1:8b,test-s68,56,costumavam,VERB,AUX
upos,llama3.1:8b,test-s69,5,a,ADP,PUNCT
upos,llama3.1:8b,test-s69,7,22h27,NOUN,NUM
upos,llama3.1:8b,test-s69,9,o,DET,PROPN
upos,llama3.1:8b,test-s69,12,horário,NOUN,ADJ
upos,llama3.1:8b,test-s70,5,sábado,PROPN,NOUN
upos,llama3.1:8b,test-s70,6,com,ADP,NOUN
upos,llama3.1:8b,test-s70,7,seus,DET,PRON
upos,llama3.1:8b,test-s70,8,sócios,NOUN,ADP
upos,llama3.1:8b,test-s70,15,de,ADP,NOUN
upos,llama3.1:8b,test-s70,18,seus,DET,PRON
upos,llama3.1:8b,test-s70,21,alguns,PRON,ADJ
upos,llama3.1:8b,test-s70,28,devido,VERB,ADP
upos,llama3.1:8b,test-s70,29,a,ADP,AUX
upos,llama3.1:8b,test-s70,30,sua,DET,PRON
upos,llama3.1:8b,test-s70,31,exposição,NOUN,ADJ
upos,llama3.1:8b,test-s70,32,a,ADP,DET
upos,llama3.1:8b,test-s71,1,atacante,NOUN,ADJ
upos,llama3.1:8b,test-s71,13,em,ADP,ADV
upos,llama3.1:8b,test-s71,17,depois,ADV,NOUN
upos,llama3.1:8b,test-s71,20,aproveitado,VERB,ADJ
upos,llama3.1:8b,test-s71,26,para,ADP,NOUN
upos,llama3.1:8b,test-s71,32,time,NOUN,PROPN
upos,llama3.1:8b,test-s71,33,flamenguista,ADJ,X
upos,llama3.1:8b,test-s73,1,como,ADP,CCONJ
upos,llama3.1:8b,test-s73,5,os,DET,NOUN
upos,llama3.1:8b,test-s73,6,outros,DET,ADP
upos,llama3.1:8b,test-s73,19,a,ADP,DET
upos,llama3.1:8b,test-s73,21,menos,NOUN,ADP
upos,llama3.1:8b,test-s73,22,um,DET,NUM
upos,llama3.1:8b,test-s73,24,com,ADP,CCONJ
upos,llama3.1:8b,test-s74,1,Inovação,NOUN,PROPN
upos,llama3.1:8b,test-s74,3,interatividade,NOUN,ADJ
upos,llama3.1:8b,test-s74,7,TV,PROPN,NOUN
upos,llama3.1:8b,test-s74,8,são,AUX,VERB
upos,llama3.1:8b,test-s74,15,com,ADP,NOUN
upos,llama3.1:8b,test-s74,16,utilidade,NOUN,ADP
upos,llama3.1:8b,test-s74,17,prática,ADJ,NOUN
upos,llama3.1:8b,test-s74,19,o,DET,PROPN
upos,llama3.1:8b,test-s74,21,a,ADP,DET
upos,llama3.1:8b,test-s74,26,"""",PUNCT,SYM
upos,llama3.1:8b,test-s74,30,diretor,NOUN,PROPN
upos,llama3.1:8b,test-s75,8,que,SCONJ,CCONJ
upos,llama3.1:8b,test-s75,13,bicampeão,NOUN,ADJ
upos,llama3.1:8b,test-s76,1,ano,NOUN,NUM
upos,llama3.1:8b,test-s76,8,cerca,ADV,NUM
upos,llama3.1:8b,test-s76,11,inscritos,NOUN,ADJ
upos,llama3.1:8b,test-s77,8,que,PRON,SCONJ
upos,llama3.1:8b,test-s77,15,A,DET,NOUN
upos,llama3.1:8b,test-s77,25,dezenas,DET,NOUN
upos,llama3.1:8b,test-s77,29,em,ADP,NOUN
upos,llama3.1:8b,test-s77,31,quinta,NOUN,ADJ
upos,llama3.1:8b,test-s77,34,a,ADP,DET
upos,llama3.1:8b,test-s77,36,noite,NOUN,ADV
upos,llama3.1:8b,test-s77,38,a,ADP,DET
upos,llama3.1:8b,test-s77,39,os,DET,PRON
upos,llama3.1:8b,test-s77,43,segundo,ADP,ADJ
upos,llama3.1:8b,test-s77,44,sua,DET,PRON
upos,llama3.1:8b,test-s78,4,Carminha,PROPN,NOUN
upos,llama3.1:8b,test-s78,6,a,ADP,DET
upos,llama3.1:8b,test-s78,7,o,DET,PRON
upos,llama3.1:8b,test-s78,8,lado,NOUN,ADP
upos,llama3.1:8b,test-s78,9,de,ADP,NOUN
upos,llama3.1:8b,test-s79,3,maio,PROPN,NOUN
upos,llama3.1:8b,test-s79,4,foram,AUX,VERB
upos,llama3.1:8b,test-s79,8,que,CCONJ,NOUN
upos,llama3.1:8b,test-s79,9,a,DET,PRON
upos,llama3.1:8b,test-s79,14,%,SYM,PUNCT
upos,llama3.1:8b,test-s79,15,ante,ADP,NOUN
upos,llama3.1:8b,test-s79,19,vez,NOUN,ADV
upos,llama3.1:8b,test-s79,22,%,SYM,PUNCT
upos,llama3.1:8b,test-s79,23,como,CCONJ,ADV
upos,llama3.1:8b,test-s79,25,inicialmente,ADV,VERB
upos,llama3.1:8b,test-s80,9,recebeu,VERB,PRON
upos,llama3.1:8b,test-s80,17,.,PUNCT,PART
upos,llama3.1:8b,test-s82,3,com,ADP,CCONJ
upos,llama3.1:8b,test-s82,4,maio,PROPN,NUM
upos,llama3.1:8b,test-s82,7,houve,VERB,AUX
upos,llama3.1:8b,test-s82,9,de,ADP,NOUN
upos,llama3.1:8b,test-s82,11,%,SYM,PUNCT
upos,llama3.1:8b,test-s83,2,poderia,AUX,VERB
upos,llama3.1:8b,test-s83,3,abrir,VERB,AUX
upos,llama3.1:8b,test-s83,4,a,DET,ADP
upos,llama3.1:8b,test-s83,6,de,ADP,PRON
upos,llama3.1:8b,test-s83,8,para,ADP,CCONJ
upos,llama3.1:8b,test-s83,14,neste,ADP,ADV
upos,llama3.1:8b,test-s84,5,Paulo,PROPN,NOUN
upos,llama3.1:8b,test-s84,9,a,DET,NOUN
upos,llama3.1:8b,test-s84,13,fora,ADV,VERB
upos,llama3.1:8b,test-s85,1,que,SCONJ,CCONJ
upos,llama3.1:8b,test-s85,9,a,SCONJ,AUX
upos,llama3.1:8b,test-s86,7,habilidade,NOUN,ADJ
upos,llama3.1:8b,test-s86,9,para,ADP,NOUN
upos,llama3.1:8b,test-s86,19,de,ADP,NOUN
upos,llama3.1:8b,test-s86,20,liderança,NOUN,PROPN
upos,llama3.1:8b,test-s87,1,Carta,NOUN,PROPN
upos,llama3.1:8b,test-s87,2,a,ADP,DET
upos,llama3.1:8b,test-s87,3,o,DET,PRON
upos,llama3.1:8b,test-s87,4,Pai,PROPN,NOUN
upos,llama3.1:8b,test-s87,5,foi,AUX,VERB
upos,llama3.1:8b,test-s87,13,a,SCONJ,ADP
upos,llama3.1:8b,test-s87,20,embora,SCONJ,ADP
upos,llama3.1:8b,test-s87,23,como,SCONJ,NOUN
upos,llama3.1:8b,test-s87,25,em,ADP,NOUN
upos,llama3.1:8b,test-s87,27,a,ADP,DET
upos,llama3.1:8b,test-s88,3,coca,NOUN,PROPN
upos,llama3.1:8b,test-s88,6,naquele,ADP,PRON
upos,llama3.1:8b,test-s88,9,ser,VERB,AUX
upos,llama3.1:8b,test-s88,10,algo,PRON,ADJ
upos,llama3.1:8b,test-s88,11,"""",PUNCT,NOUN
upos,llama3.1:8b,test-s88,13,"""",PUNCT,NOUN
upos,llama3.1:8b,test-s89,0,Com,ADP,CCONJ
upos,llama3.1:8b,test-s89,8,um,PRON,DET
upos,llama3.1:8b,test-s89,12,que,PRON,CCONJ
upos,llama3.1:8b,test-s89,15,suas,DET,PRON
upos,llama3.1:8b,test-s90,0,Visando,VERB,AUX
upos,llama3.1:8b,test-s90,9,mundial,ADJ,PROPN
upos,llama3.1:8b,test-s90,13,Olimpico,PROPN,ADJ
upos,llama3.1:8b,test-s90,14,Brasileiro,PROPN,ADJ
upos,llama3.1:8b,test-s90,17,nesta,ADP,ADV
upos,llama3.1:8b,test-s90,18,quarta,PROPN,NOUN
upos,llama3.1:8b,test-s90,19,-,PUNCT,SYM
upos,llama3.1:8b,test-s90,24,outubro,PROPN,NOUN
upos,llama3.1:8b,test-s90,26,",",PUNCT,DET
upos,llama3.1:8b,test-s90,27,a,DET,PROPN
upos,llama3.1:8b,test-s90,29,Brasileira,PROPN,PUNCT
upos,llama3.1:8b,test-s91,6,assessoria,NOUN,PROPN
upos,llama3.1:8b,test-s91,10,ficou,VERB,AUX
upos,llama3.1:8b,test-s91,17,infraestrutura,NOUN,PROPN
upos,llama3.1:8b,test-s91,19,Campo,PROPN,NOUN
upos,llama3.1:8b,test-s91,20,Grande,PROPN,ADJ
upos,llama3.1:8b,test-s92,4,de,ADP,NOUN
upos,llama3.1:8b,test-s92,8,Pazzanese,PROPN,NUM
upos,llama3.1:8b,test-s92,14,%,SYM,PUNCT
upos,llama3.1:8b,test-s92,18,obesas,ADJ,PRON
upos,llama3.1:8b,test-s92,21,tratamento,NOUN,ADJ
upos,llama3.1:8b,test-s92,24,metade,NOUN,NUM
upos,llama3.1:8b,test-s93,2,firmado,VERB,ADJ
upos,llama3.1:8b,test-s93,18,terça,PROPN,PRON
upos,llama3.1:8b,test-s93,20,feira,PROPN,NOUN
upos,llama3.1:8b,test-s93,29,de,ADP,PROPN
upos,llama3.1:8b,test-s93,42,SP,PROPN,SYM
upos,llama3.1:8b,test-s93,44,até,ADP,CCONJ
upos,llama3.1:8b,test-s94,1,é,VERB,AUX
upos,llama3.1:8b,test-s94,9,mais,ADV,ADJ
upos,llama3.1:8b,test-s95,5,sucesso,NOUN,ADV
upos,llama3.1:8b,test-s95,9,depois,ADV,SCONJ
upos,llama3.1:8b,test-s95,11,várias,DET,ADJ
upos,llama3.1:8b,test-s95,15,para,ADP,PRON
upos,llama3.1:8b,test-s95,17,que,CCONJ,NOUN
upos,llama3.1:8b,test-s95,24,os,DET,ADP
upos,llama3.1:8b,test-s95,27,semeiam,VERB,AUX
upos,llama3.1:8b,test-s95,34,Asterixianas,ADJ,PROPN
upos,llama3.1:8b,test-s96,0,Segundo,ADP,ADJ
upos,llama3.1:8b,test-s96,7,Justiça,PROPN,NOUN
upos,llama3.1:8b,test-s96,18,Vara,PROPN,NOUN
upos,llama3.1:8b,test-s96,19,de,ADP,PROPN
upos,llama3.1:8b,test-s96,23,Inquéritos,PROPN,NOUN
upos,llama3.1:8b,test-s96,24,Criminais,PROPN,ADJ
upos,llama3.1:8b,test-s97,6,ainda,ADV,AUX
upos,llama3.1:8b,test-s97,7,era,AUX,VERB
upos,llama3.1:8b,test-s97,8,disputada,VERB,NOUN
upos,llama3.1:8b,test-s97,15,mata,NOUN,VERB
upos,llama3.1:8b,test-s97,16,-,PUNCT,SYM
upos,llama3.1:8b,test-s97,22,MG,PROPN,NUM
upos,llama3.1:8b,test-s97,37,de,ADP,NOUN
upos,llama3.1:8b,test-s97,39,sua,DET,PROPN
upos,llama3.1:8b,test-s98,3,horário,NOUN,ADJ
upos,llama3.1:8b,test-s98,11,caso,CCONJ,NOUN
upos,llama3.1:8b,test-s99,6,de,ADP,NOUN
upos,llama3.1:8b,test-s99,9,leve,ADJ,AUX
upos,llama3.1:8b,test-s99,10,e,CCONJ,PRON
upos,llama3.1:8b,test-s99,11,cura,VERB,NOUN
upos,llama3.1:8b,test-s99,12,se,PRON,SCONJ
ner,qwen2.5:3b,c2003-1,0,SOCCER,O,B-ORG
ner,qwen2.5:3b,c2003-1,7,CHINA,B-PER,B-LOC
ner,qwen2.5:3b,c2003-1,10,DEFEAT,O,B-MISC
ner,qwen2.5:3b,c2003-2,1,Ladki,I-PER,O
ner,qwen2.5:3b,c2003-3,3,Arab,I-LOC,B-ORG
ner,qwen2.5:3b,c2003-3,4,Emirates,I-LOC,B-LOC
ner,qwen2.5:3b,c2003-3,5,1996-12-06,O,I-LOC
ner,qwen2.5:3b,c2003-4,6,Asian,B-MISC,O
ner,qwen2.5:3b,c2003-4,7,Cup,I-MISC,O
ner,qwen2.5:3b,c2003-4,11,lucky,O,B-MISC
ner,qwen2.5:3b,c2003-4,12,2-1,O,I-MISC
ner,qwen2.5:3b,c2003-4,15,Syria,B-LOC,B-PER
ner,qwen2.5:3b,c2003-4,18,Group,O,B-LOC
ner,qwen2.5:3b,c2003-4,19,C,O,I-LOC
ner,qwen2.5:3b,c2003-4,20,championship,O,B-MISC
ner,qwen2.5:3b,c2003-4,23,Friday,O,B-MISC
ner,qwen2.5:3b,c2003-5,10,match,O,B-MISC
ner,qwen2.5:3b,c2003-5,15,crashing,O,I-MISC
ner,qwen2.5:3b,c2003-5,20,defeat,O,I-PER
ner,qwen2.5:3b,c2003-6,6,and,O,B-LOC
ner,qwen2.5:3b,c2003-6,13,78th,O,B-MISC
ner,qwen2.5:3b,c2003-6,14,minute,O,I-MISC
ner,qwen2.5:3b,c2003-6,15,when,O,I-MISC
ner,qwen2.5:3b,c2003-6,16,Uzbek,B-MISC,B-ORG
ner,qwen2.5:3b,c2003-6,17,striker,O,I-ORG
ner,qwen2.5:3b,c2003-6,18,Igor,B-PER,I-ORG
ner,qwen2.5:3b,c2003-6,19,Shkvyrin,I-PER,O
ner,qwen2.5:3b,c2003-6,24,misdirected,O,B-MISC
ner,qwen2.5:3b,c2003-6,25,defensive,O,I-MISC
ner,qwen2.5:3b,c2003-6,26,header,O,I-MISC
ner,qwen2.5:3b,c2003-6,33,advancing,O,B-MISC
ner,qwen2.5:3b,c2003-6,34,Chinese,B-MISC,B-PER
ner,qwen2.5:3b,c2003-6,35,keeper,O,I-PER
ner,qwen2.5:3b,c2003-6,37,into,O,B-LOC
ner,qwen2.5:3b,c2003-6,40,net,O,B-MISC
ner,qwen2.5:3b,c2003-7,13,unstoppable,O,B-MISC
ner,qwen2.5:3b,c2003-7,14,left,O,I-MISC
ner,qwen2.5:3b,c2003-7,15,foot,O,I-MISC
ner,qwen2.5:3b,c2003-7,16,shot,O,I-MISC
ner,qwen2.5:3b,c2003-8,2,Soviet,B-MISC,B-LOC
ner,qwen2.5:3b,c2003-8,3,republic,O,I-LOC
ner,qwen2.5:3b,c2003-8,8,Asian,B-MISC,B-LOC
ner,qwen2.5:3b,c2003-8,9,Cup,I-MISC,I-LOC
ner,qwen2.5:3b,c2003-8,10,finals,O,B-MISC
ner,qwen2.5:3b,c2003-8,14,first,O,I-MISC
ner,qwen2.5:3b,c2003-8,15,time,O,I-MISC
ner,qwen2.5:3b,c2003-9,3,Asian,B-MISC,B-LOC
ner,qwen2.5:3b,c2003-9,4,Games,I-MISC,I-LOC
ner,qwen2.5:3b,c2003-9,5,title,O,I-LOC
ner,qwen2.5:3b,c2003-9,8,ago,O,B-MISC
ner,qwen2.5:3b,c2003-9,14,finals,O,B-MISC
ner,qwen2.5:3b,c2003-9,15,as,O,I-MISC
ner,qwen2.5:3b,c2003-10,0,Two,O,B-MISC
ner,qwen2.5:3b,c2003-10,10,allowed,O,B-LOC
ner,qwen2.5:3b,c2003-10,11,Japan,B-LOC,O
ner,qwen2.5:3b,c2003-10,17,collect,O,B-LOC
ner,qwen2.5:3b,c2003-10,18,all,O,I-LOC
ner,qwen2.5:3b,c2003-10,23,opening,O,B-MISC
ner,qwen2.5:3b,c2003-10,24,meeting,O,I-MISC
ner,qwen2.5:3b,c2003-10,25,against,O,I-MISC
ner,qwen2.5:3b,c2003-11,7,88th,O,B-MISC
ner,qwen2.5:3b,c2003-11,8,minute,O,I-MISC
ner,qwen2.5:3b,c2003-11,10,rising,O,B-PER
ner,qwen2.5:3b,c2003-11,12,head,O,B-PER
ner,qwen2.5:3b,c2003-11,14,Hiroshige,B-PER,B-LOC
ner,qwen2.5:3b,c2003-11,15,Yanagimoto,I-PER,I-LOC
ner,qwen2.5:3b,c2003-11,17,towards,O,B-PER
ner,qwen2.5:3b,c2003-11,19,Syrian,B-MISC,B-LOC
ner,qwen2.5:3b,c2003-11,20,goal,O,B-MISC
ner,qwen2.5:3b,c2003-11,22,goalkeeper,O,B-PER
ner,qwen2.5:3b,c2003-11,23,Salem,B-PER,B-LOC
ner,qwen2.5:3b,c2003-11,24,Bitar,I-PER,I-LOC
ner,qwen2.5:3b,c2003-11,34,into,O,B-LOC
ner,qwen2.5:3b,c2003-11,35,the,O,I-LOC
ner,qwen2.5:3b,c2003-11,36,net,O,I-LOC
ner,qwen2.5:3b,c2003-12,2,the,O,B-LOC
ner,qwen2.5:3b,c2003-12,10,minutes,O,B-MISC
ner,qwen2.5:3b,c2003-13,0,Defender,O,B-PER
ner,qwen2.5:3b,c2003-13,1,Hassan,B-PER,O
ner,qwen2.5:3b,c2003-13,11,area,O,B-MISC
ner,qwen2.5:3b,c2003-13,14,84th,O,B-MISC
ner,qwen2.5:3b,c2003-13,15,minute,O,I-MISC
ner,qwen2.5:3b,c2003-13,20,divert,O,B-MISC
ner,qwen2.5:3b,c2003-13,27,Bitar,B-PER,B-LOC
ner,qwen2.5:3b,c2003-13,28,'s,O,I-LOC
ner,qwen2.5:3b,c2003-14,13,seventh,O,B-MISC
ner,qwen2.5:3b,c2003-14,14,minute,O,I-MISC
ner,qwen2.5:3b,c2003-15,6,Syrian,B-MISC,B-LOC
ner,qwen2.5:3b,c2003-15,13,game,O,B-MISC
ner,qwen2.5:3b,c2003-15,14,but,O,I-MISC
ner,qwen2.5:3b,c2003-15,18,Syrian,B-MISC,B-LOC
ner,qwen2.5:3b,c2003-15,19,defence,O,I-LOC
ner,qwen2.5:3b,c2003-16,5,whenever,O,I-PER
ner,qwen2.5:3b,c2003-17,2,Shu,B-PER,O
ner,qwen2.5:3b,c2003-17,3,Kamo,I-PER,B-PER
ner,qwen2.5:3b,c2003-17,8,The,O,B-MISC
ner,qwen2.5:3b,c2003-17,9,Syrian,B-MISC,O
ner,qwen2.5:3b,c2003-17,15,us,O,B-MISC
ner,qwen2.5:3b,c2003-18,1,Syrians,B-MISC,B-PER
ner,qwen2.5:3b,c2003-18,3,early,O,B-MISC
ner,qwen2.5:3b,c2003-18,7,defensively,O,B-MISC
ner,qwen2.5:3b,c2003-20,2,co-hosts,O,B-ORG
ner,qwen2.5:3b,c2003-20,3,of,O,I-ORG
ner,qwen2.5:3b,c2003-20,4,the,O,I-ORG
ner,qwen2.5:3b,c2003-20,5,World,B-MISC,I-LOC
ner,qwen2.5:3b,c2003-20,6,Cup,I-MISC,O
ner,qwen2.5:3b,c2003-20,8,2002,O,B-MISC
ner,qwen2.5:3b,c2003-20,10,ranked,O,B-PER
ner,qwen2.5:3b,c2003-20,11,20th,O,I-PER
ner,qwen2.5:3b,c2003-21,0,Hosts,O,B-LOC
ner,qwen2.5:3b,c2003-21,1,UAE,B-LOC,O
ner,qwen2.5:3b,c2003-21,5,South,B-LOC,O
ner,qwen2.5:3b,c2003-21,6,Korea,I-LOC,B-LOC
ner,qwen2.5:3b,c2003-21,9,Indonesia,B-LOC,B-MISC
ner,qwen2.5:3b,c2003-21,11,Saturday,O,B-MISC
ner,qwen2.5:3b,c2003-21,13,Group,O,B-ORG
ner,qwen2.5:3b,c2003-21,14,A,O,I-ORG
ner,qwen2.5:3b,c2003-21,15,matches,O,B-MISC
ner,qwen2.5:3b,c2003-22,4,level,O,B-MISC
ner,qwen2.5:3b,c2003-22,5,with,O,I-MISC
ner,qwen2.5:3b,c2003-23,0,RUGBY,B-ORG,B-MISC
ner,qwen2.5:3b,c2003-23,1,UNION,I-ORG,O
ner,qwen2.5:3b,c2003-23,3,CUTTITTA,B-PER,O
ner,qwen2.5:3b,c2003-23,6,ITALY,B-LOC,B-PER
ner,qwen2.5:3b,c2003-24,0,ROME,B-LOC,B-PER
ner,qwen2.5:3b,c2003-24,1,1996-12-06,O,I-PER
ner,qwen2.5:3b,c2003-25,0,Italy,B-LOC,B-MISC
ner,qwen2.5:3b,c2003-25,2,Marcello,B-PER,I-MISC
ner,qwen2.5:3b,c2003-25,3,Cuttitta,I-PER,O
ner,qwen2.5:3b,c2003-26,1,Friday,O,B-MISC
ner,qwen2.5:3b,c2003-26,6,Scotland,B-LOC,O
ner,qwen2.5:3b,c2003-26,9,more,O,I-LOC
ner,qwen2.5:3b,c2003-26,12,year,O,B-MISC
ner,qwen2.5:3b,c2003-26,13,after,O,I-MISC
ner,qwen2.5:3b,c2003-26,15,30-year-old,O,B-PER
ner,qwen2.5:3b,c2003-26,20,retiring,O,B-PER
ner,qwen2.5:3b,c2003-26,22,differences,O,I-PER
ner,qwen2.5:3b,c2003-27,2,who,O,B-PER
ner,qwen2.5:3b,c2003-27,4,George,B-PER,O
ner,qwen2.5:3b,c2003-27,5,Coste,I-PER,O
ner,qwen2.5:3b,c2003-27,7,was,O,B-PER
ner,qwen2.5:3b,c2003-27,8,certain,O,I-PER
ner,qwen2.5:3b,c2003-27,10,play,O,B-MISC
ner,qwen2.5:3b,c2003-27,16,named,O,I-MISC
ner,qwen2.5:3b,c2003-27,26,team,O,B-PER
ner,qwen2.5:3b,c2003-27,27,beaten,O,I-PER
ner,qwen2.5:3b,c2003-27,30,England,B-LOC,B-PER
ner,qwen2.5:3b,c2003-28,5,illness,O,B-MISC
ner,qwen2.5:3b,c2003-28,13,row,O,B-MISC
ner,qwen2.5:3b,c2003-28,23,England,B-LOC,B-PER
ner,qwen2.5:3b,c2003-28,24,game,O,I-PER
ner,qwen2.5:3b,c2003-28,27,years,O,B-MISC
ner,qwen2.5:3b,c2003-28,28,out,O,I-MISC
ner,qwen2.5:3b,c2003-28,29,of,O,I-MISC
ner,qwen2.5:3b,c2003-29,7,World,I-MISC,B-LOC
ner,qwen2.5:3b,c2003-29,8,Cup,I-MISC,I-LOC
ner,qwen2.5:3b,c2003-29,10,where,O,B-PER
ner,qwen2.5:3b,c2003-29,18,the,O,B-LOC
ner,qwen2.5:3b,c2003-29,19,Italy,B-LOC,B-MISC
ner,qwen2.5:3b,c2003-29,20,side,O,B-PER
ner,qwen2.5:3b,c2003-29,26,pool,O,B-LOC
ner,qwen2.5:3b,c2003-29,27,stages,O,B-MISC
ner,qwen2.5:3b,c2003-30,4,approached,O,I-PER
ner,qwen2.5:3b,c2003-30,8,months,O,B-MISC
ner,qwen2.5:3b,c2003-31,1,He,O,B-PER
ner,qwen2.5:3b,c2003-31,5,Cup,I-MISC,O
ner,qwen2.5:3b,c2003-31,13,said,O,B-PER
ner,qwen2.5:3b,c2003-32,2,thought,O,B-PER
ner,qwen2.5:3b,c2003-32,12,he,O,B-PER
ner,qwen2.5:3b,c2003-32,13,said,O,I-PER
ner,qwen2.5:3b,c2003-32,14,he,O,I-PER
ner,qwen2.5:3b,c2003-32,17,available,O,B-MISC
ner,qwen2.5:3b,c2003-33,3,is,O,B-MISC
ner,qwen2.5:3b,c2003-33,4,the,O,I-MISC
ner,qwen2.5:3b,c2003-33,5,right,O,I-MISC
ner,qwen2.5:3b,c2003-33,8,him,O,B-PER
ner,qwen2.5:3b,c2003-33,9,to,O,I-PER
ner,qwen2.5:3b,c2003-34,0,Squad,O,B-PER
ner,qwen2.5:3b,c2003-34,3,Pertile,I-PER,O
ner,qwen2.5:3b,c2003-34,4,",",O,B-PER
ner,qwen2.5:3b,c2003-34,5,Paolo,B-PER,O
ner,qwen2.5:3b,c2003-34,6,Vaccari,I-PER,B-PER
ner,qwen2.5:3b,c2003-34,9,Cuttitta,I-PER,O
ner,qwen2.5:3b,c2003-34,20,Francesco,B-PER,O
ner,qwen2.5:3b,c2003-34,21,Mazzariol,I-PER,O
ner,qwen2.5:3b,c2003-34,23,Alessandro,B-PER,O
ner,qwen2.5:3b,c2003-34,24,Troncon,I-PER,O
ner,qwen2.5:3b,c2003-34,26,Orazio,B-PER,O
ner,qwen2.5:3b,c2003-34,27,Arancio,I-PER,O
ner,qwen2.5:3b,c2003-34,29,Andrea,B-PER,O
ner,qwen2.5:3b,c2003-34,30,Sgorlon,I-PER,O
ner,qwen2.5:3b,c2003-34,32,Massimo,B-PER,O
ner,qwen2.5:3b,c2003-34,33,Giovanelli,I-PER,O
ner,qwen2.5:3b,c2003-34,35,Carlo,B-PER,O
ner,qwen2.5:3b,c2003-34,36,Checchinato,I-PER,O
ner,qwen2.5:3b,c2003-34,38,Walter,B-PER,O
ner,qwen2.5:3b,c2003-34,39,Cristofoletto,I-PER,O
ner,qwen2.5:3b,c2003-34,41,Franco,B-PER,O
ner,qwen2.5:3b,c2003-34,42,Properzi,I-PER,B-PER
ner,qwen2.5:3b,c2003-34,51,Giambatista,B-PER,O
ner,qwen2.5:3b,c2003-34,52,Croci,I-PER,O
ner,qwen2.5:3b,c2003-34,54,Gianluca,B-PER,O
ner,qwen2.5:3b,c2003-34,55,Guidi,I-PER,O
ner,qwen2.5:3b,c2003-34,57,Nicola,B-PER,O
ner,qwen2.5:3b,c2003-34,58,Mazzucato,I-PER,O
ner,qwen2.5:3b,c2003-35,0,SOCCER,O,B-ORG
ner,qwen2.5:3b,c2003-35,2,LATE,O,B-MISC
ner,qwen2.5:3b,c2003-35,4,GIVE,O,I-MISC
ner,qwen2.5:3b,c2003-35,5,JAPAN,B-LOC,I-MISC
ner,qwen2.5:3b,c2003-35,6,WIN,O,I-MISC
ner,qwen2.5:3b,c2003-35,7,OVER,O,I-MISC
ner,qwen2.5:3b,c2003-36,3,Arab,I-LOC,B-ORG
ner,qwen2.5:3b,c2003-36,4,Emirates,I-LOC,B-LOC
ner,qwen2.5:3b,c2003-36,5,1996-12-06,O,I-LOC
ner,qwen2.5:3b,c2003-37,0,Two,O,B-MISC
ner,qwen2.5:3b,c2003-37,8,holders,O,B-LOC
ner,qwen2.5:3b,c2003-37,9,Japan,B-LOC,O
ner,qwen2.5:3b,c2003-37,12,2-1,O,B-MISC
ner,qwen2.5:3b,c2003-37,13,Asian,B-MISC,I-MISC
ner,qwen2.5:3b,c2003-38,7,88th,O,B-MISC
ner,qwen2.5:3b,c2003-38,8,minute,O,I-MISC
ner,qwen2.5:3b,c2003-38,12,C,O,B-ORG
ner,qwen2.5:3b,c2003-38,15,goalkeeper,O,B-PER
ner,qwen2.5:3b,c2003-38,16,Salem,B-PER,O
ner,qwen2.5:3b,c2003-38,20,mistake-free,O,B-MISC
ner,qwen2.5:3b,c2003-39,3,second,O,B-MISC
ner,qwen2.5:3b,c2003-39,4,Syrian,B-MISC,I-MISC
ner,qwen2.5:3b,c2003-39,5,defensive,O,I-MISC
ner,qwen2.5:3b,c2003-39,6,blunder,O,I-MISC
ner,qwen2.5:3b,c2003-40,0,Defender,O,B-PER
ner,qwen2.5:3b,c2003-40,1,Hassan,B-PER,O
ner,qwen2.5:3b,c2003-40,11,area,O,B-MISC
ner,qwen2.5:3b,c2003-40,14,84th,O,B-MISC
ner,qwen2.5:3b,c2003-40,15,minute,O,I-MISC
ner,qwen2.5:3b,c2003-40,20,divert,O,B-MISC
ner,qwen2.5:3b,c2003-40,27,Bitar,B-PER,B-LOC
ner,qwen2.5:3b,c2003-40,28,'s,O,I-LOC
ner,qwen2.5:3b,c2003-41,6,their,O,I-LOC
ner,qwen2.5:3b,c2003-41,12,seventh,O,B-MISC
ner,qwen2.5:3b,c2003-41,13,minute,O,I-MISC
ner,qwen2.5:3b,c2003-42,1,Jokhadar,I-PER,O
ner,qwen2.5:3b,c2003-42,5,from,O,B-LOC
ner,qwen2.5:3b,c2003-42,7,right,O,B-LOC
ner,qwen2.5:3b,c2003-42,8,by,O,B-PER
ner,qwen2.5:3b,c2003-42,9,Ammar,B-PER,O
ner,qwen2.5:3b,c2003-42,10,Awad,I-PER,B-PER
ner,qwen2.5:3b,c2003-43,6,Syrian,B-MISC,B-LOC
ner,qwen2.5:3b,c2003-43,12,goal,O,B-MISC
ner,qwen2.5:3b,c2003-43,18,16th,O,B-MISC
ner,qwen2.5:3b,c2003-44,1,minute,O,B-MISC
ner,qwen2.5:3b,c2003-44,2,later,O,I-MISC
ner,qwen2.5:3b,c2003-44,23,shot,O,B-MISC
ner,qwen2.5:3b,c2003-45,8,37th,O,B-MISC
ner,qwen2.5:3b,c2003-45,13,his,O,B-PER
ner,qwen2.5:3b,c2003-45,14,header,O,I-PER
ner,qwen2.5:3b,c2003-45,17,corner,O,B-MISC
ner,qwen2.5:3b,c2003-46,8,denied,O,I-PER
ner,qwen2.5:3b,c2003-46,12,when,O,B-PER
ner,qwen2.5:3b,c2003-46,13,he,O,I-PER
ner,qwen2.5:3b,c2003-46,17,right,O,B-PER
ner,qwen2.5:3b,c2003-46,18,to,O,I-PER
ner,qwen2.5:3b,c2003-46,27,53rd,O,B-MISC
ner,qwen2.5:3b,c2003-46,28,minute,O,I-MISC
ner,qwen2.5:3b,c2003-47,2,19,O,I-LOC
ner,qwen2.5:3b,c2003-47,3,-,O,I-LOC
ner,qwen2.5:3b,c2003-47,5,Shimokawa,I-PER,O
ner,qwen2.5:3b,c2003-47,8,-,O,B-LOC
ner,qwen2.5:3b,c2003-47,9,Hiroshige,B-PER,O
ner,qwen2.5:3b,c2003-47,10,Yanagimoto,I-PER,O
ner,qwen2.5:3b,c2003-47,14,Naoki,B-PER,O
ner,qwen2.5:3b,c2003-47,15,Soma,I-PER,O
ner,qwen2.5:3b,c2003-47,19,Masami,B-PER,O
ner,qwen2.5:3b,c2003-47,20,Ihara,I-PER,B-PER
ner,qwen2.5:3b,c2003-47,25,Omura,I-PER,O
ner,qwen2.5:3b,c2003-47,28,-,O,B-PER
ner,qwen2.5:3b,c2003-47,29,Motohiro,B-PER,O
ner,qwen2.5:3b,c2003-47,30,Yamaguchi,I-PER,B-PER
ner,qwen2.5:3b,c2003-47,34,Masakiyo,B-PER,I-PER
ner,qwen2.5:3b,c2003-47,36,(,O,B-ORG
ner,qwen2.5:3b,c2003-47,37,7,O,B-MISC
ner,qwen2.5:3b,c2003-47,39,Yasuto,B-PER,O
ner,qwen2.5:3b,c2003-47,40,Honda,I-PER,B-ORG
ner,qwen2.5:3b,c2003-47,54,11,O,B-MISC
ner,qwen2.5:3b,c2003-47,59,15,O,B-MISC
ner,qwen2.5:3b,c2003-47,63,(,O,B-MISC
ner,qwen2.5:3b,c2003-47,64,14,O,I-MISC
ner,qwen2.5:3b,c2003-47,65,-,O,I-MISC
ner,qwen2.5:3b,c2003-47,66,Masayuki,B-PER,I-MISC
ner,qwen2.5:3b,c2003-47,67,Okano,I-PER,O
ner,qwen2.5:3b,c2003-47,68,75,O,B-MISC
ner,qwen2.5:3b,c2003-47,69,),O,I-MISC
ner,qwen2.5:3b,c2003-48,2,24,O,B-MISC
ner,qwen2.5:3b,c2003-48,4,Salem,B-PER,O
ner,qwen2.5:3b,c2003-48,5,Bitar,I-PER,O
ner,qwen2.5:3b,c2003-48,6,",",O,B-PER
ner,qwen2.5:3b,c2003-48,9,Bachar,B-PER,O
ner,qwen2.5:3b,c2003-48,10,Srour,I-PER,O
ner,qwen2.5:3b,c2003-48,14,Hassan,B-PER,O
ner,qwen2.5:3b,c2003-48,15,Abbas,I-PER,O
ner,qwen2.5:3b,c2003-48,19,Tarek,B-PER,O
ner,qwen2.5:3b,c2003-48,20,Jabban,I-PER,O
ner,qwen2.5:3b,c2003-48,24,Ammar,B-PER,O
ner,qwen2.5:3b,c2003-48,25,Awad,I-PER,O
ner,qwen2.5:3b,c2003-48,29,Louay,B-PER,O
ner,qwen2.5:3b,c2003-48,30,Taleb,I-PER,B-PER
ner,qwen2.5:3b,c2003-48,36,Nihad,B-PER,I-PER
ner,qwen2.5:3b,c2003-48,44,12,O,B-MISC
ner,qwen2.5:3b,c2003-48,49,13,O,B-MISC
ner,qwen2.5:3b,c2003-48,54,(,O,B-ORG
ner,qwen2.5:3b,c2003-48,59,46,O,I-PER
ner,qwen2.5:3b,c2003-48,62,14,O,B-MISC
ner,qwen2.5:3b,c2003-48,63,-,O,I-MISC
ner,qwen2.5:3b,c2003-48,64,Khaled,B-PER,I-MISC
ner,qwen2.5:3b,c2003-48,65,Zaher,I-PER,O
ner,qwen2.5:3b,c2003-48,67,16,O,B-MISC
ner,qwen2.5:3b,c2003-48,68,-,O,I-MISC
ner,qwen2.5:3b,c2003-48,69,Nader,B-PER,O
ner,qwen2.5:3b,c2003-48,70,Jokhadar,I-PER,B-PER
ner,qwen2.5:3b,c2003-49,3,MOGUL,O,I-MISC
ner,qwen2.5:3b,c2003-49,4,RESULTS,O,I-MISC
ner,qwen2.5:3b,c2003-50,0,TIGNES,B-LOC,B-MISC
ner,qwen2.5:3b,c2003-50,3,1996-12-06,O,I-LOC
ner,qwen2.5:3b,c2003-52,0,freestyle,O,B-MISC
ner,qwen2.5:3b,c2003-53,0,Men,O,B-PER
ner,qwen2.5:3b,c2003-54,0,1.,O,B-PER
ner,qwen2.5:3b,c2003-54,1,Jesper,B-PER,O
ner,qwen2.5:3b,c2003-54,2,Ronnback,I-PER,O
ner,qwen2.5:3b,c2003-54,6,25.76,O,B-MISC
ner,qwen2.5:3b,c2003-55,1,Andrei,B-PER,O
ner,qwen2.5:3b,c2003-55,2,Ivanov,I-PER,B-PER
ner,qwen2.5:3b,c2003-55,6,24.88,O,B-MISC
ner,qwen2.5:3b,c2003-56,1,Ryan,B-PER,O
ner,qwen2.5:3b,c2003-56,2,Johnson,I-PER,B-PER
ner,qwen2.5:3b,c2003-56,3,(,O,B-LOC
ner,qwen2.5:3b,c2003-56,4,Canada,B-LOC,I-LOC
ner,qwen2.5:3b,c2003-57,0,4.,O,B-MISC
ner,qwen2.5:3b,c2003-57,1,Jean-Luc,B-PER,I-PER
ner,qwen2.5:3b,c2003-57,5,),O,I-LOC
ner,qwen2.5:3b,c2003-58,2,Hole,I-PER,B-PER
ner,qwen2.5:3b,c2003-58,5,),O,I-LOC
ner,qwen2.5:3b,c2003-59,1,Jeremie,B-PER,O
ner,qwen2.5:3b,c2003-59,2,Collomb-Patton,I-PER,B-PER
ner,qwen2.5:3b,c2003-60,1,Jim,B-PER,O
ner,qwen2.5:3b,c2003-60,2,Moran,I-PER,B-PER
ner,qwen2.5:3b,c2003-61,1,Dominick,B-PER,O
ner,qwen2.5:3b,c2003-61,2,Gauthier,I-PER,B-PER
ner,qwen2.5:3b,c2003-61,3,(,O,I-PER
ner,qwen2.5:3b,c2003-61,4,Canada,B-LOC,I-PER
ner,qwen2.5:3b,c2003-62,2,Gregoire,I-PER,B-PER
ner,qwen2.5:3b,c2003-62,5,),O,I-LOC
ner,qwen2.5:3b,c2003-63,0,10.,O,B-MISC
ner,qwen2.5:3b,c2003-63,1,Troy,B-PER,O
ner,qwen2.5:3b,c2003-63,2,Benson,I-PER,B-PER
ner,qwen2.5:3b,c2003-63,4,U.S.,B-LOC,I-MISC
ner,qwen2.5:3b,c2003-63,6,22.56,O,B-MISC
ner,qwen2.5:3b,c2003-64,0,Women,O,B-PER
ner,qwen2.5:3b,c2003-65,0,1.,O,B-PER
ner,qwen2.5:3b,c2003-65,1,Tatjana,B-PER,O
ner,qwen2.5:3b,c2003-65,2,Mittermayer,I-PER,O
ner,qwen2.5:3b,c2003-65,5,),O,I-LOC
ner,qwen2.5:3b,c2003-66,1,Candice,B-PER,O
ner,qwen2.5:3b,c2003-66,2,Gilg,I-PER,B-PER
ner,qwen2.5:3b,c2003-66,3,(,O,I-PER
ner,qwen2.5:3b,c2003-66,4,France,B-LOC,I-PER
ner,qwen2.5:3b,c2003-66,6,24.31,O,B-MISC
ner,qwen2.5:3b,c2003-67,2,Karhu,I-PER,B-LOC
ner,qwen2.5:3b,c2003-67,6,24.05,O,B-MISC
ner,qwen2.5:3b,c2003-68,1,Tae,B-PER,O
ner,qwen2.5:3b,c2003-68,2,Satoya,I-PER,B-PER
ner,qwen2.5:3b,c2003-68,3,(,O,I-PER
ner,qwen2.5:3b,c2003-68,5,),O,I-LOC
ner,qwen2.5:3b,c2003-69,1,Ann,B-PER,O
ner,qwen2.5:3b,c2003-69,2,Battellle,I-PER,B-PER
ner,qwen2.5:3b,c2003-70,2,Weinbrecht,I-PER,B-PER
ner,qwen2.5:3b,c2003-71,2,McIntyre,I-PER,B-PER
ner,qwen2.5:3b,c2003-71,6,22.00,O,B-MISC
ner,qwen2.5:3b,c2003-72,5,),O,I-LOC
ner,qwen2.5:3b,c2003-73,3,(,O,B-LOC
ner,qwen2.5:3b,c2003-73,4,Russia,B-LOC,B-ORG
ner,qwen2.5:3b,c2003-73,5,),O,I-LOC
ner,qwen2.5:3b,c2003-73,6,21.59,O,B-MISC
ner,qwen2.5:3b,c2003-74,1,Katleen,B-PER,O
ner,qwen2.5:3b,c2003-74,2,Allais,I-PER,B-PER
ner,qwen2.5:3b,c2003-75,0,SOCCER,O,B-MISC
ner,qwen2.5:3b,c2003-75,2,ASIAN,B-MISC,B-LOC
ner,qwen2.5:3b,c2003-75,3,CUP,I-MISC,B-LOC
ner,qwen2.5:3b,c2003-75,4,GROUP,O,I-LOC
ner,qwen2.5:3b,c2003-75,5,C,O,I-LOC
ner,qwen2.5:3b,c2003-75,6,RESULTS,O,I-LOC
ner,qwen2.5:3b,c2003-76,3,Arab,I-LOC,B-ORG
ner,qwen2.5:3b,c2003-76,4,Emirates,I-LOC,B-LOC
ner,qwen2.5:3b,c2003-76,5,1996-12-06,O,I-LOC
ner,qwen2.5:3b,c2003-77,0,Results,O,B-MISC
ner,qwen2.5:3b,c2003-77,2,Asian,B-MISC,B-LOC
ner,qwen2.5:3b,c2003-77,3,Cup,I-MISC,B-MISC
ner,qwen2.5:3b,c2003-77,4,group,O,I-MISC
ner,qwen2.5:3b,c2003-77,6,matches,O,B-MISC
ner,qwen2.5:3b,c2003-77,7,played,O,B-MISC
ner,qwen2.5:3b,c2003-78,2,Syria,B-LOC,B-MISC
ner,qwen2.5:3b,c2003-78,5,halftime,O,B-MISC
ner,qwen2.5:3b,c2003-78,6,0-1,O,I-MISC
ner,qwen2.5:3b,c2003-79,0,Scorers,O,B-PER
ner,qwen2.5:3b,c2003-80,10,88,O,B-MISC
ner,qwen2.5:3b,c2003-81,2,Nader,B-PER,I-PER
ner,qwen2.5:3b,c2003-81,4,7,O,I-MISC
ner,qwen2.5:3b,c2003-82,2,"10,000",O,B-MISC
ner,qwen2.5:3b,c2003-84,0,Scorers,O,B-PER
ner,qwen2.5:3b,c2003-84,4,78,O,B-MISC
ner,qwen2.5:3b,c2003-84,8,90,O,B-MISC
ner,qwen2.5:3b,c2003-85,0,Attendence,O,B-PER
ner,qwen2.5:3b,c2003-86,0,Standings,O,B-MISC
ner,qwen2.5:3b,c2003-86,2,tabulate,O,B-LOC
ner,qwen2.5:3b,c2003-86,3,under,O,I-LOC
ner,qwen2.5:3b,c2003-88,5,2,O,I-LOC
ner,qwen2.5:3b,c2003-88,7,3,O,I-LOC
ner,qwen2.5:3b,c2003-89,5,2,O,I-LOC
ner,qwen2.5:3b,c2003-89,6,1,O,I-LOC
ner,qwen2.5:3b,c2003-89,7,3,O,I-LOC
ner,qwen2.5:3b,c2003-90,0,Syria,B-LOC,B-PER
ner,qwen2.5:3b,c2003-90,4,1,O,B-LOC
ner,qwen2.5:3b,c2003-90,5,1,O,I-LOC
ner,qwen2.5:3b,c2003-90,6,2,O,I-LOC
ner,qwen2.5:3b,c2003-91,6,2,O,B-LOC
ner,qwen2.5:3b,c2003-92,0,CRICKET,O,B-MISC
ner,qwen2.5:3b,c2003-92,2,PAKISTAN,B-LOC,B-PER
ner,qwen2.5:3b,c2003-92,3,V,O,I-PER
ner,qwen2.5:3b,c2003-92,4,NEW,B-LOC,O
ner,qwen2.5:3b,c2003-92,5,ZEALAND,I-LOC,B-LOC
ner,qwen2.5:3b,c2003-92,6,ONE-DAY,O,I-LOC
ner,qwen2.5:3b,c2003-92,7,SCOREBOARD,O,I-LOC
ner,qwen2.5:3b,c2003-93,2,14:06,O,B-MISC
ner,qwen2.5:3b,c2003-93,3,GMT,B-MISC,I-MISC
ner,qwen2.5:3b,c2003-94,3,1996-12-06,O,I-LOC
ner,qwen2.5:3b,c2003-95,0,Scoreboard,O,B-MISC
ner,qwen2.5:3b,c2003-96,0,one-day,O,I-PER
ner,qwen2.5:3b,c2003-96,7,Zealand,I-LOC,O
ner,qwen2.5:3b,c2003-99,1,Anwar,I-PER,O
ner,qwen2.5:3b,c2003-99,6,corrects,O,B-MISC
ner,qwen2.5:3b,c2003-99,7,from,O,I-MISC
ner,qwen2.5:3b,c2003-99,8,90,O,I-MISC
ner,qwen2.5:3b,c2003-100,3,Cairns,B-PER,B-LOC
ner,qwen2.5:3b,c2003-100,6,corrects,O,B-MISC
ner,qwen2.5:3b,c2003-100,7,from,O,I-MISC
ner,qwen2.5:3b,c2003-100,8,87,O,I-MISC
upos,qwen2.5:3b,test-s1,0,Mas,CCONJ,ADP
upos,qwen2.5:3b,test-s1,1,por,ADP,CCONJ
upos,qwen2.5:3b,test-s1,2,não,ADV,PART
upos,qwen2.5:3b,test-s1,3,existir,VERB,AUX
upos,qwen2.5:3b,test-s1,4,um,DET,NUM
upos,qwen2.5:3b,test-s1,6,legal,ADJ,VERB
upos,qwen2.5:3b,test-s1,7,há,VERB,ADV
upos,qwen2.5:3b,test-s1,8,uma,DET,PART
upos,qwen2.5:3b,test-s1,9,insegurança,NOUN,X
upos,qwen2.5:3b,test-s1,11,parte,NOUN,PART
upos,qwen2.5:3b,test-s1,15,"""",PUNCT,SYM
upos,qwen2.5:3b,test-s2,3,que,CCONJ,ADP
upos,qwen2.5:3b,test-s2,4,a,DET,PART
upos,qwen2.5:3b,test-s2,6,vai,AUX,VERB
upos,qwen2.5:3b,test-s2,7,manter,VERB,AUX
upos,qwen2.5:3b,test-s2,8,o,DET,PART
upos,qwen2.5:3b,test-s2,9,foco,NOUN,X
upos,qwen2.5:3b,test-s2,18,a,DET,NOUN
upos,qwen2.5:3b,test-s2,19,evolução,NOUN,VERB
upos,qwen2.5:3b,test-s3,0,Com,ADP,DET
upos,qwen2.5:3b,test-s3,1,o,DET,PART
upos,qwen2.5:3b,test-s3,3,Cairoli,PROPN,X
upos,qwen2.5:3b,test-s3,7,de,ADP,PART
upos,qwen2.5:3b,test-s3,8,a,DET,PART
upos,qwen2.5:3b,test-s3,9,competição,NOUN,X
upos,qwen2.5:3b,test-s4,1,técnica,ADJ,NOUN
upos,qwen2.5:3b,test-s4,5,de,ADP,PART
upos,qwen2.5:3b,test-s4,6,a,DET,PART
upos,qwen2.5:3b,test-s4,7,mesma,ADJ,PART
upos,qwen2.5:3b,test-s4,9,.,PUNCT,NOUN
upos,qwen2.5:3b,test-s5,3,que,PRON,ADJ
upos,qwen2.5:3b,test-s5,4,era,AUX,VERB
upos,qwen2.5:3b,test-s5,5,uma,DET,PART
upos,qwen2.5:3b,test-s5,6,peça,NOUN,NUM
upos,qwen2.5:3b,test-s5,7,de,ADP,PART
upos,qwen2.5:3b,test-s5,8,decoração,NOUN,X
upos,qwen2.5:3b,test-s5,9,de,ADP,X
upos,qwen2.5:3b,test-s5,13,foi,AUX,VERB
upos,qwen2.5:3b,test-s5,14,apreendida,VERB,ADJ
upos,qwen2.5:3b,test-s5,15,para,ADP,PART
upos,qwen2.5:3b,test-s5,16,ser,AUX,VERB
upos,qwen2.5:3b,test-s6,7,foi,AUX,VERB
upos,qwen2.5:3b,test-s6,9,após,ADP,VERB
upos,qwen2.5:3b,test-s6,13,as,DET,PART
upos,qwen2.5:3b,test-s6,14,mãos,NOUN,VERB
upos,qwen2.5:3b,test-s6,17,SHIELD,PROPN,X
upos,qwen2.5:3b,test-s6,19,sofreu,VERB,PUNCT
upos,qwen2.5:3b,test-s6,26,altura,NOUN,ADJ
upos,qwen2.5:3b,test-s6,27,durante,ADP,ADV
upos,qwen2.5:3b,test-s6,28,o,DET,ADP
upos,qwen2.5:3b,test-s6,29,confronto,NOUN,VERB
upos,qwen2.5:3b,test-s6,32,terceiro,ADJ,NOUN
upos,qwen2.5:3b,test-s6,37,Homem,PROPN,PRON
upos,qwen2.5:3b,test-s6,38,-,PUNCT,SYM
upos,qwen2.5:3b,test-s6,39,Aranha,PROPN,X
upos,qwen2.5:3b,test-s7,0,Sou,AUX,PRON
upos,qwen2.5:3b,test-s7,3,futebol,NOUN,VERB
upos,qwen2.5:3b,test-s7,5,não,ADV,PART
upos,qwen2.5:3b,test-s7,7,de,ADP,AUX
upos,qwen2.5:3b,test-s7,8,o,DET,PROPN
upos,qwen2.5:3b,test-s7,9,Corinthians,PROPN,VERB
upos,qwen2.5:3b,test-s7,16,de,ADP,PART
upos,qwen2.5:3b,test-s7,17,Higgs,PROPN,X
upos,qwen2.5:3b,test-s7,18,e,CCONJ,NOUN
upos,qwen2.5:3b,test-s7,20,que,CCONJ,NOUN
upos,qwen2.5:3b,test-s7,22,de,ADP,PART
upos,qwen2.5:3b,test-s7,27,autora,NOUN,PROPN
upos,qwen2.5:3b,test-s8,1,http://m.goal.com,X,SYM
upos,qwen2.5:3b,test-s8,4,melhor,ADJ,NOUN
upos,qwen2.5:3b,test-s8,5,fonte,NOUN,PART
upos,qwen2.5:3b,test-s8,6,de,ADP,DET
upos,qwen2.5:3b,test-s8,7,cobertura,NOUN,VERB
upos,qwen2.5:3b,test-s8,8,para,ADP,PART
upos,qwen2.5:3b,test-s8,9,celulares,NOUN,X
upos,qwen2.5:3b,test-s8,12,futebol,NOUN,PROPN
upos,qwen2.5:3b,test-s9,0,Cerca,ADV,ADP
upos,qwen2.5:3b,test-s9,1,de,ADP,CCONJ
upos,qwen2.5:3b,test-s9,5,de,ADP,CCONJ
upos,qwen2.5:3b,test-s9,9,foram,AUX,SYM
upos,qwen2.5:3b,test-s9,10,vendidos,VERB,ADJ
upos,qwen2.5:3b,test-s9,13,primeiro,ADJ,NOUN
upos,qwen2.5:3b,test-s9,14,dia,NOUN,NUM
upos,qwen2.5:3b,test-s9,15,de,ADP,SCONJ
upos,qwen2.5:3b,test-s9,16,lançamento,NOUN,VERB
upos,qwen2.5:3b,test-s10,1,Já,ADV,ADJ
upos,qwen2.5:3b,test-s10,2,estamos,AUX,VERB
upos,qwen2.5:3b,test-s10,9,.,PUNCT,PART
upos,qwen2.5:3b,test-s11,3,Inglaterra,PROPN,NOUN
upos,qwen2.5:3b,test-s11,4,que,CCONJ,SCONJ
upos,qwen2.5:3b,test-s11,5,Eriç,PROPN,X
upos,qwen2.5:3b,test-s11,8,diplomata,NOUN,PROPN
upos,qwen2.5:3b,test-s11,9,e,CCONJ,PART
upos,qwen2.5:3b,test-s11,11,cultural,ADJ,NOUN
upos,qwen2.5:3b,test-s11,12,Paschoal,PROPN,NOUN
upos,qwen2.5:3b,test-s11,13,Carlos,PROPN,NOUN
upos,qwen2.5:3b,test-s11,14,Magno,PROPN,NOUN
upos,qwen2.5:3b,test-s11,15,",",PUNCT,NOUN
upos,qwen2.5:3b,test-s11,16,então,ADV,NOUN
upos,qwen2.5:3b,test-s11,18,de,ADP,NOUN
upos,qwen2.5:3b,test-s11,19,o,DET,NOUN
upos,qwen2.5:3b,test-s11,24,que,PRON,PART
upos,qwen2.5:3b,test-s11,28,o,DET,PROPN
upos,qwen2.5:3b,test-s11,29,Brasil,PROPN,PUNCT
upos,qwen2.5:3b,test-s11,31,dezembro,PROPN,NOUN
upos,qwen2.5:3b,test-s12a,0,Face,NOUN,PROPN
upos,qwen2.5:3b,test-s12a,1,a,ADP,DET
upos,qwen2.5:3b,test-s12a,5,e,CCONJ,ADP
upos,qwen2.5:3b,test-s12a,6,a,ADP,DET
upos,qwen2.5:3b,test-s12a,8,paulatina,ADJ,ADV
upos,qwen2.5:3b,test-s12a,9,transferência,NOUN,VERB
upos,qwen2.5:3b,test-s12a,16,para,ADP,VERB
upos,qwen2.5:3b,test-s12a,17,Ponta,PROPN,PRON
upos,qwen2.5:3b,test-s12a,18,Delgada,PROPN,ADP
upos,qwen2.5:3b,test-s12a,19,",",PUNCT,NOUN
upos,qwen2.5:3b,test-s12a,23,queixa,PROPN,ADJ
upos,qwen2.5:3b,test-s12a,24,a,ADP,PART
upos,qwen2.5:3b,test-s12a,26,rei,NOUN,PROPN
upos,qwen2.5:3b,test-s12a,28,que,PRON,VERB
upos,qwen2.5:3b,test-s12a,29,em,ADP,X
upos,qwen2.5:3b,test-s12a,34,recolher,VERB,ADJ
upos,qwen2.5:3b,test-s12a,35,a,ADP,PRON
upos,qwen2.5:3b,test-s12a,36,a,DET,PART
upos,qwen2.5:3b,test-s12a,38,Sé.,PROPN,X
upos,qwen2.5:3b,test-s12b,5,a,ADP,PART
upos,qwen2.5:3b,test-s12b,6,que,CCONJ,SCONJ
upos,qwen2.5:3b,test-s12b,7,não,ADV,X
upos,qwen2.5:3b,test-s12b,8,tivesse,AUX,X
upos,qwen2.5:3b,test-s12b,10,a,ADP,DET
upos,qwen2.5:3b,test-s12b,12,",",PUNCT,NOUN
upos,qwen2.5:3b,test-s12b,14,em,ADP,VERB
upos,qwen2.5:3b,test-s12b,15,a,DET,PART
upos,qwen2.5:3b,test-s12b,17,de,ADP,PART
upos,qwen2.5:3b,test-s12b,19,Miguel,PROPN,PUNCT
upos,qwen2.5:3b,test-s12b,20,a,ADP,DET
upos,qwen2.5:3b,test-s12b,23,Junho,PROPN,NOUN
upos,qwen2.5:3b,test-s12b,28,sepultado,ADJ,PART
upos,qwen2.5:3b,test-s12b,29,em,ADP,X
upos,qwen2.5:3b,test-s12b,33,de,ADP,PART
upos,qwen2.5:3b,test-s13,2,o,DET,PART
upos,qwen2.5:3b,test-s13,9,",",PUNCT,NOUN
upos,qwen2.5:3b,test-s14,5,os,DET,PART
upos,qwen2.5:3b,test-s14,8,o,DET,PART
upos,qwen2.5:3b,test-s14,9,Bacacheri,PROPN,X
upos,qwen2.5:3b,test-s14,18,neste,ADP,PART
upos,qwen2.5:3b,test-s14,19,sábado,PROPN,VERB
upos,qwen2.5:3b,test-s14,20,(,PUNCT,SYM
upos,qwen2.5:3b,test-s14,22,),PUNCT,SYM
upos,qwen2.5:3b,test-s14,23,",",PUNCT,NOUN
upos,qwen2.5:3b,test-s14,24,podendo,AUX,VERB
upos,qwen2.5:3b,test-s14,26,a,DET,PART
upos,qwen2.5:3b,test-s14,27,distribuição,NOUN,ADJ
upos,qwen2.5:3b,test-s14,28,de,ADP,PART
upos,qwen2.5:3b,test-s14,29,água,NOUN,PART
upos,qwen2.5:3b,test-s15,2,que,CCONJ,ADP
upos,qwen2.5:3b,test-s15,7,os,DET,PART
upos,qwen2.5:3b,test-s15,9,antigos,ADJ,X
upos,qwen2.5:3b,test-s15,13,como,ADP,INTJ
upos,qwen2.5:3b,test-s15,14,restaurantes,NOUN,VERB
upos,qwen2.5:3b,test-s15,15,e,CCONJ,PART
upos,qwen2.5:3b,test-s15,17,para,ADP,VERB
upos,qwen2.5:3b,test-s15,18,os,DET,PART
upos,qwen2.5:3b,test-s15,19,grandes,ADJ,DET
upos,qwen2.5:3b,test-s15,21,",",PUNCT,NOUN
upos,qwen2.5:3b,test-s15,22,como,CCONJ,NOUN
upos,qwen2.5:3b,test-s15,23,aponta,VERB,NOUN
upos,qwen2.5:3b,test-s15,24,o,DET,NOUN
upos,qwen2.5:3b,test-s15,26,Luiz,PROPN,NOUN
upos,qwen2.5:3b,test-s15,27,Caetano,PROPN,NOUN
upos,qwen2.5:3b,test-s15,28,",",PUNCT,NOUN
upos,qwen2.5:3b,test-s15,29,que,PRON,NOUN
upos,qwen2.5:3b,test-s16,0,E,CCONJ,NOUN
upos,qwen2.5:3b,test-s16,1,a,DET,NOUN
upos,qwen2.5:3b,test-s16,3,de,ADP,NOUN
upos,qwen2.5:3b,test-s16,4,o,DET,NOUN
upos,qwen2.5:3b,test-s16,5,ex,PART,NOUN
upos,qwen2.5:3b,test-s16,6,-,PUNCT,NOUN
upos,qwen2.5:3b,test-s16,8,-,PUNCT,NOUN
upos,qwen2.5:3b,test-s16,9,direita,ADJ,NOUN
upos,qwen2.5:3b,test-s16,17,a,ADP,DET
upos,qwen2.5:3b,test-s16,18,convite,NOUN,AUX
upos,qwen2.5:3b,test-s16,19,de,ADP,SYM
upos,qwen2.5:3b,test-s17,4,liberação,NOUN,VERB
upos,qwen2.5:3b,test-s17,5,de,ADP,AUX
upos,qwen2.5:3b,test-s17,9,em,ADP,PART
upos,qwen2.5:3b,test-s17,17,de,ADP,PART
upos,qwen2.5:3b,test-s17,21,",",PUNCT,NOUN
upos,qwen2.5:3b,test-s17,22,em,ADP,PART
upos,qwen2.5:3b,test-s18,0,Quando,CCONJ,ADP
upos,qwen2.5:3b,test-s18,4,a,DET,PART
upos,qwen2.5:3b,test-s18,8,-,PUNCT,SYM
upos,qwen2.5:3b,test-s18,9,los,PRON,PUNCT
upos,qwen2.5:3b,test-s18,14,Oliveira,PROPN,NOUN
upos,qwen2.5:3b,test-s18,18,anos,NOUN,VERB
upos,qwen2.5:3b,test-s18,20,se,PRON,ADP
upos,qwen2.5:3b,test-s18,23,uma,DET,NOUN
upos,qwen2.5:3b,test-s18,24,briga,NOUN,VERB
upos,qwen2.5:3b,test-s19,0,@,X,SYM
upos,qwen2.5:3b,test-s19,2,Sinais,NOUN,PROPN
upos,qwen2.5:3b,test-s19,4,que,CCONJ,PART
upos,qwen2.5:3b,test-s19,7,pode,AUX,VERB
upos,qwen2.5:3b,test-s19,8,ganhar,VERB,NUM
upos,qwen2.5:3b,test-s19,9,em,ADP,VERB
upos,qwen2.5:3b,test-s19,11,1,ADJ,NUM
upos,qwen2.5:3b,test-s19,12,º,PUNCT,PART
upos,qwen2.5:3b,test-s19,15,é,AUX,VERB
upos,qwen2.5:3b,test-s19,17,onda,NOUN,X
upos,qwen2.5:3b,test-s19,18,de,ADP,NOUN
upos,qwen2.5:3b,test-s19,19,ataques,NOUN,VERB
upos,qwen2.5:3b,test-s19,23,que,PRON,ADV
upos,qwen2.5:3b,test-s19,26,de,ADP,PART
upos,qwen2.5:3b,test-s19,29,Fernando,PROPN,X
upos,qwen2.5:3b,test-s19,30,vem,AUX,VERB
upos,qwen2.5:3b,test-s19,31,fazendo,VERB,ADJ
upos,qwen2.5:3b,test-s20,4,questão,NOUN,VERB
upos,qwen2.5:3b,test-s20,7,Estado,PROPN,PART
upos,qwen2.5:3b,test-s20,8,de,ADP,NOUN
upos,qwen2.5:3b,test-s20,9,o,DET,VERB
upos,qwen2.5:3b,test-s20,11,de,ADP,PART
upos,qwen2.5:3b,test-s20,14,decisão,NOUN,ADJ
upos,qwen2.5:3b,test-s20,15,de,ADP,SCONJ
upos,qwen2.5:3b,test-s20,17,11,ADJ,NUM
upos,qwen2.5:3b,test-s20,18,ª,PUNCT,NOUN
upos,qwen2.5:3b,test-s20,19,Câmara,PROPN,X
upos,qwen2.5:3b,test-s20,20,Cível,PROPN,ADJ
upos,qwen2.5:3b,test-s20,21,de,ADP,CCONJ
upos,qwen2.5:3b,test-s20,23,Tribunal,PROPN,NOUN
upos,qwen2.5:3b,test-s20,24,de,ADP,CCONJ
upos,qwen2.5:3b,test-s20,26,de,ADP,DET
upos,qwen2.5:3b,test-s20,27,o,DET,NOUN
upos,qwen2.5:3b,test-s20,29,de,ADP,X
upos,qwen2.5:3b,test-s20,30,o,DET,NOUN
upos,qwen2.5:3b,test-s20,31,Rio,PROPN,NOUN
upos,qwen2.5:3b,test-s20,32,de,ADP,NOUN
upos,qwen2.5:3b,test-s20,33,Janeiro,PROPN,NOUN
upos,qwen2.5:3b,test-s20,34,(,PUNCT,NOUN
upos,qwen2.5:3b,test-s20,35,TJ,PROPN,NOUN
upos,qwen2.5:3b,test-s20,36,-,PUNCT,NOUN
upos,qwen2.5:3b,test-s20,37,RJ,PROPN,NOUN
upos,qwen2.5:3b,test-s20,38,),PUNCT,NOUN
upos,qwen2.5:3b,test-s20,39,que,PRON,NOUN
upos,qwen2.5:3b,test-s20,42,mandado,NOUN,ADJ
upos,qwen2.5:3b,test-s20,46,por,ADP,AUX
upos,qwen2.5:3b,test-s20,49,reconheceu,VERB,PART
upos,qwen2.5:3b,test-s20,53,a,ADP,DET
upos,qwen2.5:3b,test-s20,54,o,DET,NOUN
upos,qwen2.5:3b,test-s20,56,em,ADP,PART
upos,qwen2.5:3b,test-s20,58,comercialização,NOUN,VERB
upos,qwen2.5:3b,test-s20,59,de,ADP,NOUN
upos,qwen2.5:3b,test-s20,62,eletrônica,ADJ,NOUN
upos,qwen2.5:3b,test-s21,2,foi,AUX,VERB
upos,qwen2.5:3b,test-s21,3,promulgada,VERB,ADJ
upos,qwen2.5:3b,test-s21,9,",",PUNCT,NOUN
upos,qwen2.5:3b,test-s21,19,de,ADP,PART
upos,qwen2.5:3b,test-s21,23,TJRN,PROPN,X
upos,qwen2.5:3b,test-s21,25,",",PUNCT,ADP
upos,qwen2.5:3b,test-s21,26,em,ADP,VERB
upos,qwen2.5:3b,test-s21,27,a,DET,PART
upos,qwen2.5:3b,test-s21,29,desta,ADP,ADJ
upos,qwen2.5:3b,test-s21,30,quarta,PROPN,ADJ
upos,qwen2.5:3b,test-s21,31,.,PUNCT,SYM
upos,qwen2.5:3b,test-s22,0,Acesse,VERB,ADP
upos,qwen2.5:3b,test-s22,2,www.revitechpisos.com.br,NOUN,SYM
upos,qwen2.5:3b,test-s22,3,e,CCONJ,PART
upos,qwen2.5:3b,test-s22,8,para,ADP,PART
upos,qwen2.5:3b,test-s22,9,o,DET,X
upos,qwen2.5:3b,test-s22,10,seu,DET,PRON
upos,qwen2.5:3b,test-s23,0,Tenho,AUX,PRON
upos,qwen2.5:3b,test-s23,2,aqui,ADV,ADP
upos,qwen2.5:3b,test-s23,3,toda,DET,PART
upos,qwen2.5:3b,test-s23,7,a,DET,ADV
upos,qwen2.5:3b,test-s23,8,espera,NOUN,ADJ
upos,qwen2.5:3b,test-s24,2,E,CCONJ,INTJ
upos,qwen2.5:3b,test-s24,3,qual,PRON,ADJ
upos,qwen2.5:3b,test-s24,4,seria,AUX,VERB
upos,qwen2.5:3b,test-s24,7,lógica,ADJ,ADV
upos,qwen2.5:3b,test-s24,8,para,ADP,PART
upos,qwen2.5:3b,test-s24,9,isso,PRON,X
upos,qwen2.5:3b,test-s25,3,a,DET,PART
upos,qwen2.5:3b,test-s25,6,uma,PRON,DET
upos,qwen2.5:3b,test-s25,7,de,ADP,SCONJ
upos,qwen2.5:3b,test-s25,8,as,DET,PART
upos,qwen2.5:3b,test-s25,9,mais,ADV,PRON
upos,qwen2.5:3b,test-s25,12,européias,ADJ,PROPN
upos,qwen2.5:3b,test-s25,14,foi,AUX,VERB
upos,qwen2.5:3b,test-s25,18,e,CCONJ,VERB
upos,qwen2.5:3b,test-s25,21,vezes,NOUN,ADJ
upos,qwen2.5:3b,test-s25,22,a,ADP,CCONJ
upos,qwen2.5:3b,test-s25,26,um,DET,PART
upos,qwen2.5:3b,test-s25,27,tumultuado,ADJ,X
upos,qwen2.5:3b,test-s25,28,passado,NOUN,ADJ
upos,qwen2.5:3b,test-s25,29,histórico,ADJ,PART
upos,qwen2.5:3b,test-s26,2,(,PUNCT,SYM
upos,qwen2.5:3b,test-s26,3,MS,PROPN,X
upos,qwen2.5:3b,test-s26,5,--,PUNCT,PART
upos,qwen2.5:3b,test-s26,6,Com,ADP,VERB
upos,qwen2.5:3b,test-s26,9,ouvir,VERB,AUX
upos,qwen2.5:3b,test-s26,15,sobre,ADP,X
upos,qwen2.5:3b,test-s26,16,ações,NOUN,VERB
upos,qwen2.5:3b,test-s26,17,específicas,ADJ,NOUN
upos,qwen2.5:3b,test-s26,18,e,CCONJ,X
upos,qwen2.5:3b,test-s26,19,políticas,NOUN,PART
upos,qwen2.5:3b,test-s26,20,voltadas,VERB,ADJ
upos,qwen2.5:3b,test-s26,23,desenvolvimento,NOUN,VERB
upos,qwen2.5:3b,test-s26,25,as,DET,PART
upos,qwen2.5:3b,test-s26,29,Estado,PROPN,VERB
upos,qwen2.5:3b,test-s26,32,I,PROPN,PRON
upos,qwen2.5:3b,test-s26,35,de,ADP,PART
upos,qwen2.5:3b,test-s26,36,Desenvolvimento,PROPN,NOUN
upos,qwen2.5:3b,test-s26,37,Regional,PROPN,NOUN
upos,qwen2.5:3b,test-s26,38,de,ADP,PART
upos,qwen2.5:3b,test-s26,39,Mato,PROPN,X
upos,qwen2.5:3b,test-s26,40,Grosso,PROPN,ADJ
upos,qwen2.5:3b,test-s26,41,de,ADP,PART
upos,qwen2.5:3b,test-s26,43,Sul,PROPN,NOUN
upos,qwen2.5:3b,test-s26,44,vai,AUX,VERB
upos,qwen2.5:3b,test-s26,45,reunir,VERB,X
upos,qwen2.5:3b,test-s26,46,representantes,NOUN,VERB
upos,qwen2.5:3b,test-s26,47,de,ADP,PROPN
upos,qwen2.5:3b,test-s26,48,a,DET,PART
upos,qwen2.5:3b,test-s26,49,sociedade,NOUN,INTJ
upos,qwen2.5:3b,test-s26,51,",",PUNCT,NOUN
upos,qwen2.5:3b,test-s26,52,poder,NOUN,PART
upos,qwen2.5:3b,test-s26,53,público,ADJ,NOUN
upos,qwen2.5:3b,test-s26,54,",",PUNCT,NOUN
upos,qwen2.5:3b,test-s26,55,setor,NOUN,VERB
upos,qwen2.5:3b,test-s26,56,empresarial,ADJ,PART
upos,qwen2.5:3b,test-s26,57,e,CCONJ,PART
upos,qwen2.5:3b,test-s26,58,instituições,NOUN,PART
upos,qwen2.5:3b,test-s26,59,de,ADP,PART
upos,qwen2.5:3b,test-s26,60,ensino,NOUN,ADJ
upos,qwen2.5:3b,test-s26,61,superior,ADJ,NOUN
upos,qwen2.5:3b,test-s26,63,pesquisa,NOUN,VERB
upos,qwen2.5:3b,test-s26,64,e,CCONJ,PART
upos,qwen2.5:3b,test-s27,1,Bon,PROPN,X
upos,qwen2.5:3b,test-s27,3,",",PUNCT,NOUN
upos,qwen2.5:3b,test-s27,5,o,DET,NOUN
upos,qwen2.5:3b,test-s27,6,Show,NOUN,VERB
upos,qwen2.5:3b,test-s27,7,"""",PUNCT,NOUN
upos,qwen2.5:3b,test-s27,9,Days,PROPN,X
upos,qwen2.5:3b,test-s27,12,Concert,PROPN,NOUN
upos,qwen2.5:3b,test-s27,13,"""",PUNCT,SYM
upos,qwen2.5:3b,test-s28,4,Sra,NOUN,DET
upos,qwen2.5:3b,test-s28,5,Cleidilene,PROPN,NOUN
upos,qwen2.5:3b,test-s28,6,F.,PROPN,X
upos,qwen2.5:3b,test-s28,7,de,ADP,PART
upos,qwen2.5:3b,test-s28,9,e,CCONJ,PUNCT
upos,qwen2.5:3b,test-s28,10,Sra,NOUN,PROPN
upos,qwen2.5:3b,test-s29,1,Eventualmente,ADV,ADJ
upos,qwen2.5:3b,test-s29,4,o,DET,NOUN
upos,qwen2.5:3b,test-s29,5,futuro,NOUN,ADP
upos,qwen2.5:3b,test-s29,7,depois,ADV,AUX
upos,qwen2.5:3b,test-s29,8,de,ADP,SCONJ
upos,qwen2.5:3b,test-s29,12,novamente,ADV,ADP
upos,qwen2.5:3b,test-s29,14,poderá,AUX,VERB
upos,qwen2.5:3b,test-s29,15,ser,VERB,PART
upos,qwen2.5:3b,test-s29,16,possível,ADJ,VERB
upos,qwen2.5:3b,test-s29,17,adotar,VERB,AUX
upos,qwen2.5:3b,test-s29,18,um,DET,NOUN
upos,qwen2.5:3b,test-s29,19,outro,DET,X
upos,qwen2.5:3b,test-s29,20,número,NOUN,NUM
upos,qwen2.5:3b,test-s29,21,inicial,ADJ,NOUN
upos,qwen2.5:3b,test-s29,27,de,ADP,PART
upos,qwen2.5:3b,test-s29,28,a,DET,PROPN
upos,qwen2.5:3b,test-s29,29,Anatel,PROPN,X
upos,qwen2.5:3b,test-s30,0,Segundo,ADP,NOUN
upos,qwen2.5:3b,test-s30,1,a,DET,NOUN
upos,qwen2.5:3b,test-s30,2,Câmara,PROPN,NOUN
upos,qwen2.5:3b,test-s30,3,de,ADP,NOUN
upos,qwen2.5:3b,test-s30,4,Dirigentes,PROPN,NOUN
upos,qwen2.5:3b,test-s30,5,Lojistas,PROPN,NOUN
upos,qwen2.5:3b,test-s30,6,(,PUNCT,NOUN
upos,qwen2.5:3b,test-s30,7,CDL,PROPN,NOUN
upos,qwen2.5:3b,test-s30,8,),PUNCT,NOUN
upos,qwen2.5:3b,test-s30,9,",",PUNCT,NOUN
upos,qwen2.5:3b,test-s30,10,dezembro,PROPN,ADJ
upos,qwen2.5:3b,test-s30,17,com,ADP,PART
upos,qwen2.5:3b,test-s30,18,maior,ADJ,NUM
upos,qwen2.5:3b,test-s30,19,volume,NOUN,X
upos,qwen2.5:3b,test-s30,22,e,CCONJ,ADP
upos,qwen2.5:3b,test-s30,24,ano,NOUN,NUM
upos,qwen2.5:3b,test-s30,25,a,DET,PART
upos,qwen2.5:3b,test-s30,26,expectativa,NOUN,VERB
upos,qwen2.5:3b,test-s30,27,é,AUX,X
upos,qwen2.5:3b,test-s30,29,em,ADP,ADJ
upos,qwen2.5:3b,test-s31,3,um,DET,PART
upos,qwen2.5:3b,test-s32,1,É,AUX,VERB
upos,qwen2.5:3b,test-s32,4,muito,ADV,ADJ
upos,qwen2.5:3b,test-s32,6,para,ADP,PART
upos,qwen2.5:3b,test-s32,8,a,DET,PART
upos,qwen2.5:3b,test-s32,9,vaga,NOUN,X
upos,qwen2.5:3b,test-s32,13,e,CCONJ,ADP
upos,qwen2.5:3b,test-s32,14,para,ADP,VERB
upos,qwen2.5:3b,test-s32,15,querer,VERB,AUX
upos,qwen2.5:3b,test-s32,16,mais,DET,VERB
upos,qwen2.5:3b,test-s32,17,alguma,DET,PART
upos,qwen2.5:3b,test-s32,18,coisa,NOUN,X
upos,qwen2.5:3b,test-s32,19,em,ADP,X
upos,qwen2.5:3b,test-s32,22,"""",PUNCT,NOUN
upos,qwen2.5:3b,test-s32,24,ressaltou,VERB,ADJ
upos,qwen2.5:3b,test-s32,25,o,DET,VERB
upos,qwen2.5:3b,test-s32,26,presidente,NOUN,PART
upos,qwen2.5:3b,test-s32,27,.,PUNCT,VERB
upos,qwen2.5:3b,test-s33,2,prejuízos,NOUN,ADJ
upos,qwen2.5:3b,test-s33,7,o,DET,PART
upos,qwen2.5:3b,test-s33,8,fim,NOUN,X
upos,qwen2.5:3b,test-s33,9,de,ADP,PUNCT
upos,qwen2.5:3b,test-s33,10,semana,NOUN,ADJ
upos,qwen2.5:3b,test-s33,11,",",PUNCT,NOUN
upos,qwen2.5:3b,test-s33,14,oficial,ADJ,VERB
upos,qwen2.5:3b,test-s33,15,de,ADP,PART
upos,qwen2.5:3b,test-s33,18,somente,ADV,PUNCT
upos,qwen2.5:3b,test-s33,19,deverá,AUX,X
upos,qwen2.5:3b,test-s33,22,a,DET,PART
upos,qwen2.5:3b,test-s33,23,próxima,ADJ,ADP
upos,qwen2.5:3b,test-s34,0,Mas,CCONJ,ADP
upos,qwen2.5:3b,test-s34,1,também,ADV,AUX
upos,qwen2.5:3b,test-s34,2,por,ADP,CCONJ
upos,qwen2.5:3b,test-s34,3,razões,NOUN,ADJ
upos,qwen2.5:3b,test-s34,4,práticas,ADJ,NOUN
upos,qwen2.5:3b,test-s34,8,a,ADP,PART
upos,qwen2.5:3b,test-s34,9,a,DET,VERB
upos,qwen2.5:3b,test-s34,12,"""",PUNCT,SYM
upos,qwen2.5:3b,test-s34,15,sobre,ADP,ADJ
upos,qwen2.5:3b,test-s34,18,desta,ADP,NOUN
upos,qwen2.5:3b,test-s34,19,terça,PROPN,ADJ
upos,qwen2.5:3b,test-s35,0,Foi,AUX,VERB
upos,qwen2.5:3b,test-s35,1,fundado,VERB,ADJ
upos,qwen2.5:3b,test-s35,5,com,ADP,AUX
upos,qwen2.5:3b,test-s35,8,de,ADP,PART
upos,qwen2.5:3b,test-s35,9,Dínamo,PROPN,ADJ
upos,qwen2.5:3b,test-s35,13,se,PRON,CCONJ
upos,qwen2.5:3b,test-s35,16,e,CCONJ,PART
upos,qwen2.5:3b,test-s35,20,a,SCONJ,DET
upos,qwen2.5:3b,test-s35,21,se,PRON,ADP
upos,qwen2.5:3b,test-s35,23,Terek,PROPN,X
upos,qwen2.5:3b,test-s36,0,Também,ADV,ADP
upos,qwen2.5:3b,test-s36,1,com,ADP,VERB
upos,qwen2.5:3b,test-s36,4,o,DET,PART
upos,qwen2.5:3b,test-s36,8,o,DET,X
upos,qwen2.5:3b,test-s36,9,volante,NOUN,X
upos,qwen2.5:3b,test-s36,12,bem,ADV,ADJ
upos,qwen2.5:3b,test-s36,13,próximo,ADJ,ADP
upos,qwen2.5:3b,test-s36,14,de,ADP,SCONJ
upos,qwen2.5:3b,test-s36,15,um,DET,PART
upos,qwen2.5:3b,test-s36,16,acerto,NOUN,VERB
upos,qwen2.5:3b,test-s36,18,depois,ADV,AUX
upos,qwen2.5:3b,test-s36,19,de,ADP,X
upos,qwen2.5:3b,test-s36,25,o,DET,NOUN
upos,qwen2.5:3b,test-s36,26,interior,NOUN,PART
upos,qwen2.5:3b,test-s36,27,de,ADP,PROPN
upos,qwen2.5:3b,test-s37,2,é,AUX,VERB
upos,qwen2.5:3b,test-s37,6,que,PRON,PART
upos,qwen2.5:3b,test-s37,8,como,ADP,PART
upos,qwen2.5:3b,test-s37,9,Designer,PROPN,X
upos,qwen2.5:3b,test-s37,12,o,DET,PART
upos,qwen2.5:3b,test-s37,14,de,ADP,NOUN
upos,qwen2.5:3b,test-s37,15,o,DET,ADP
upos,qwen2.5:3b,test-s37,17,em,ADP,PART
upos,qwen2.5:3b,test-s38,5,pênalti,NOUN,VERB
upos,qwen2.5:3b,test-s38,6,contra,ADP,AUX
upos,qwen2.5:3b,test-s38,7,o,DET,PART
upos,qwen2.5:3b,test-s38,9,",",PUNCT,NOUN
upos,qwen2.5:3b,test-s38,18,de,ADP,NUM
upos,qwen2.5:3b,test-s38,19,grama,NOUN,PART
upos,qwen2.5:3b,test-s38,20,e,CCONJ,ADP
upos,qwen2.5:3b,test-s38,27,atitude,NOUN,ADJ
upos,qwen2.5:3b,test-s39,1,também,ADV,AUX
upos,qwen2.5:3b,test-s39,2,me,PRON,DET
upos,qwen2.5:3b,test-s39,5,mas,CCONJ,PART
upos,qwen2.5:3b,test-s39,6,sou,AUX,ADJ
upos,qwen2.5:3b,test-s39,8,aquele,DET,NOUN
upos,qwen2.5:3b,test-s39,9,centroavante,NOUN,PROPN
upos,qwen2.5:3b,test-s39,11,ofício,NOUN,X
upos,qwen2.5:3b,test-s40,0,Além,ADV,ADP
upos,qwen2.5:3b,test-s40,1,de,ADP,CCONJ
upos,qwen2.5:3b,test-s40,3,agentes,NOUN,VERB
upos,qwen2.5:3b,test-s40,4,de,ADP,PART
upos,qwen2.5:3b,test-s40,5,a,DET,X
upos,qwen2.5:3b,test-s40,6,Prefeitura,PROPN,NOUN
upos,qwen2.5:3b,test-s40,8,o,DET,SCONJ
upos,qwen2.5:3b,test-s40,9,evento,NOUN,VERB
upos,qwen2.5:3b,test-s40,15,o,DET,PART
upos,qwen2.5:3b,test-s40,17,médico,ADJ,NOUN
upos,qwen2.5:3b,test-s40,18,",",PUNCT,NOUN
upos,qwen2.5:3b,test-s40,19,600,NUM,SYM
upos,qwen2.5:3b,test-s40,21,e,CCONJ,ADP
upos,qwen2.5:3b,test-s40,25,o,DET,PART
upos,qwen2.5:3b,test-s40,26,apoio,NOUN,VERB
upos,qwen2.5:3b,test-s40,27,a,ADP,SCONJ
upos,qwen2.5:3b,test-s40,29,participantes,NOUN,PRON
upos,qwen2.5:3b,test-s40,31,que,PRON,ADP
upos,qwen2.5:3b,test-s40,33,a,ADP,DET
upos,qwen2.5:3b,test-s40,38,químicos,ADJ,PART
upos,qwen2.5:3b,test-s40,39,distribuídos,VERB,X
upos,qwen2.5:3b,test-s40,44,chegada,NOUN,VERB
upos,qwen2.5:3b,test-s40,46,a,ADP,PART
upos,qwen2.5:3b,test-s40,47,o,DET,INTJ
upos,qwen2.5:3b,test-s40,49,de,ADP,X
upos,qwen2.5:3b,test-s41,3,-,PUNCT,SYM
upos,qwen2.5:3b,test-s41,4,bomba,NOUN,VERB
upos,qwen2.5:3b,test-s41,6,perto,ADV,ADP
upos,qwen2.5:3b,test-s41,7,de,ADP,PART
upos,qwen2.5:3b,test-s41,8,um,DET,PRON
upos,qwen2.5:3b,test-s41,9,local,NOUN,X
upos,qwen2.5:3b,test-s41,12,xiita,ADJ,PART
upos,qwen2.5:3b,test-s41,13,a,ADP,DET
upos,qwen2.5:3b,test-s41,14,o,DET,PRON
upos,qwen2.5:3b,test-s41,19,de,ADP,PROPN
upos,qwen2.5:3b,test-s41,21,Khurmatu,PROPN,NOUN
upos,qwen2.5:3b,test-s41,29,feridos,NOUN,PART
upos,qwen2.5:3b,test-s42,4,a,ADP,CCONJ
upos,qwen2.5:3b,test-s42,5,a,DET,PART
upos,qwen2.5:3b,test-s42,6,prisão,NOUN,VERB
upos,qwen2.5:3b,test-s42,8,o,DET,PROPN
upos,qwen2.5:3b,test-s42,9,Mestre,PROPN,VERB
upos,qwen2.5:3b,test-s42,12,posto,VERB,ADP
upos,qwen2.5:3b,test-s42,13,em,ADP,ADJ
upos,qwen2.5:3b,test-s42,15,.,PUNCT,PART
upos,qwen2.5:3b,test-s43,3,é,AUX,PART
upos,qwen2.5:3b,test-s43,7,sistema,NOUN,X
upos,qwen2.5:3b,test-s43,8,de,ADP,PART
upos,qwen2.5:3b,test-s43,9,notação,NOUN,VERB
upos,qwen2.5:3b,test-s43,12,que,PRON,X
upos,qwen2.5:3b,test-s43,15,de,ADP,VERB
upos,qwen2.5:3b,test-s43,19,corresponde,VERB,PART
upos,qwen2.5:3b,test-s43,20,a,ADP,DET
upos,qwen2.5:3b,test-s43,21,uma,DET,NUM
upos,qwen2.5:3b,test-s43,24,A,PROPN,X
upos,qwen2.5:3b,test-s43,25,a,ADP,DET
upos,qwen2.5:3b,test-s43,28,com,ADP,PART
upos,qwen2.5:3b,test-s43,29,sustenidos,NOUN,VERB
upos,qwen2.5:3b,test-s43,30,ou,CCONJ,PART
upos,qwen2.5:3b,test-s43,31,bemóis,NOUN,ADJ
upos,qwen2.5:3b,test-s43,32,quando,ADP,SCONJ
upos,qwen2.5:3b,test-s43,33,necessário,ADJ,ADV
upos,qwen2.5:3b,test-s44,0,Anos,NOUN,ADJ
upos,qwen2.5:3b,test-s44,1,atrás,ADV,NOUN
upos,qwen2.5:3b,test-s44,3,quando,CCONJ,ADP
upos,qwen2.5:3b,test-s44,4,ela,PRON,PART
upos,qwen2.5:3b,test-s44,5,ainda,ADV,X
upos,qwen2.5:3b,test-s44,7,como,ADP,PROPN
upos,qwen2.5:3b,test-s44,10,conhecida,VERB,ADJ
upos,qwen2.5:3b,test-s44,12,Safira,PROPN,X
upos,qwen2.5:3b,test-s44,15,",",PUNCT,ADP
upos,qwen2.5:3b,test-s44,16,por,ADP,VERB
upos,qwen2.5:3b,test-s44,17,meio,NOUN,PART
upos,qwen2.5:3b,test-s44,18,de,ADP,VERB
upos,qwen2.5:3b,test-s44,19,seus,DET,X
upos,qwen2.5:3b,test-s44,21,que,PRON,ADP
upos,qwen2.5:3b,test-s44,22,lhe,PRON,DET
upos,qwen2.5:3b,test-s44,24,o,DET,PART
upos,qwen2.5:3b,test-s44,25,controle,NOUN,ADJ
upos,qwen2.5:3b,test-s44,26,mental,ADJ,PART
upos,qwen2.5:3b,test-s44,27,de,ADP,PART
upos,qwen2.5:3b,test-s44,28,o,DET,PART
upos,qwen2.5:3b,test-s44,29,alvo,NOUN,X
upos,qwen2.5:3b,test-s44,34,a,PRON,DET
upos,qwen2.5:3b,test-s44,36,a,ADP,PART
upos,qwen2.5:3b,test-s44,37,presenciar,VERB,NOUN
upos,qwen2.5:3b,test-s44,39,em,ADP,X
upos,qwen2.5:3b,test-s44,40,sua,DET,PRON
upos,qwen2.5:3b,test-s45,1,governo,NOUN,PROPN
upos,qwen2.5:3b,test-s45,3,se,PRON,PART
upos,qwen2.5:3b,test-s45,4,organizar,VERB,ADJ
upos,qwen2.5:3b,test-s45,5,e,CCONJ,PART
upos,qwen2.5:3b,test-s45,7,a,SCONJ,PART
upos,qwen2.5:3b,test-s45,8,atuar,VERB,AUX
upos,qwen2.5:3b,test-s45,9,em,ADP,VERB
upos,qwen2.5:3b,test-s45,10,função,NOUN,VERB
upos,qwen2.5:3b,test-s46,3,que,CCONJ,ADP
upos,qwen2.5:3b,test-s46,5,únicas,ADJ,PART
upos,qwen2.5:3b,test-s46,6,funções,NOUN,VERB
upos,qwen2.5:3b,test-s46,7,que,PRON,AUX
upos,qwen2.5:3b,test-s46,8,podem,AUX,X
upos,qwen2.5:3b,test-s46,10,argumentos,NOUN,ADJ
upos,qwen2.5:3b,test-s46,12,são,AUX,PART
upos,qwen2.5:3b,test-s46,14,de,ADP,VERB
upos,qwen2.5:3b,test-s46,15,potências,NOUN,NUM
upos,qwen2.5:3b,test-s46,16,de,ADP,PART
upos,qwen2.5:3b,test-s46,17,as,DET,PART
upos,qwen2.5:3b,test-s46,19,de,ADP,PART
upos,qwen2.5:3b,test-s46,20,base,NOUN,ADP
upos,qwen2.5:3b,test-s46,21,de,ADP,PART
upos,qwen2.5:3b,test-s46,23,determinado,DET,NOUN
upos,qwen2.5:3b,test-s46,25,de,ADP,CCONJ
upos,qwen2.5:3b,test-s46,27,:,PUNCT,SYM
upos,qwen2.5:3b,test-s47,4,o,DET,PART
upos,qwen2.5:3b,test-s47,6,S,PROPN,X
upos,qwen2.5:3b,test-s47,8,4G,NUM,X
upos,qwen2.5:3b,test-s47,9,tem,VERB,X
upos,qwen2.5:3b,test-s47,10,preço,NOUN,ADJ
upos,qwen2.5:3b,test-s47,12,de,ADP,CCONJ
upos,qwen2.5:3b,test-s47,13,R,NOUN,NUM
upos,qwen2.5:3b,test-s48,4,de,ADP,PART
upos,qwen2.5:3b,test-s48,9,Gish,PROPN,X
upos,qwen2.5:3b,test-s48,19,e,CCONJ,NOUN
upos,qwen2.5:3b,test-s49,6,um,DET,PART
upos,qwen2.5:3b,test-s49,8,dentro,ADV,NOUN
upos,qwen2.5:3b,test-s49,9,de,ADP,PART
upos,qwen2.5:3b,test-s49,12,e,CCONJ,ADP
upos,qwen2.5:3b,test-s49,14,a,DET,PART
upos,qwen2.5:3b,test-s49,18,Yaya,PROPN,X
upos,qwen2.5:3b,test-s49,21,as,DET,ADP
upos,qwen2.5:3b,test-s49,23,.,PUNCT,SYM
upos,qwen2.5:3b,test-s50,0,Assim,ADV,ADP
upos,qwen2.5:3b,test-s50,2,Deus,PROPN,X
upos,qwen2.5:3b,test-s50,4,o,DET,PART
upos,qwen2.5:3b,test-s50,5,propósito,NOUN,VERB
upos,qwen2.5:3b,test-s50,6,de,ADP,AUX
upos,qwen2.5:3b,test-s50,8,a,DET,PART
upos,qwen2.5:3b,test-s50,9,Palavra,PROPN,X
upos,qwen2.5:3b,test-s50,14,que,CCONJ,ADV
upos,qwen2.5:3b,test-s50,15,nós,NOUN,PRON
upos,qwen2.5:3b,test-s50,17,tal,DET,PART
upos,qwen2.5:3b,test-s50,18,exemplo,NOUN,ADJ
upos,qwen2.5:3b,test-s50,19,a,ADP,NOUN
upos,qwen2.5:3b,test-s50,25,partidos,VERB,NOUN
upos,qwen2.5:3b,test-s50,27,suas,DET,PART
upos,qwen2.5:3b,test-s50,28,ações,NOUN,VERB
upos,qwen2.5:3b,test-s50,29,"""",PUNCT,NOUN
upos,qwen2.5:3b,test-s50,32,.,PUNCT,PART
upos,qwen2.5:3b,test-s51,1,julho,PROPN,NOUN
upos,qwen2.5:3b,test-s51,5,uma,DET,PART
upos,qwen2.5:3b,test-s51,7,por,ADP,NOUN
upos,qwen2.5:3b,test-s51,8,o,DET,PART
upos,qwen2.5:3b,test-s51,10,e,CCONJ,PART
upos,qwen2.5:3b,test-s51,13,Enrique,PROPN,X
upos,qwen2.5:3b,test-s53,3,geral,ADJ,PART
upos,qwen2.5:3b,test-s53,4,se,PRON,VERB
upos,qwen2.5:3b,test-s53,5,sente,VERB,AUX
upos,qwen2.5:3b,test-s53,7,confortável,ADJ,X
upos,qwen2.5:3b,test-s53,8,"""",PUNCT,NOUN
upos,qwen2.5:3b,test-s53,9,",",PUNCT,NOUN
upos,qwen2.5:3b,test-s53,10,emenda,VERB,ADP
upos,qwen2.5:3b,test-s54,0,Campeãs,NOUN,PROPN
upos,qwen2.5:3b,test-s54,2,em,ADP,CCONJ
upos,qwen2.5:3b,test-s54,3,Pequim,PROPN,NOUN
upos,qwen2.5:3b,test-s54,4,-,PUNCT,SYM
upos,qwen2.5:3b,test-s54,6,com,ADP,PART
upos,qwen2.5:3b,test-s54,7,uma,DET,PART
upos,qwen2.5:3b,test-s54,8,campanha,NOUN,VERB
upos,qwen2.5:3b,test-s54,10,--,PUNCT,SYM
upos,qwen2.5:3b,test-s54,11,inclusive,ADV,ADJ
upos,qwen2.5:3b,test-s54,12,com,ADP,CCONJ
upos,qwen2.5:3b,test-s54,13,vitória,NOUN,VERB
upos,qwen2.5:3b,test-s54,16,a,ADP,SCONJ
upos,qwen2.5:3b,test-s54,17,0,NUM,PART
upos,qwen2.5:3b,test-s54,18,sobre,ADP,VERB
upos,qwen2.5:3b,test-s54,19,as,DET,X
upos,qwen2.5:3b,test-s54,20,russas,NOUN,ADJ
upos,qwen2.5:3b,test-s54,24,de,ADP,VERB
upos,qwen2.5:3b,test-s54,25,grupos,NOUN,PART
upos,qwen2.5:3b,test-s54,26,--,PUNCT,SYM
upos,qwen2.5:3b,test-s54,27,",",PUNCT,NOUN
upos,qwen2.5:3b,test-s54,28,o,DET,X
upos,qwen2.5:3b,test-s54,29,time,NOUN,X
upos,qwen2.5:3b,test-s54,36,para,ADP,PART
upos,qwen2.5:3b,test-s54,39,a,DET,X
upos,qwen2.5:3b,test-s54,40,fase,NOUN,ADJ
upos,qwen2.5:3b,test-s54,41,eliminatória,ADJ,NOUN
upos,qwen2.5:3b,test-s55,5,não,ADV,VERB
upos,qwen2.5:3b,test-s55,6,é,AUX,PART
upos,qwen2.5:3b,test-s55,7,tarefa,NOUN,VERB
upos,qwen2.5:3b,test-s55,8,simples,ADJ,ADV
upos,qwen2.5:3b,test-s55,9,fixar,VERB,X
upos,qwen2.5:3b,test-s55,13,que,PRON,SCONJ
upos,qwen2.5:3b,test-s55,15,receita,NOUN,VERB
upos,qwen2.5:3b,test-s55,16,vai,AUX,VERB
upos,qwen2.5:3b,test-s55,17,se,PRON,AUX
upos,qwen2.5:3b,test-s56,0,E,CCONJ,ADP
upos,qwen2.5:3b,test-s56,1,como,ADP,VERB
upos,qwen2.5:3b,test-s56,6,se,PRON,PART
upos,qwen2.5:3b,test-s56,13,deste,ADP,ADJ
upos,qwen2.5:3b,test-s56,14,domingo,PROPN,NOUN
upos,qwen2.5:3b,test-s56,19,de,ADP,PART
upos,qwen2.5:3b,test-s57,4,a,DET,PART
upos,qwen2.5:3b,test-s57,6,jordaniana,ADJ,PROPN
upos,qwen2.5:3b,test-s57,7,e,CCONJ,ADP
upos,qwen2.5:3b,test-s57,8,a,DET,PART
upos,qwen2.5:3b,test-s57,9,cidade,NOUN,VERB
upos,qwen2.5:3b,test-s57,12,(,PUNCT,SYM
upos,qwen2.5:3b,test-s57,14,),PUNCT,VERB
upos,qwen2.5:3b,test-s57,15,estavam,VERB,PART
upos,qwen2.5:3b,test-s57,16,fechadas,ADJ,PUNCT
upos,qwen2.5:3b,test-s57,17,",",PUNCT,AUX
upos,qwen2.5:3b,test-s57,18,pois,CCONJ,X
upos,qwen2.5:3b,test-s57,19,alguns,DET,PUNCT
upos,qwen2.5:3b,test-s57,24,até,ADP,INTJ
upos,qwen2.5:3b,test-s57,27,e,CCONJ,PART
upos,qwen2.5:3b,test-s57,28,enxurradas,NOUN,VERB
upos,qwen2.5:3b,test-s57,38,o,DET,PART
upos,qwen2.5:3b,test-s57,39,fechamento,NOUN,VERB
upos,qwen2.5:3b,test-s57,42,maioria,NOUN,ADJ
upos,qwen2.5:3b,test-s57,46,e,CCONJ,ADP
upos,qwen2.5:3b,test-s57,48,o,DET,PART
upos,qwen2.5:3b,test-s57,49,caos,NOUN,VERB
upos,qwen2.5:3b,test-s58,4,é,AUX,VERB
upos,qwen2.5:3b,test-s58,5,avó,NOUN,PART
upos,qwen2.5:3b,test-s58,7,várias,DET,X
upos,qwen2.5:3b,test-s58,9,e,CCONJ,PART
upos,qwen2.5:3b,test-s58,11,posar,VERB,ADP
upos,qwen2.5:3b,test-s58,14,"""",PUNCT,SYM
upos,qwen2.5:3b,test-s58,17,Mikeliton,PROPN,X
upos,qwen2.5:3b,test-s58,19,que,PRON,PUNCT
upos,qwen2.5:3b,test-s58,20,também,ADV,NOUN
upos,qwen2.5:3b,test-s58,21,destaca,VERB,NOUN
upos,qwen2.5:3b,test-s58,22,o,DET,NOUN
upos,qwen2.5:3b,test-s58,24,familiar,ADJ,NOUN
upos,qwen2.5:3b,test-s58,25,de,ADP,NOUN
upos,qwen2.5:3b,test-s58,26,São,PROPN,NOUN
upos,qwen2.5:3b,test-s58,27,Sebastião,PROPN,NOUN
upos,qwen2.5:3b,test-s58,28,",",PUNCT,NOUN
upos,qwen2.5:3b,test-s58,29,"""",PUNCT,NOUN
upos,qwen2.5:3b,test-s58,30,onde,ADV,ADP
upos,qwen2.5:3b,test-s58,31,é,AUX,VERB
upos,qwen2.5:3b,test-s58,32,quase,ADV,PART
upos,qwen2.5:3b,test-s58,33,uma,DET,NUM
upos,qwen2.5:3b,test-s58,34,só,ADJ,PART
upos,qwen2.5:3b,test-s58,36,"""",PUNCT,SYM
upos,qwen2.5:3b,test-s59,2,municipal,ADJ,PART
upos,qwen2.5:3b,test-s59,5,Educação,PROPN,NOUN
upos,qwen2.5:3b,test-s59,8,Campos,PROPN,PUNCT
upos,qwen2.5:3b,test-s59,9,",",PUNCT,NOUN
upos,qwen2.5:3b,test-s59,11,que,CCONJ,ADP
upos,qwen2.5:3b,test-s59,15,são,AUX,PART
upos,qwen2.5:3b,test-s59,17,onde,ADV,ADP
upos,qwen2.5:3b,test-s59,21,fato,NOUN,VERB
upos,qwen2.5:3b,test-s59,23,inclusão,NOUN,ADJ
upos,qwen2.5:3b,test-s59,24,e,CCONJ,ADJ
upos,qwen2.5:3b,test-s59,25,é,AUX,VERB
upos,qwen2.5:3b,test-s59,26,considerada,VERB,PART
upos,qwen2.5:3b,test-s59,28,uma,DET,NOUN
upos,qwen2.5:3b,test-s59,29,vitória,NOUN,X
upos,qwen2.5:3b,test-s59,35,o,DET,NOUN
upos,qwen2.5:3b,test-s59,36,ensino,NOUN,VERB
upos,qwen2.5:3b,test-s59,37,público,ADJ,PART
upos,qwen2.5:3b,test-s60,1,concurso,NOUN,PROPN
upos,qwen2.5:3b,test-s60,4,para,ADP,PART
upos,qwen2.5:3b,test-s60,5,diversas,DET,ADJ
upos,qwen2.5:3b,test-s60,8,como,ADP,X
upos,qwen2.5:3b,test-s60,9,analista,NOUN,X
upos,qwen2.5:3b,test-s60,14,em,ADP,VERB
upos,qwen2.5:3b,test-s60,17,de,ADP,NOUN
upos,qwen2.5:3b,test-s60,20,engenharia,NOUN,PROPN
upos,qwen2.5:3b,test-s60,21,ambiental,ADJ,NOUN
upos,qwen2.5:3b,test-s60,23,engenharia,NOUN,PROPN
upos,qwen2.5:3b,test-s60,24,civil,ADJ,NOUN
upos,qwen2.5:3b,test-s60,26,engenharia,NOUN,PROPN
upos,qwen2.5:3b,test-s60,27,de,ADP,PART
upos,qwen2.5:3b,test-s60,28,produção,NOUN,VERB
upos,qwen2.5:3b,test-s60,30,engenharia,NOUN,PROPN
upos,qwen2.5:3b,test-s60,31,de,ADP,PART
upos,qwen2.5:3b,test-s60,37,engenharia,NOUN,PROPN
upos,qwen2.5:3b,test-s60,38,elétrica,ADJ,NOUN
upos,qwen2.5:3b,test-s60,40,engenharia,NOUN,PROPN
upos,qwen2.5:3b,test-s60,41,mecânica,ADJ,PROPN
upos,qwen2.5:3b,test-s60,42,",",PUNCT,NOUN
upos,qwen2.5:3b,test-s60,43,engenharia,NOUN,PROPN
upos,qwen2.5:3b,test-s60,44,química,ADJ,PROPN
upos,qwen2.5:3b,test-s60,45,",",PUNCT,NOUN
upos,qwen2.5:3b,test-s60,46,engenharia,NOUN,PROPN
upos,qwen2.5:3b,test-s60,47,sanitária,ADJ,PROPN
upos,qwen2.5:3b,test-s60,48,e,CCONJ,PART
upos,qwen2.5:3b,test-s60,50,;,PUNCT,SYM
upos,qwen2.5:3b,test-s61,3,publicada,VERB,ADJ
upos,qwen2.5:3b,test-s61,4,em,ADP,PART
upos,qwen2.5:3b,test-s61,7,de,ADP,PART
upos,qwen2.5:3b,test-s61,8,hoje,ADV,INTJ
upos,qwen2.5:3b,test-s61,9,(,PUNCT,SYM
upos,qwen2.5:3b,test-s61,19,",",PUNCT,NOUN
upos,qwen2.5:3b,test-s61,20,Seção,PROPN,SCONJ
upos,qwen2.5:3b,test-s61,26,2,NUM,NOUN
upos,qwen2.5:3b,test-s62,2,aprovada,VERB,ADJ
upos,qwen2.5:3b,test-s62,3,ontem,ADV,PART
upos,qwen2.5:3b,test-s62,5,permissão,NOUN,ADP
upos,qwen2.5:3b,test-s62,6,para,ADP,PART
upos,qwen2.5:3b,test-s62,7,que,CCONJ,SCONJ
upos,qwen2.5:3b,test-s62,9,agente,NOUN,VERB
upos,qwen2.5:3b,test-s62,10,público,ADJ,NOUN
upos,qwen2.5:3b,test-s62,12,pagamentos,NOUN,ADJ
upos,qwen2.5:3b,test-s62,15,superiores,ADJ,ADV
upos,qwen2.5:3b,test-s62,16,a,ADP,PART
upos,qwen2.5:3b,test-s62,18,limite,NOUN,NUM
upos,qwen2.5:3b,test-s62,19,de,ADP,ADJ
upos,qwen2.5:3b,test-s62,24,que,PRON,SCONJ
upos,qwen2.5:3b,test-s62,25,hoje,ADV,NOUN
upos,qwen2.5:3b,test-s62,27,de,ADP,PART
upos,qwen2.5:3b,test-s62,28,R,NOUN,NUM
upos,qwen2.5:3b,test-s62,31,mil,NUM,ADJ
upos,qwen2.5:3b,test-s63,0,Embora,CCONJ,SCONJ
upos,qwen2.5:3b,test-s63,1,tenham,AUX,DET
upos,qwen2.5:3b,test-s63,3,enorme,ADP,ADJ
upos,qwen2.5:3b,test-s63,6,os,DET,PART
upos,qwen2.5:3b,test-s63,7,dois,NUM,NOUN
upos,qwen2.5:3b,test-s63,9,foram,AUX,X
upos,qwen2.5:3b,test-s63,11,criticados,VERB,ADJ
upos,qwen2.5:3b,test-s63,15,de,ADP,PART
upos,qwen2.5:3b,test-s63,16,Nat,PROPN,X
upos,qwen2.5:3b,test-s63,17,Turner,PROPN,X
upos,qwen2.5:3b,test-s63,18,por,ADP,NOUN
upos,qwen2.5:3b,test-s63,19,supostamente,ADV,VERB
upos,qwen2.5:3b,test-s63,26,os,DET,PART
upos,qwen2.5:3b,test-s63,27,negros,NOUN,X
upos,qwen2.5:3b,test-s63,29,os,DET,X
upos,qwen2.5:3b,test-s63,35,de,ADP,NOUN
upos,qwen2.5:3b,test-s63,37,por,ADP,VERB
upos,qwen2.5:3b,test-s63,38,sua,DET,PRON
upos,qwen2.5:3b,test-s63,39,abordagm,NOUN,VERB
upos,qwen2.5:3b,test-s63,45,judeus,NOUN,PROPN
upos,qwen2.5:3b,test-s63,46,durante,ADP,VERB
upos,qwen2.5:3b,test-s63,47,o,DET,ADP
upos,qwen2.5:3b,test-s63,48,Holocausto,PROPN,NOUN
upos,qwen2.5:3b,test-s64,3,foram,AUX,VERB
upos,qwen2.5:3b,test-s64,4,arrecadadas,VERB,NUM
upos,qwen2.5:3b,test-s64,7,de,ADP,PART
upos,qwen2.5:3b,test-s64,8,alimentos,NOUN,NUM
upos,qwen2.5:3b,test-s64,9,;,PUNCT,NOUN
upos,qwen2.5:3b,test-s65,0,A,DET,SYM
upos,qwen2.5:3b,test-s65,4,de,ADP,VERB
upos,qwen2.5:3b,test-s65,7,",",PUNCT,PART
upos,qwen2.5:3b,test-s65,8,Elaine,PROPN,INTJ
upos,qwen2.5:3b,test-s65,10,--,PUNCT,SYM
upos,qwen2.5:3b,test-s65,11,que,PRON,ADP
upos,qwen2.5:3b,test-s65,13,devido,ADV,ADP
upos,qwen2.5:3b,test-s65,14,a,ADP,PART
upos,qwen2.5:3b,test-s65,15,as,DET,PART
upos,qwen2.5:3b,test-s65,17,--,PUNCT,SYM
upos,qwen2.5:3b,test-s65,18,afirmou,VERB,AUX
upos,qwen2.5:3b,test-s65,19,que,SCONJ,X
upos,qwen2.5:3b,test-s65,22,"""",PUNCT,SYM
upos,qwen2.5:3b,test-s65,23,é,AUX,VERB
upos,qwen2.5:3b,test-s65,25,continuidade,NOUN,PART
upos,qwen2.5:3b,test-s65,26,a,ADP,PART
upos,qwen2.5:3b,test-s65,27,o,DET,PART
upos,qwen2.5:3b,test-s65,28,trabalho,NOUN,VERB
upos,qwen2.5:3b,test-s65,29,que,PRON,X
upos,qwen2.5:3b,test-s65,32,sendo,AUX,ADP
upos,qwen2.5:3b,test-s65,34,em,ADP,PART
upos,qwen2.5:3b,test-s65,37,"""",PUNCT,SYM
upos,qwen2.5:3b,test-s65,38,",",PUNCT,NOUN
upos,qwen2.5:3b,test-s65,39,sobre,ADP,NOUN
upos,qwen2.5:3b,test-s65,43,sua,DET,PART
upos,qwen2.5:3b,test-s65,44,colega,NOUN,PROPN
upos,qwen2.5:3b,test-s66,4,o,DET,PART
upos,qwen2.5:3b,test-s66,5,calor,NOUN,VERB
upos,qwen2.5:3b,test-s66,7,o,DET,PART
upos,qwen2.5:3b,test-s66,8,descuido,VERB,ADV
upos,qwen2.5:3b,test-s66,9,com,ADP,X
upos,qwen2.5:3b,test-s66,13,algumas,DET,ADJ
upos,qwen2.5:3b,test-s66,15,como,ADP,X
upos,qwen2.5:3b,test-s66,16,a,DET,X
upos,qwen2.5:3b,test-s66,18,e,CCONJ,X
upos,qwen2.5:3b,test-s66,19,a,DET,X
upos,qwen2.5:3b,test-s66,20,parvovirose,NOUN,ADJ
upos,qwen2.5:3b,test-s66,21,se,PRON,PART
upos,qwen2.5:3b,test-s67,2,será,AUX,VERB
upos,qwen2.5:3b,test-s67,5,uma,DET,PART
upos,qwen2.5:3b,test-s67,8,imprensa,NOUN,VERB
upos,qwen2.5:3b,test-s67,9,",",PUNCT,NOUN
upos,qwen2.5:3b,test-s67,10,a,ADP,DET
upos,qwen2.5:3b,test-s67,15,a,DET,NOUN
upos,qwen2.5:3b,test-s67,16,sede,NOUN,PART
upos,qwen2.5:3b,test-s67,17,de,ADP,VERB
upos,qwen2.5:3b,test-s67,18,a,DET,NOUN
upos,qwen2.5:3b,test-s67,19,Covest,PROPN,X
upos,qwen2.5:3b,test-s67,21,localizada,VERB,ADJ
upos,qwen2.5:3b,test-s67,23,o,DET,PART
upos,qwen2.5:3b,test-s67,25,de,ADP,SCONJ
upos,qwen2.5:3b,test-s67,29,área,NOUN,PART
upos,qwen2.5:3b,test-s67,30,central,ADJ,PROPN
upos,qwen2.5:3b,test-s67,32,o,DET,PART
upos,qwen2.5:3b,test-s67,33,Recife,PROPN,NOUN
upos,qwen2.5:3b,test-s68,0,Diplomatas,NOUN,PROPN
upos,qwen2.5:3b,test-s68,7,condição,NOUN,VERB
upos,qwen2.5:3b,test-s68,8,de,ADP,SCONJ
upos,qwen2.5:3b,test-s68,9,anonimato,NOUN,PART
upos,qwen2.5:3b,test-s68,15,Brahimi,PROPN,X
upos,qwen2.5:3b,test-s68,16,sobre,ADP,AUX
upos,qwen2.5:3b,test-s68,18,conflito,NOUN,VERB
upos,qwen2.5:3b,test-s68,19,como,ADP,X
upos,qwen2.5:3b,test-s68,21,",",PUNCT,NOUN
upos,qwen2.5:3b,test-s68,22,dizendo,VERB,ADV
upos,qwen2.5:3b,test-s68,23,que,SCONJ,VERB
upos,qwen2.5:3b,test-s68,24,",",PUNCT,NOUN
upos,qwen2.5:3b,test-s68,25,apesar,ADV,SCONJ
upos,qwen2.5:3b,test-s68,27,as,DET,NOUN
upos,qwen2.5:3b,test-s68,28,afirmações,NOUN,VERB
upos,qwen2.5:3b,test-s68,29,de,ADP,X
upos,qwen2.5:3b,test-s68,31,governo,NOUN,PROPN
upos,qwen2.5:3b,test-s68,32,de,SCONJ,ADP
upos,qwen2.5:3b,test-s68,33,que,SCONJ,PART
upos,qwen2.5:3b,test-s68,34,está,AUX,VERB
upos,qwen2.5:3b,test-s68,35,comprometido,ADJ,AUX
upos,qwen2.5:3b,test-s68,36,com,ADP,PART
upos,qwen2.5:3b,test-s68,38,reforma,NOUN,VERB
upos,qwen2.5:3b,test-s68,39,",",PUNCT,NOUN
upos,qwen2.5:3b,test-s68,42,retratar,VERB,ADJ
upos,qwen2.5:3b,test-s68,48,estrangeira,ADJ,PART
upos,qwen2.5:3b,test-s68,49,e,CCONJ,PUNCT
upos,qwen2.5:3b,test-s68,50,volta,VERB,ADP
upos,qwen2.5:3b,test-s68,51,a,SCONJ,PART
upos,qwen2.5:3b,test-s68,53,como,ADV,ADP
upos,qwen2.5:3b,test-s68,54,as,DET,PART
upos,qwen2.5:3b,test-s68,57,ser,VERB,PART
upos,qwen2.5:3b,test-s69,2,foi,AUX,VERB
upos,qwen2.5:3b,test-s69,3,declarado,VERB,ADJ
upos,qwen2.5:3b,test-s69,4,morto,ADJ,PART
upos,qwen2.5:3b,test-s69,7,22h27,NOUN,NUM
upos,qwen2.5:3b,test-s69,8,de,ADP,INTJ
upos,qwen2.5:3b,test-s69,9,o,DET,PUNCT
upos,qwen2.5:3b,test-s69,10,sábado,PROPN,SYM
upos,qwen2.5:3b,test-s69,14,Brasília,PROPN,NOUN
upos,qwen2.5:3b,test-s69,15,),PUNCT,ADP
upos,qwen2.5:3b,test-s70,4,o,DET,PART
upos,qwen2.5:3b,test-s70,5,sábado,PROPN,NOUN
upos,qwen2.5:3b,test-s70,6,com,ADP,AUX
upos,qwen2.5:3b,test-s70,8,sócios,NOUN,PART
upos,qwen2.5:3b,test-s70,9,europeus,ADJ,PART
upos,qwen2.5:3b,test-s70,13,um,DET,NOUN
upos,qwen2.5:3b,test-s70,17,a,ADP,PART
upos,qwen2.5:3b,test-s70,18,seus,DET,PRON
upos,qwen2.5:3b,test-s70,19,bancos,NOUN,VERB
upos,qwen2.5:3b,test-s70,21,alguns,PRON,ADJ
upos,qwen2.5:3b,test-s70,22,de,ADP,CCONJ
upos,qwen2.5:3b,test-s70,24,quais,PRON,SCONJ
upos,qwen2.5:3b,test-s70,26,grandes,ADJ,NOUN
upos,qwen2.5:3b,test-s70,27,dificuldades,NOUN,ADJ
upos,qwen2.5:3b,test-s70,28,devido,VERB,AUX
upos,qwen2.5:3b,test-s70,29,a,ADP,PART
upos,qwen2.5:3b,test-s70,30,sua,DET,PRON
upos,qwen2.5:3b,test-s70,34,setor,NOUN,PROPN
upos,qwen2.5:3b,test-s70,35,imobiliário,ADJ,VERB
upos,qwen2.5:3b,test-s71,6,decepção,NOUN,ADV
upos,qwen2.5:3b,test-s71,7,com,ADP,PART
upos,qwen2.5:3b,test-s71,9,derrota,NOUN,PUNCT
upos,qwen2.5:3b,test-s71,12,sofrida,VERB,ADJ
upos,qwen2.5:3b,test-s71,17,depois,ADV,VERB
upos,qwen2.5:3b,test-s71,18,de,ADP,SCONJ
upos,qwen2.5:3b,test-s71,19,ter,AUX,PART
upos,qwen2.5:3b,test-s71,20,aproveitado,VERB,ADJ
upos,qwen2.5:3b,test-s71,24,de,ADP,PART
upos,qwen2.5:3b,test-s71,26,para,ADP,VERB
upos,qwen2.5:3b,test-s71,27,abrir,VERB,ADP
upos,qwen2.5:3b,test-s71,28,o,DET,NOUN
upos,qwen2.5:3b,test-s71,29,placar,NOUN,PUNCT
upos,qwen2.5:3b,test-s71,32,time,NOUN,PROPN
upos,qwen2.5:3b,test-s72,0,Agora,ADV,ADP
upos,qwen2.5:3b,test-s72,2,um,DET,PART
upos,qwen2.5:3b,test-s73,0,Assim,ADV,ADP
upos,qwen2.5:3b,test-s73,1,como,ADP,CCONJ
upos,qwen2.5:3b,test-s73,4,todos,DET,PRON
upos,qwen2.5:3b,test-s73,6,outros,DET,NOUN
upos,qwen2.5:3b,test-s73,7,corintianos,NOUN,PART
upos,qwen2.5:3b,test-s73,8,de,ADP,PART
upos,qwen2.5:3b,test-s73,9,aquela,DET,PART
upos,qwen2.5:3b,test-s73,14,a,DET,PART
upos,qwen2.5:3b,test-s73,16,profissional,ADJ,NOUN
upos,qwen2.5:3b,test-s73,19,a,ADP,VERB
upos,qwen2.5:3b,test-s73,21,menos,NOUN,ADP
upos,qwen2.5:3b,test-s73,22,um,DET,NUM
upos,qwen2.5:3b,test-s73,25,o,DET,PART
upos,qwen2.5:3b,test-s73,27,.,PUNCT,SYM
upos,qwen2.5:3b,test-s74,1,Inovação,NOUN,PROPN
upos,qwen2.5:3b,test-s74,3,interatividade,NOUN,ADJ
upos,qwen2.5:3b,test-s74,4,em,ADP,PROPN
upos,qwen2.5:3b,test-s74,5,a,DET,PART
upos,qwen2.5:3b,test-s74,7,TV,PROPN,X
upos,qwen2.5:3b,test-s74,8,são,AUX,VERB
upos,qwen2.5:3b,test-s74,9,traduzidas,VERB,X
upos,qwen2.5:3b,test-s74,15,com,ADP,PART
upos,qwen2.5:3b,test-s74,16,utilidade,NOUN,ADJ
upos,qwen2.5:3b,test-s74,18,em,ADP,PART
upos,qwen2.5:3b,test-s74,19,o,DET,X
upos,qwen2.5:3b,test-s74,20,dia,NOUN,ADJ
upos,qwen2.5:3b,test-s74,21,a,ADP,PART
upos,qwen2.5:3b,test-s74,22,dia,NOUN,ADJ
upos,qwen2.5:3b,test-s74,23,de,ADP,PART
upos,qwen2.5:3b,test-s74,29,o,DET,X
upos,qwen2.5:3b,test-s74,30,diretor,NOUN,PROPN
upos,qwen2.5:3b,test-s75,3,antes,ADV,ADP
upos,qwen2.5:3b,test-s75,4,de,ADP,CCONJ
upos,qwen2.5:3b,test-s75,8,que,SCONJ,AUX
upos,qwen2.5:3b,test-s75,9,o,DET,VERB
upos,qwen2.5:3b,test-s75,12,ser,AUX,ADP
upos,qwen2.5:3b,test-s76,3,apenas,ADV,AUX
upos,qwen2.5:3b,test-s76,6,de,ADP,PART
upos,qwen2.5:3b,test-s76,8,cerca,ADV,NUM
upos,qwen2.5:3b,test-s76,9,de,ADP,X
upos,qwen2.5:3b,test-s76,13,terminar,VERB,ADJ
upos,qwen2.5:3b,test-s76,14,a,DET,PART
upos,qwen2.5:3b,test-s76,15,prova,NOUN,VERB
upos,qwen2.5:3b,test-s77,2,--,PUNCT,NOUN
upos,qwen2.5:3b,test-s77,7,",",PUNCT,NOUN
upos,qwen2.5:3b,test-s77,8,que,PRON,PART
upos,qwen2.5:3b,test-s77,13,de,ADP,PART
upos,qwen2.5:3b,test-s77,14,"""",PUNCT,SYM
upos,qwen2.5:3b,test-s77,15,A,DET,INTJ
upos,qwen2.5:3b,test-s77,18,de,ADP,PART
upos,qwen2.5:3b,test-s77,19,Chocolate,PROPN,X
upos,qwen2.5:3b,test-s77,21,(,PUNCT,SYM
upos,qwen2.5:3b,test-s77,23,),PUNCT,SYM
upos,qwen2.5:3b,test-s77,25,dezenas,DET,NOUN
upos,qwen2.5:3b,test-s77,26,de,ADP,PART
upos,qwen2.5:3b,test-s77,29,em,ADP,VERB
upos,qwen2.5:3b,test-s77,32,-,PUNCT,ADP
upos,qwen2.5:3b,test-s77,34,a,ADP,DET
upos,qwen2.5:3b,test-s77,38,a,ADP,DET
upos,qwen2.5:3b,test-s77,39,os,DET,PART
upos,qwen2.5:3b,test-s77,43,segundo,ADP,ADJ
upos,qwen2.5:3b,test-s78,2,Lúcio,PROPN,PRON
upos,qwen2.5:3b,test-s78,4,Carminha,PROPN,PRON
upos,qwen2.5:3b,test-s78,6,a,ADP,PART
upos,qwen2.5:3b,test-s78,8,lado,NOUN,PUNCT
upos,qwen2.5:3b,test-s79,3,maio,PROPN,NOUN
upos,qwen2.5:3b,test-s79,4,foram,AUX,VERB
upos,qwen2.5:3b,test-s79,6,para,ADP,AUX
upos,qwen2.5:3b,test-s79,7,mostrar,VERB,ADV
upos,qwen2.5:3b,test-s79,8,que,CCONJ,PART
upos,qwen2.5:3b,test-s79,9,a,DET,X
upos,qwen2.5:3b,test-s79,11,industrial,ADJ,NOUN
upos,qwen2.5:3b,test-s79,14,%,SYM,PART
upos,qwen2.5:3b,test-s79,16,abril,PROPN,NOUN
upos,qwen2.5:3b,test-s79,18,em,ADP,SCONJ
upos,qwen2.5:3b,test-s79,19,vez,NOUN,VERB
upos,qwen2.5:3b,test-s79,20,de,ADP,SYM
upos,qwen2.5:3b,test-s79,23,como,CCONJ,ADP
upos,qwen2.5:3b,test-s79,24,calculado,VERB,NUM
upos,qwen2.5:3b,test-s79,25,inicialmente,ADV,VERB
upos,qwen2.5:3b,test-s79,26,.,PUNCT,PART
upos,qwen2.5:3b,test-s80,0,Mas,CCONJ,ADP
upos,qwen2.5:3b,test-s80,4,sintomas,NOUN,ADJ
upos,qwen2.5:3b,test-s80,6,intensos,ADJ,PART
upos,qwen2.5:3b,test-s80,8,porque,CCONJ,AUX
upos,qwen2.5:3b,test-s80,14,"""",PUNCT,SYM
upos,qwen2.5:3b,test-s80,17,.,PUNCT,PART
upos,qwen2.5:3b,test-s82,4,maio,PROPN,VERB
upos,qwen2.5:3b,test-s82,5,de,ADP,PART
upos,qwen2.5:3b,test-s82,8,queda,NOUN,ADJ
upos,qwen2.5:3b,test-s82,9,de,ADP,VERB
upos,qwen2.5:3b,test-s83,2,poderia,AUX,ADJ
upos,qwen2.5:3b,test-s83,4,a,DET,PART
upos,qwen2.5:3b,test-s83,5,possibilidade,NOUN,ADJ
upos,qwen2.5:3b,test-s83,6,de,ADP,PART
upos,qwen2.5:3b,test-s83,7,licitações,NOUN,VERB
upos,qwen2.5:3b,test-s83,8,para,ADP,PART
upos,qwen2.5:3b,test-s83,9,cobrir,VERB,PART
upos,qwen2.5:3b,test-s83,15,período,NOUN,VERB
upos,qwen2.5:3b,test-s84,1,que,PRON,ADP
upos,qwen2.5:3b,test-s84,4,São,PROPN,NOUN
upos,qwen2.5:3b,test-s84,5,Paulo,PROPN,X
upos,qwen2.5:3b,test-s84,7,lar,NOUN,PART
upos,qwen2.5:3b,test-s84,8,de,ADP,NOUN
upos,qwen2.5:3b,test-s84,9,a,DET,PART
upos,qwen2.5:3b,test-s84,12,libanesa,ADJ,PART
upos,qwen2.5:3b,test-s84,13,fora,ADV,ADP
upos,qwen2.5:3b,test-s84,14,de,ADP,SCONJ
upos,qwen2.5:3b,test-s84,17,?,PUNCT,X
upos,qwen2.5:3b,test-s85,0,Assim,ADV,ADP
upos,qwen2.5:3b,test-s85,6,o,DET,PROPN
upos,qwen2.5:3b,test-s85,7,suspeito,NOUN,VERB
upos,qwen2.5:3b,test-s85,8,passou,VERB,PART
upos,qwen2.5:3b,test-s85,9,a,SCONJ,VERB
upos,qwen2.5:3b,test-s86,1,lidar,VERB,ADJ
upos,qwen2.5:3b,test-s86,5,é,AUX,VERB
upos,qwen2.5:3b,test-s86,6,uma,DET,PART
upos,qwen2.5:3b,test-s86,7,habilidade,NOUN,ADJ
upos,qwen2.5:3b,test-s86,9,para,ADP,X
upos,qwen2.5:3b,test-s86,13,principalmente,ADV,ADJ
upos,qwen2.5:3b,test-s86,14,para,ADP,VERB
upos,qwen2.5:3b,test-s86,16,almeja,VERB,AUX
upos,qwen2.5:3b,test-s86,17,um,DET,NUM
upos,qwen2.5:3b,test-s86,18,cargo,NOUN,PART
upos,qwen2.5:3b,test-s86,19,de,ADP,VERB
upos,qwen2.5:3b,test-s87,3,o,DET,PART
upos,qwen2.5:3b,test-s87,4,Pai,PROPN,NOUN
upos,qwen2.5:3b,test-s87,5,foi,AUX,VERB
upos,qwen2.5:3b,test-s87,9,",",PUNCT,NOUN
upos,qwen2.5:3b,test-s87,10,mas,CCONJ,ADP
upos,qwen2.5:3b,test-s87,13,a,SCONJ,PART
upos,qwen2.5:3b,test-s87,14,ser,AUX,VERB
upos,qwen2.5:3b,test-s87,16,a,ADP,PART
upos,qwen2.5:3b,test-s87,17,seu,DET,PRON
upos,qwen2.5:3b,test-s87,19,",",PUNCT,NOUN
upos,qwen2.5:3b,test-s87,20,embora,SCONJ,ADP
upos,qwen2.5:3b,test-s87,21,houvesse,AUX,VERB
upos,qwen2.5:3b,test-s87,22,cogitado,VERB,NOUN
upos,qwen2.5:3b,test-s87,23,como,SCONJ,ADP
upos,qwen2.5:3b,test-s87,29,Jesenská,PROPN,X
upos,qwen2.5:3b,test-s88,0,A,DET,SYM
upos,qwen2.5:3b,test-s88,5,livre,ADJ,PART
upos,qwen2.5:3b,test-s88,6,naquele,ADP,SCONJ
upos,qwen2.5:3b,test-s88,8,por,ADP,X
upos,qwen2.5:3b,test-s88,9,ser,VERB,PART
upos,qwen2.5:3b,test-s88,10,algo,PRON,DET
upos,qwen2.5:3b,test-s88,11,"""",PUNCT,SYM
upos,qwen2.5:3b,test-s88,13,"""",PUNCT,SYM
upos,qwen2.5:3b,test-s89,6,Barbosa,PROPN,PRON
upos,qwen2.5:3b,test-s89,8,um,PRON,NUM
upos,qwen2.5:3b,test-s89,9,de,ADP,VERB
upos,qwen2.5:3b,test-s89,12,que,PRON,ADP
upos,qwen2.5:3b,test-s89,13,sempre,ADV,AUX
upos,qwen2.5:3b,test-s89,15,suas,DET,PART
upos,qwen2.5:3b,test-s89,16,propostas,NOUN,VERB
upos,qwen2.5:3b,test-s90,0,Visando,VERB,ADP
upos,qwen2.5:3b,test-s90,1,a,DET,PART
upos,qwen2.5:3b,test-s90,3,de,ADP,AUX
upos,qwen2.5:3b,test-s90,4,os,DET,NOUN
upos,qwen2.5:3b,test-s90,5,resultados,NOUN,ADJ
upos,qwen2.5:3b,test-s90,6,em,ADP,PART
upos,qwen2.5:3b,test-s90,7,o,DET,PART
upos,qwen2.5:3b,test-s90,9,mundial,ADJ,VERB
upos,qwen2.5:3b,test-s90,17,nesta,ADP,PART
upos,qwen2.5:3b,test-s90,18,quarta,PROPN,ADJ
upos,qwen2.5:3b,test-s90,19,-,PUNCT,SCONJ
upos,qwen2.5:3b,test-s90,20,feira,PROPN,ADJ
upos,qwen2.5:3b,test-s90,21,(,PUNCT,SYM
upos,qwen2.5:3b,test-s90,24,outubro,PROPN,NOUN
upos,qwen2.5:3b,test-s90,25,),PUNCT,PART
upos,qwen2.5:3b,test-s90,27,a,DET,PROPN
upos,qwen2.5:3b,test-s90,29,Brasileira,PROPN,X
upos,qwen2.5:3b,test-s91,1,acordo,NOUN,ADJ
upos,qwen2.5:3b,test-s91,2,com,ADP,CCONJ
upos,qwen2.5:3b,test-s91,4,de,ADP,CCONJ
upos,qwen2.5:3b,test-s91,6,assessoria,NOUN,PART
upos,qwen2.5:3b,test-s91,8,o,DET,VERB
upos,qwen2.5:3b,test-s91,9,cônsul,NOUN,X
upos,qwen2.5:3b,test-s91,10,ficou,VERB,NOUN
upos,qwen2.5:3b,test-s91,11,impressionado,ADJ,NOUN
upos,qwen2.5:3b,test-s91,12,com,ADP,NOUN
upos,qwen2.5:3b,test-s91,13,as,DET,NOUN
upos,qwen2.5:3b,test-s91,15,e,CCONJ,NOUN
upos,qwen2.5:3b,test-s91,16,a,DET,NOUN
upos,qwen2.5:3b,test-s91,18,de,ADP,NOUN
upos,qwen2.5:3b,test-s91,19,Campo,PROPN,NOUN
upos,qwen2.5:3b,test-s91,20,Grande,PROPN,ADJ
upos,qwen2.5:3b,test-s92,3,pacientes,NOUN,VERB
upos,qwen2.5:3b,test-s92,4,de,ADP,PART
upos,qwen2.5:3b,test-s92,5,o,DET,SCONJ
upos,qwen2.5:3b,test-s92,6,Instituto,PROPN,X
upos,qwen2.5:3b,test-s92,9,de,ADP,PROPN
upos,qwen2.5:3b,test-s92,12,que,CCONJ,ADP
upos,qwen2.5:3b,test-s92,16,as,DET,PART
upos,qwen2.5:3b,test-s92,18,obesas,ADJ,NOUN
upos,qwen2.5:3b,test-s92,23,a,DET,PART
upos,qwen2.5:3b,test-s93,4,o,DET,PART
upos,qwen2.5:3b,test-s93,6,de,ADP,PART
upos,qwen2.5:3b,test-s93,7,os,DET,PART
upos,qwen2.5:3b,test-s93,9,de,ADP,X
upos,qwen2.5:3b,test-s93,11,ABC,PROPN,X
upos,qwen2.5:3b,test-s93,12,e,CCONJ,DET
upos,qwen2.5:3b,test-s93,13,a,DET,PART
upos,qwen2.5:3b,test-s93,15,-,PUNCT,SYM
upos,qwen2.5:3b,test-s93,17,nesta,ADP,PART
upos,qwen2.5:3b,test-s93,18,terça,PROPN,ADP
upos,qwen2.5:3b,test-s93,19,-,PUNCT,SYM
upos,qwen2.5:3b,test-s93,29,de,ADP,PART
upos,qwen2.5:3b,test-s93,39,o,DET,PART
upos,qwen2.5:3b,test-s93,41,(,PUNCT,SYM
upos,qwen2.5:3b,test-s93,42,SP,PROPN,X
upos,qwen2.5:3b,test-s93,43,),PUNCT,SYM
upos,qwen2.5:3b,test-s93,49,janeiro,PROPN,NOUN
upos,qwen2.5:3b,test-s94,0,Isso,PRON,DET
upos,qwen2.5:3b,test-s94,4,pois,CCONJ,AUX
upos,qwen2.5:3b,test-s94,6,a,DET,PART
upos,qwen2.5:3b,test-s94,8,ainda,ADV,ADP
upos,qwen2.5:3b,test-s94,9,mais,ADV,VERB
upos,qwen2.5:3b,test-s95,5,sucesso,NOUN,AUX
upos,qwen2.5:3b,test-s95,6,o,DET,PART
upos,qwen2.5:3b,test-s95,8,(,PUNCT,SYM
upos,qwen2.5:3b,test-s95,9,depois,ADV,X
upos,qwen2.5:3b,test-s95,11,várias,DET,NUM
upos,qwen2.5:3b,test-s95,13,),PUNCT,SYM
upos,qwen2.5:3b,test-s95,15,para,ADP,VERB
upos,qwen2.5:3b,test-s95,17,que,CCONJ,AUX
upos,qwen2.5:3b,test-s95,19,Godos,PROPN,X
upos,qwen2.5:3b,test-s95,24,os,DET,PRON
upos,qwen2.5:3b,test-s95,28,a,DET,PART
upos,qwen2.5:3b,test-s95,29,discórdia,NOUN,X
upos,qwen2.5:3b,test-s95,32,as,DET,PART
upos,qwen2.5:3b,test-s95,33,guerras,NOUN,ADJ
upos,qwen2.5:3b,test-s95,34,Asterixianas,ADJ,PROPN
upos,qwen2.5:3b,test-s96,6,de,ADP,PART
upos,qwen2.5:3b,test-s96,7,Justiça,PROPN,VERB
upos,qwen2.5:3b,test-s96,8,de,ADP,PART
upos,qwen2.5:3b,test-s96,9,o,DET,X
upos,qwen2.5:3b,test-s96,11,Santo,PROPN,NOUN
upos,qwen2.5:3b,test-s96,14,juiz,NOUN,VERB
upos,qwen2.5:3b,test-s96,15,titular,ADJ,PART
upos,qwen2.5:3b,test-s96,16,de,ADP,ADJ
upos,qwen2.5:3b,test-s96,18,Vara,PROPN,NOUN
upos,qwen2.5:3b,test-s96,19,de,ADP,NOUN
upos,qwen2.5:3b,test-s96,22,de,ADP,PART
upos,qwen2.5:3b,test-s96,23,Inquéritos,PROPN,NOUN
upos,qwen2.5:3b,test-s96,24,Criminais,PROPN,ADJ
upos,qwen2.5:3b,test-s96,25,de,ADP,PART
upos,qwen2.5:3b,test-s96,29,Loureiro,PROPN,X
upos,qwen2.5:3b,test-s96,31,foi,AUX,VERB
upos,qwen2.5:3b,test-s96,37,prisão,NOUN,VERB
upos,qwen2.5:3b,test-s97,3,quando,ADV,ADP
upos,qwen2.5:3b,test-s97,6,ainda,ADV,VERB
upos,qwen2.5:3b,test-s97,7,era,AUX,PART
upos,qwen2.5:3b,test-s97,9,em,ADP,X
upos,qwen2.5:3b,test-s97,10,fases,NOUN,ADJ
upos,qwen2.5:3b,test-s97,11,de,ADP,PART
upos,qwen2.5:3b,test-s97,13,e,CCONJ,PART
upos,qwen2.5:3b,test-s97,14,depois,ADV,ADP
upos,qwen2.5:3b,test-s97,15,mata,NOUN,VERB
upos,qwen2.5:3b,test-s97,16,-,PUNCT,SYM
upos,qwen2.5:3b,test-s97,17,matas,NOUN,VERB
upos,qwen2.5:3b,test-s97,19,o,DET,PRON
upos,qwen2.5:3b,test-s97,21,-,PUNCT,NOUN
upos,qwen2.5:3b,test-s97,25,mesmos,ADJ,NOUN
upos,qwen2.5:3b,test-s97,27,pontos,NOUN,ADJ
upos,qwen2.5:3b,test-s97,29,encerrando,VERB,NUM
upos,qwen2.5:3b,test-s97,35,primeira,ADJ,NOUN
upos,qwen2.5:3b,test-s97,36,colocação,NOUN,ADJ
upos,qwen2.5:3b,test-s97,38,a,DET,PART
upos,qwen2.5:3b,test-s97,39,sua,DET,VERB
upos,qwen2.5:3b,test-s97,40,chave,NOUN,ADJ
upos,qwen2.5:3b,test-s98,2,e,CCONJ,ADP
upos,qwen2.5:3b,test-s98,3,horário,NOUN,ADJ
upos,qwen2.5:3b,test-s98,4,de,ADP,PART
upos,qwen2.5:3b,test-s98,8,o,DET,INTJ
upos,qwen2.5:3b,test-s98,9,domingo,PROPN,VERB
upos,qwen2.5:3b,test-s98,10,--,PUNCT,SYM
upos,qwen2.5:3b,test-s98,11,caso,CCONJ,NOUN
upos,qwen2.5:3b,test-s98,12,restem,VERB,ADP
upos,qwen2.5:3b,test-s98,13,bilhetes,NOUN,VERB
upos,qwen2.5:3b,test-s98,14,--,PUNCT,SYM
upos,qwen2.5:3b,test-s99,2,maioria,NOUN,ADJ
upos,qwen2.5:3b,test-s99,3,de,ADP,CCONJ
upos,qwen2.5:3b,test-s99,4,os,DET,NOUN
upos,qwen2.5:3b,test-s99,5,casos,NOUN,ADJ
upos,qwen2.5:3b,test-s99,6,de,ADP,NOUN
upos,qwen2.5:3b,test-s99,7,gripe,NOUN,VERB
upos,qwen2.5:3b,test-s99,8,é,VERB,ADV
upos,qwen2.5:3b,test-s99,9,leve,ADJ,PART
upos,qwen2.5:3b,test-s99,10,e,CCONJ,ADP
upos,qwen2.5:3b,test-s99,12,se,PRON,PART
upos,qwen2.5:3b,test-s99,13,espontaneamente,ADV,ADJ
ner,llama3.2:3b,c2003-1,0,SOCCER,O,B-LOC
ner,llama3.2:3b,c2003-1,2,JAPAN,B-LOC,I-LOC
ner,llama3.2:3b,c2003-1,7,CHINA,B-PER,B-ORG
ner,llama3.2:3b,c2003-1,8,IN,O,I-ORG
ner,llama3.2:3b,c2003-1,10,DEFEAT,O,B-ORG
ner,llama3.2:3b,c2003-3,2,United,B-LOC,I-ORG
ner,llama3.2:3b,c2003-3,3,Arab,I-LOC,I-ORG
ner,llama3.2:3b,c2003-3,4,Emirates,I-LOC,I-PER
ner,llama3.2:3b,c2003-3,5,1996-12-06,O,I-MISC
ner,llama3.2:3b,c2003-4,1,began,O,I-LOC
ner,llama3.2:3b,c2003-4,3,defence,O,B-ORG
ner,llama3.2:3b,c2003-4,4,of,O,I-ORG
ner,llama3.2:3b,c2003-4,11,lucky,O,I-PER
ner,llama3.2:3b,c2003-4,13,win,O,B-ORG
ner,llama3.2:3b,c2003-4,14,against,O,I-ORG
ner,llama3.2:3b,c2003-4,18,Group,O,B-MISC
ner,llama3.2:3b,c2003-4,19,C,O,I-MISC
ner,llama3.2:3b,c2003-4,20,championship,O,B-MISC
ner,llama3.2:3b,c2003-4,22,on,O,I-MISC
ner,llama3.2:3b,c2003-4,23,Friday,O,B-MISC
ner,llama3.2:3b,c2003-5,0,But,O,B-LOC
ner,llama3.2:3b,c2003-5,1,China,B-LOC,I-LOC
ner,llama3.2:3b,c2003-5,6,them,O,I-LOC
ner,llama3.2:3b,c2003-5,10,match,O,B-MISC
ner,llama3.2:3b,c2003-5,11,of,O,I-MISC
ner,llama3.2:3b,c2003-5,13,group,O,B-ORG
ner,llama3.2:3b,c2003-5,14,",",O,I-ORG
ner,llama3.2:3b,c2003-5,16,to,O,B-LOC
ner,llama3.2:3b,c2003-5,17,a,O,I-LOC
ner,llama3.2:3b,c2003-5,20,defeat,O,B-MISC
ner,llama3.2:3b,c2003-5,22,newcomers,O,I-MISC
ner,llama3.2:3b,c2003-6,1,controlled,O,I-LOC
ner,llama3.2:3b,c2003-6,10,missed,O,B-PER
ner,llama3.2:3b,c2003-6,13,78th,O,B-LOC
ner,llama3.2:3b,c2003-6,14,minute,O,I-LOC
ner,llama3.2:3b,c2003-6,16,Uzbek,B-MISC,B-ORG
ner,llama3.2:3b,c2003-6,17,striker,O,I-ORG
ner,llama3.2:3b,c2003-6,18,Igor,B-PER,B-MISC
ner,llama3.2:3b,c2003-6,19,Shkvyrin,I-PER,I-MISC
ner,llama3.2:3b,c2003-6,20,took,O,I-MISC
ner,llama3.2:3b,c2003-6,21,advantage,O,B-MISC
ner,llama3.2:3b,c2003-6,30,ball,O,B-MISC
ner,llama3.2:3b,c2003-6,31,over,O,I-MISC
ner,llama3.2:3b,c2003-6,33,advancing,O,I-MISC
ner,llama3.2:3b,c2003-6,34,Chinese,B-MISC,B-PER
ner,llama3.2:3b,c2003-6,35,keeper,O,I-PER
ner,llama3.2:3b,c2003-6,37,into,O,I-ORG
ner,llama3.2:3b,c2003-6,40,net,O,I-ORG
ner,llama3.2:3b,c2003-7,11,hitting,O,I-MISC
ner,llama3.2:3b,c2003-7,12,an,O,B-PER
ner,llama3.2:3b,c2003-7,13,unstoppable,O,I-MISC
ner,llama3.2:3b,c2003-7,14,left,O,I-MISC
ner,llama3.2:3b,c2003-7,15,foot,O,I-LOC
ner,llama3.2:3b,c2003-7,16,shot,O,I-LOC
ner,llama3.2:3b,c2003-7,17,from,O,I-LOC
ner,llama3.2:3b,c2003-7,18,just,O,I-ORG
ner,llama3.2:3b,c2003-7,21,area,O,I-MISC
ner,llama3.2:3b,c2003-8,0,The,O,B-LOC
ner,llama3.2:3b,c2003-8,1,former,O,I-LOC
ner,llama3.2:3b,c2003-8,2,Soviet,B-MISC,O
ner,llama3.2:3b,c2003-8,8,Asian,B-MISC,O
ner,llama3.2:3b,c2003-8,9,Cup,I-MISC,O
ner,llama3.2:3b,c2003-8,10,finals,O,I-MISC
ner,llama3.2:3b,c2003-9,0,Despite,O,B-LOC
ner,llama3.2:3b,c2003-9,1,winning,O,I-LOC
ner,llama3.2:3b,c2003-9,3,Asian,B-MISC,B-ORG
ner,llama3.2:3b,c2003-9,4,Games,I-MISC,I-ORG
ner,llama3.2:3b,c2003-9,6,two,O,B-PER
ner,llama3.2:3b,c2003-9,7,years,O,I-PER
ner,llama3.2:3b,c2003-9,12,in,O,I-LOC
ner,llama3.2:3b,c2003-10,0,Two,O,B-MISC
ner,llama3.2:3b,c2003-10,1,goals,O,I-MISC
ner,llama3.2:3b,c2003-10,12,to,O,I-LOC
ner,llama3.2:3b,c2003-10,17,collect,O,B-ORG
ner,llama3.2:3b,c2003-10,18,all,O,I-ORG
ner,llama3.2:3b,c2003-10,20,points,O,I-MISC
ner,llama3.2:3b,c2003-10,22,their,O,B-PER
ner,llama3.2:3b,c2003-10,23,opening,O,I-PER
ner,llama3.2:3b,c2003-10,24,meeting,O,I-ORG
ner,llama3.2:3b,c2003-10,25,against,O,I-LOC
ner,llama3.2:3b,c2003-10,26,Syria,B-LOC,B-MISC
ner,llama3.2:3b,c2003-11,1,Takagi,I-PER,O
ner,llama3.2:3b,c2003-11,2,scored,O,I-PER
ner,llama3.2:3b,c2003-11,7,88th,O,B-MISC
ner,llama3.2:3b,c2003-11,8,minute,O,I-MISC
ner,llama3.2:3b,c2003-11,10,rising,O,B-MISC
ner,llama3.2:3b,c2003-11,12,head,O,I-MISC
ner,llama3.2:3b,c2003-11,13,a,O,B-LOC
ner,llama3.2:3b,c2003-11,14,Hiroshige,B-PER,I-LOC
ner,llama3.2:3b,c2003-11,15,Yanagimoto,I-PER,O
ner,llama3.2:3b,c2003-11,19,Syrian,B-MISC,O
ner,llama3.2:3b,c2003-11,20,goal,O,B-LOC
ner,llama3.2:3b,c2003-11,22,goalkeeper,O,I-ORG
ner,llama3.2:3b,c2003-11,23,Salem,B-PER,B-LOC
ner,llama3.2:3b,c2003-11,24,Bitar,I-PER,I-ORG
ner,llama3.2:3b,c2003-11,30,then,O,I-MISC
ner,llama3.2:3b,c2003-11,31,allowed,O,I-ORG
ner,llama3.2:3b,c2003-11,32,to,O,B-LOC
ner,llama3.2:3b,c2003-11,33,slip,O,I-LOC
ner,llama3.2:3b,c2003-12,0,It,O,B-MISC
ner,llama3.2:3b,c2003-12,1,was,O,I-MISC
ner,llama3.2:3b,c2003-12,3,second,O,B-LOC
ner,llama3.2:3b,c2003-12,4,costly,O,I-LOC
ner,llama3.2:3b,c2003-12,6,by,O,B-ORG
ner,llama3.2:3b,c2003-12,7,Syria,B-LOC,I-ORG
ner,llama3.2:3b,c2003-12,10,minutes,O,I-MISC
ner,llama3.2:3b,c2003-13,0,Defender,O,B-PER
ner,llama3.2:3b,c2003-13,1,Hassan,B-PER,I-PER
ner,llama3.2:3b,c2003-13,2,Abbas,I-PER,O
ner,llama3.2:3b,c2003-13,11,area,O,B-LOC
ner,llama3.2:3b,c2003-13,12,in,O,I-LOC
ner,llama3.2:3b,c2003-13,14,84th,O,B-MISC
ner,llama3.2:3b,c2003-13,15,minute,O,I-MISC
ner,llama3.2:3b,c2003-13,20,divert,O,B-ORG
ner,llama3.2:3b,c2003-13,21,it,O,I-ORG
ner,llama3.2:3b,c2003-13,27,Bitar,B-PER,B-LOC
ner,llama3.2:3b,c2003-13,28,'s,O,I-LOC
ner,llama3.2:3b,c2003-14,3,given,O,B-LOC
ner,llama3.2:3b,c2003-14,4,Syria,B-LOC,I-LOC
ner,llama3.2:3b,c2003-14,10,header,O,B-ORG
ner,llama3.2:3b,c2003-14,11,in,O,I-ORG
ner,llama3.2:3b,c2003-14,13,seventh,O,B-LOC
ner,llama3.2:3b,c2003-14,14,minute,O,I-LOC
ner,llama3.2:3b,c2003-15,2,laid,O,I-LOC
ner,llama3.2:3b,c2003-15,3,siege,O,B-MISC
ner,llama3.2:3b,c2003-15,10,most,O,B-PER
ner,llama3.2:3b,c2003-15,13,game,O,I-LOC
ner,llama3.2:3b,c2003-15,16,breached,O,I-MISC
ner,llama3.2:3b,c2003-16,0,Bitar,B-PER,B-LOC
ner,llama3.2:3b,c2003-16,1,pulled,O,I-LOC
ner,llama3.2:3b,c2003-16,2,off,O,I-LOC
ner,llama3.2:3b,c2003-17,2,Shu,B-PER,I-LOC
ner,llama3.2:3b,c2003-17,3,Kamo,I-PER,I-LOC
ner,llama3.2:3b,c2003-17,9,Syrian,B-MISC,O
ner,llama3.2:3b,c2003-17,10,own,O,I-MISC
ner,llama3.2:3b,c2003-17,12,proved,O,I-PER
ner,llama3.2:3b,c2003-17,13,lucky,O,B-LOC
ner,llama3.2:3b,c2003-17,14,for,O,I-ORG
ner,llama3.2:3b,c2003-17,15,us,O,I-MISC
ner,llama3.2:3b,c2003-18,0,The,O,B-PER
ner,llama3.2:3b,c2003-18,1,Syrians,B-MISC,I-PER
ner,llama3.2:3b,c2003-18,12,which,O,B-PER
ner,llama3.2:3b,c2003-18,13,made,O,I-PER
ner,llama3.2:3b,c2003-19,0,',O,B-MISC
ner,llama3.2:3b,c2003-20,2,co-hosts,O,I-ORG
ner,llama3.2:3b,c2003-20,4,the,O,B-PER
ner,llama3.2:3b,c2003-20,5,World,B-MISC,O
ner,llama3.2:3b,c2003-20,8,2002,O,I-MISC
ner,llama3.2:3b,c2003-20,10,ranked,O,B-MISC
ner,llama3.2:3b,c2003-20,11,20th,O,I-MISC
ner,llama3.2:3b,c2003-20,16,FIFA,B-ORG,B-LOC
ner,llama3.2:3b,c2003-20,21,regain,O,I-PER
ner,llama3.2:3b,c2003-20,22,their,O,I-PER
ner,llama3.2:3b,c2003-20,23,title,O,B-ORG
ner,llama3.2:3b,c2003-21,0,Hosts,O,B-LOC
ner,llama3.2:3b,c2003-21,1,UAE,B-LOC,O
ner,llama3.2:3b,c2003-21,4,and,O,I-LOC
ner,llama3.2:3b,c2003-21,5,South,B-LOC,O
ner,llama3.2:3b,c2003-21,6,Korea,I-LOC,B-MISC
ner,llama3.2:3b,c2003-21,9,Indonesia,B-LOC,O
ner,llama3.2:3b,c2003-21,10,on,O,I-MISC
ner,llama3.2:3b,c2003-21,13,Group,O,B-ORG
ner,llama3.2:3b,c2003-21,14,A,O,I-ORG
ner,llama3.2:3b,c2003-22,0,All,O,B-LOC
ner,llama3.2:3b,c2003-22,1,four,O,I-LOC
ner,llama3.2:3b,c2003-22,2,teams,O,I-LOC
ner,llama3.2:3b,c2003-22,11,game,O,I-MISC
ner,llama3.2:3b,c2003-23,0,RUGBY,B-ORG,B-LOC
ner,llama3.2:3b,c2003-23,1,UNION,I-ORG,O
ner,llama3.2:3b,c2003-23,3,CUTTITTA,B-PER,I-ORG
ner,llama3.2:3b,c2003-24,1,1996-12-06,O,I-MISC
ner,llama3.2:3b,c2003-25,0,Italy,B-LOC,B-ORG
ner,llama3.2:3b,c2003-25,1,recalled,O,I-ORG
ner,llama3.2:3b,c2003-26,0,on,O,I-MISC
ner,llama3.2:3b,c2003-26,3,their,O,B-PER
ner,llama3.2:3b,c2003-26,4,friendly,O,I-PER
ner,llama3.2:3b,c2003-26,8,Murrayfield,B-LOC,B-ORG
ner,llama3.2:3b,c2003-26,10,than,O,I-MISC
ner,llama3.2:3b,c2003-26,12,year,O,B-LOC
ner,llama3.2:3b,c2003-26,13,after,O,I-LOC
ner,llama3.2:3b,c2003-26,15,30-year-old,O,I-MISC
ner,llama3.2:3b,c2003-26,17,announced,O,B-ORG
ner,llama3.2:3b,c2003-26,18,he,O,I-ORG
ner,llama3.2:3b,c2003-26,20,retiring,O,I-MISC
ner,llama3.2:3b,c2003-26,21,following,O,I-MISC
ner,llama3.2:3b,c2003-26,22,differences,O,I-MISC
ner,llama3.2:3b,c2003-26,23,over,O,B-LOC
ner,llama3.2:3b,c2003-26,24,selection,O,I-LOC
ner,llama3.2:3b,c2003-27,2,who,O,I-PER
ner,llama3.2:3b,c2003-27,3,trainer,O,B-LOC
ner,llama3.2:3b,c2003-27,4,George,B-PER,I-LOC
ner,llama3.2:3b,c2003-27,5,Coste,I-PER,O
ner,llama3.2:3b,c2003-27,10,play,O,I-MISC
ner,llama3.2:3b,c2003-27,12,Saturday,O,B-LOC
ner,llama3.2:3b,c2003-27,13,week,O,I-LOC
ner,llama3.2:3b,c2003-27,16,named,O,I-MISC
ner,llama3.2:3b,c2003-27,17,in,O,I-ORG
ner,llama3.2:3b,c2003-27,20,squad,O,B-ORG
ner,llama3.2:3b,c2003-27,21,lacking,O,I-ORG
ner,llama3.2:3b,c2003-27,32,Twickenham,B-LOC,I-LOC
ner,llama3.2:3b,c2003-28,5,illness,O,I-LOC
ner,llama3.2:3b,c2003-28,7,Coste,B-PER,I-ORG
ner,llama3.2:3b,c2003-28,10,had,O,B-PER
ner,llama3.2:3b,c2003-28,11,dropped,O,I-PER
ner,llama3.2:3b,c2003-28,14,Corrado,B-PER,B-LOC
ner,llama3.2:3b,c2003-28,15,Covi,I-PER,I-LOC
ner,llama3.2:3b,c2003-28,20,recalled,O,B-LOC
ner,llama3.2:3b,c2003-28,24,game,O,I-LOC
ner,llama3.2:3b,c2003-28,31,national,O,B-ORG
ner,llama3.2:3b,c2003-28,32,team,O,I-ORG
ner,llama3.2:3b,c2003-29,0,Cuttitta,B-PER,B-LOC
ner,llama3.2:3b,c2003-29,3,retirement,O,B-ORG
ner,llama3.2:3b,c2003-29,4,after,O,I-ORG
ner,llama3.2:3b,c2003-29,8,Cup,I-MISC,O
ner,llama3.2:3b,c2003-29,10,where,O,B-LOC
ner,llama3.2:3b,c2003-29,11,he,O,I-PER
ner,llama3.2:3b,c2003-29,12,took,O,I-MISC
ner,llama3.2:3b,c2003-29,14,with,O,I-ORG
ner,llama3.2:3b,c2003-29,15,being,O,I-PER
ner,llama3.2:3b,c2003-29,16,dropped,O,I-MISC
ner,llama3.2:3b,c2003-29,17,from,O,I-LOC
ner,llama3.2:3b,c2003-29,18,the,O,I-MISC
ner,llama3.2:3b,c2003-29,19,Italy,B-LOC,I-PER
ner,llama3.2:3b,c2003-29,22,faced,O,I-LOC
ner,llama3.2:3b,c2003-30,0,Coste,B-PER,B-LOC
ner,llama3.2:3b,c2003-30,4,approached,O,I-LOC
ner,llama3.2:3b,c2003-30,6,player,O,B-MISC
ner,llama3.2:3b,c2003-30,10,about,O,I-MISC
ner,llama3.2:3b,c2003-30,12,comeback,O,I-PER
ner,llama3.2:3b,c2003-31,0,"""",O,B-MISC
ner,llama3.2:3b,c2003-31,1,He,O,I-MISC
ner,llama3.2:3b,c2003-31,4,World,B-MISC,O
ner,llama3.2:3b,c2003-31,5,Cup,I-MISC,O
ner,llama3.2:3b,c2003-31,12,Coste,B-PER,B-ORG
ner,llama3.2:3b,c2003-31,13,said,O,I-ORG
ner,llama3.2:3b,c2003-32,1,I,O,B-PER
ner,llama3.2:3b,c2003-32,2,thought,O,I-PER
ner,llama3.2:3b,c2003-32,3,it,O,I-PER
ner,llama3.2:3b,c2003-32,4,would,O,I-PER
ner,llama3.2:3b,c2003-32,12,he,O,B-MISC
ner,llama3.2:3b,c2003-32,13,said,O,I-MISC
ner,llama3.2:3b,c2003-32,14,he,O,I-MISC
ner,llama3.2:3b,c2003-33,10,return,O,I-MISC
ner,llama3.2:3b,c2003-34,0,Squad,O,B-LOC
ner,llama3.2:3b,c2003-34,2,Javier,B-PER,I-LOC
ner,llama3.2:3b,c2003-34,3,Pertile,I-PER,O
ner,llama3.2:3b,c2003-34,4,",",O,B-ORG
ner,llama3.2:3b,c2003-34,5,Paolo,B-PER,I-ORG
ner,llama3.2:3b,c2003-34,6,Vaccari,I-PER,O
ner,llama3.2:3b,c2003-34,7,",",O,B-PER
ner,llama3.2:3b,c2003-34,8,Marcello,B-PER,I-PER
ner,llama3.2:3b,c2003-34,9,Cuttitta,I-PER,O
ner,llama3.2:3b,c2003-34,14,Leandro,B-PER,B-LOC
ner,llama3.2:3b,c2003-34,15,Manteri,I-PER,I-LOC
ner,llama3.2:3b,c2003-34,17,Diego,B-PER,B-ORG
ner,llama3.2:3b,c2003-34,18,Dominguez,I-PER,I-ORG
ner,llama3.2:3b,c2003-34,21,Mazzariol,I-PER,O
ner,llama3.2:3b,c2003-34,23,Alessandro,B-PER,I-ORG
ner,llama3.2:3b,c2003-34,24,Troncon,I-PER,O
ner,llama3.2:3b,c2003-34,25,",",O,B-LOC
ner,llama3.2:3b,c2003-34,26,Orazio,B-PER,I-LOC
ner,llama3.2:3b,c2003-34,27,Arancio,I-PER,O
ner,llama3.2:3b,c2003-34,28,",",O,I-MISC
ner,llama3.2:3b,c2003-34,29,Andrea,B-PER,O
ner,llama3.2:3b,c2003-34,30,Sgorlon,I-PER,B-LOC
ner,llama3.2:3b,c2003-34,32,Massimo,B-PER,O
ner,llama3.2:3b,c2003-34,33,Giovanelli,I-PER,I-ORG
ner,llama3.2:3b,c2003-34,35,Carlo,B-PER,I-PER
ner,llama3.2:3b,c2003-34,36,Checchinato,I-PER,O
ner,llama3.2:3b,c2003-34,37,",",O,I-ORG
ner,llama3.2:3b,c2003-34,38,Walter,B-PER,O
ner,llama3.2:3b,c2003-34,39,Cristofoletto,I-PER,I-MISC
ner,llama3.2:3b,c2003-34,43,Curti,I-PER,O
ner,llama3.2:3b,c2003-34,44,",",O,B-LOC
ner,llama3.2:3b,c2003-34,45,Carlo,B-PER,I-LOC
ner,llama3.2:3b,c2003-34,46,Orlandi,I-PER,O
ner,llama3.2:3b,c2003-34,48,Massimo,B-PER,O
ner,llama3.2:3b,c2003-34,49,Cuttitta,I-PER,O
ner,llama3.2:3b,c2003-34,54,Gianluca,B-PER,B-LOC
ner,llama3.2:3b,c2003-34,55,Guidi,I-PER,I-LOC
ner,llama3.2:3b,c2003-34,57,Nicola,B-PER,B-ORG
ner,llama3.2:3b,c2003-34,58,Mazzucato,I-PER,I-ORG
ner,llama3.2:3b,c2003-34,63,Andrea,B-PER,B-ORG
ner,llama3.2:3b,c2003-34,64,Castellani,I-PER,I-ORG
ner,llama3.2:3b,c2003-35,0,SOCCER,O,B-LOC
ner,llama3.2:3b,c2003-35,2,LATE,O,I-MISC
ner,llama3.2:3b,c2003-35,3,GOALS,O,I-MISC
ner,llama3.2:3b,c2003-35,4,GIVE,O,I-PER
ner,llama3.2:3b,c2003-35,6,WIN,O,I-LOC
ner,llama3.2:3b,c2003-35,7,OVER,O,I-ORG
ner,llama3.2:3b,c2003-35,8,SYRIA,B-LOC,I-ORG
ner,llama3.2:3b,c2003-36,2,United,B-LOC,I-ORG
ner,llama3.2:3b,c2003-36,3,Arab,I-LOC,I-ORG
ner,llama3.2:3b,c2003-36,4,Emirates,I-LOC,I-PER
ner,llama3.2:3b,c2003-36,5,1996-12-06,O,I-MISC
ner,llama3.2:3b,c2003-37,0,Two,O,B-PER
ner,llama3.2:3b,c2003-37,1,goals,O,I-PER
ner,llama3.2:3b,c2003-37,9,Japan,B-LOC,O
ner,llama3.2:3b,c2003-37,10,an,O,B-PER
ner,llama3.2:3b,c2003-37,13,Asian,B-MISC,I-LOC
ner,llama3.2:3b,c2003-37,14,Cup,I-MISC,O
ner,llama3.2:3b,c2003-37,17,Syria,B-LOC,I-ORG
ner,llama3.2:3b,c2003-38,7,88th,O,B-MISC
ner,llama3.2:3b,c2003-38,8,minute,O,I-MISC
ner,llama3.2:3b,c2003-38,11,group,O,I-LOC
ner,llama3.2:3b,c2003-38,12,C,O,B-ORG
ner,llama3.2:3b,c2003-38,13,game,O,I-ORG
ner,llama3.2:3b,c2003-38,15,goalkeeper,O,I-MISC
ner,llama3.2:3b,c2003-38,16,Salem,B-PER,B-LOC
ner,llama3.2:3b,c2003-38,17,Bitar,I-PER,I-LOC
ner,llama3.2:3b,c2003-38,20,mistake-free,O,B-MISC
ner,llama3.2:3b,c2003-38,23,allowing,O,I-MISC
ner,llama3.2:3b,c2003-39,0,It,O,B-PER
ner,llama3.2:3b,c2003-39,1,was,O,I-PER
ner,llama3.2:3b,c2003-39,4,Syrian,B-MISC,B-LOC
ner,llama3.2:3b,c2003-39,5,defensive,O,I-LOC
ner,llama3.2:3b,c2003-39,6,blunder,O,I-LOC
ner,llama3.2:3b,c2003-40,0,Defender,O,B-PER
ner,llama3.2:3b,c2003-40,1,Hassan,B-PER,I-PER
ner,llama3.2:3b,c2003-40,2,Abbas,I-PER,O
ner,llama3.2:3b,c2003-40,11,area,O,B-LOC
ner,llama3.2:3b,c2003-40,12,in,O,I-LOC
ner,llama3.2:3b,c2003-40,14,84th,O,B-MISC
ner,llama3.2:3b,c2003-40,15,minute,O,I-MISC
ner,llama3.2:3b,c2003-40,20,divert,O,B-ORG
ner,llama3.2:3b,c2003-40,21,it,O,I-ORG
ner,llama3.2:3b,c2003-40,27,Bitar,B-PER,B-LOC
ner,llama3.2:3b,c2003-40,28,'s,O,I-LOC
ner,llama3.2:3b,c2003-41,2,taken,O,I-LOC
ner,llama3.2:3b,c2003-41,6,their,O,I-LOC
ner,llama3.2:3b,c2003-41,10,in,O,I-MISC
ner,llama3.2:3b,c2003-41,12,seventh,O,B-MISC
ner,llama3.2:3b,c2003-41,13,minute,O,I-MISC
ner,llama3.2:3b,c2003-42,9,Ammar,B-PER,O
ner,llama3.2:3b,c2003-42,10,Awad,I-PER,B-PER
ner,llama3.2:3b,c2003-42,13,top,O,I-MISC
ner,llama3.2:3b,c2003-42,17,Kenichi,B-PER,B-LOC
ner,llama3.2:3b,c2003-42,18,Shimokawa,I-PER,I-LOC
ner,llama3.2:3b,c2003-42,20,goal,O,I-MISC
ner,llama3.2:3b,c2003-43,2,laid,O,I-LOC
ner,llama3.2:3b,c2003-43,3,siege,O,B-MISC
ner,llama3.2:3b,c2003-43,10,had,O,B-MISC
ner,llama3.2:3b,c2003-43,12,goal,O,I-MISC
ner,llama3.2:3b,c2003-44,0,A,O,B-ORG
ner,llama3.2:3b,c2003-44,1,minute,O,I-ORG
ner,llama3.2:3b,c2003-44,4,Bitar,B-PER,B-LOC
ner,llama3.2:3b,c2003-44,5,produced,O,I-LOC
ner,llama3.2:3b,c2003-44,11,first,O,B-PER
ner,llama3.2:3b,c2003-44,12,from,O,I-PER
ner,llama3.2:3b,c2003-44,13,Kazuyoshi,B-PER,B-LOC
ner,llama3.2:3b,c2003-44,14,Miura,I-PER,I-LOC
ner,llama3.2:3b,c2003-44,21,Takagi,B-PER,B-ORG
ner,llama3.2:3b,c2003-44,22,follow-up,O,I-ORG
ner,llama3.2:3b,c2003-44,23,shot,O,I-ORG
ner,llama3.2:3b,c2003-45,0,Bitar,B-PER,B-LOC
ner,llama3.2:3b,c2003-45,5,Miura,B-PER,I-LOC
ner,llama3.2:3b,c2003-45,11,parrying,O,B-ORG
ner,llama3.2:3b,c2003-45,12,away,O,I-ORG
ner,llama3.2:3b,c2003-45,14,header,O,B-LOC
ner,llama3.2:3b,c2003-45,15,from,O,I-LOC
ner,llama3.2:3b,c2003-45,17,corner,O,B-MISC
ner,llama3.2:3b,c2003-45,18,.,O,I-MISC
ner,llama3.2:3b,c2003-46,1,started,O,I-LOC
ner,llama3.2:3b,c2003-46,7,Bitar,B-PER,B-ORG
ner,llama3.2:3b,c2003-46,8,denied,O,I-ORG
ner,llama3.2:3b,c2003-46,10,an,O,B-PER
ner,llama3.2:3b,c2003-46,11,equaliser,O,I-PER
ner,llama3.2:3b,c2003-47,4,Kenichi,B-PER,I-ORG
ner,llama3.2:3b,c2003-47,5,Shimokawa,I-PER,O
ner,llama3.2:3b,c2003-47,9,Hiroshige,B-PER,O
ner,llama3.2:3b,c2003-47,10,Yanagimoto,I-PER,B-ORG
ner,llama3.2:3b,c2003-47,12,3,O,I-LOC
ner,llama3.2:3b,c2003-47,14,Naoki,B-PER,B-LOC
ner,llama3.2:3b,c2003-47,15,Soma,I-PER,I-LOC
ner,llama3.2:3b,c2003-47,17,4,O,I-LOC
ner,llama3.2:3b,c2003-47,19,Masami,B-PER,B-LOC
ner,llama3.2:3b,c2003-47,20,Ihara,I-PER,B-PER
ner,llama3.2:3b,c2003-47,22,5,O,I-PER
ner,llama3.2:3b,c2003-47,24,Norio,B-PER,B-LOC
ner,llama3.2:3b,c2003-47,25,Omura,I-PER,I-LOC
ner,llama3.2:3b,c2003-47,27,6,O,B-ORG
ner,llama3.2:3b,c2003-47,28,-,O,I-ORG
ner,llama3.2:3b,c2003-47,29,Motohiro,B-PER,O
ner,llama3.2:3b,c2003-47,30,Yamaguchi,I-PER,B-LOC
ner,llama3.2:3b,c2003-47,32,8,O,I-LOC
ner,llama3.2:3b,c2003-47,34,Masakiyo,B-PER,O
ner,llama3.2:3b,c2003-47,35,Maezono,I-PER,O
ner,llama3.2:3b,c2003-47,37,7,O,I-MISC
ner,llama3.2:3b,c2003-47,39,Yasuto,B-PER,O
ner,llama3.2:3b,c2003-47,40,Honda,I-PER,I-ORG
ner,llama3.2:3b,c2003-47,45,-,O,B-PER
ner,llama3.2:3b,c2003-47,46,Takuya,B-PER,I-PER
ner,llama3.2:3b,c2003-47,47,Takagi,I-PER,O
ner,llama3.2:3b,c2003-47,55,-,O,B-LOC
ner,llama3.2:3b,c2003-47,56,Kazuyoshi,B-PER,I-LOC
ner,llama3.2:3b,c2003-47,57,Miura,I-PER,O
ner,llama3.2:3b,c2003-47,66,Masayuki,B-PER,O
ner,llama3.2:3b,c2003-47,67,Okano,I-PER,O
ner,llama3.2:3b,c2003-48,2,24,O,I-LOC
ner,llama3.2:3b,c2003-48,4,Salem,B-PER,O
ner,llama3.2:3b,c2003-48,5,Bitar,I-PER,O
ner,llama3.2:3b,c2003-48,7,3,O,I-ORG
ner,llama3.2:3b,c2003-48,9,Bachar,B-PER,O
ner,llama3.2:3b,c2003-48,10,Srour,I-PER,B-PER
ner,llama3.2:3b,c2003-48,12,4,O,I-PER
ner,llama3.2:3b,c2003-48,14,Hassan,B-PER,B-LOC
ner,llama3.2:3b,c2003-48,15,Abbas,I-PER,I-LOC
ner,llama3.2:3b,c2003-48,18,-,O,I-ORG
ner,llama3.2:3b,c2003-48,19,Tarek,B-PER,O
ner,llama3.2:3b,c2003-48,20,Jabban,I-PER,B-PER
ner,llama3.2:3b,c2003-48,22,6,O,I-LOC
ner,llama3.2:3b,c2003-48,24,Ammar,B-PER,B-ORG
ner,llama3.2:3b,c2003-48,25,Awad,I-PER,I-ORG
ner,llama3.2:3b,c2003-48,27,9,O,I-MISC
ner,llama3.2:3b,c2003-48,29,Louay,B-PER,B-MISC
ner,llama3.2:3b,c2003-48,30,Taleb,I-PER,B-PER
ner,llama3.2:3b,c2003-48,35,-,O,I-LOC
ner,llama3.2:3b,c2003-48,36,Nihad,B-PER,B-LOC
ner,llama3.2:3b,c2003-48,37,al-Boushi,I-PER,O
ner,llama3.2:3b,c2003-48,45,-,O,B-LOC
ner,llama3.2:3b,c2003-48,46,Ali,B-PER,I-LOC
ner,llama3.2:3b,c2003-48,47,Dib,I-PER,O
ner,llama3.2:3b,c2003-48,53,Helou,I-PER,O
ner,llama3.2:3b,c2003-48,57,Ammar,B-PER,B-LOC
ner,llama3.2:3b,c2003-48,58,Rihawiy,I-PER,I-LOC
ner,llama3.2:3b,c2003-48,62,14,O,B-PER
ner,llama3.2:3b,c2003-48,63,-,O,I-PER
ner,llama3.2:3b,c2003-48,64,Khaled,B-PER,O
ner,llama3.2:3b,c2003-48,65,Zaher,I-PER,O
ner,llama3.2:3b,c2003-48,69,Nader,B-PER,O
ner,llama3.2:3b,c2003-48,70,Jokhadar,I-PER,B-PER
ner,llama3.2:3b,c2003-49,1,SKIING-WORLD,B-MISC,B-ORG
ner,llama3.2:3b,c2003-49,2,CUP,I-MISC,I-ORG
ner,llama3.2:3b,c2003-50,2,France,B-LOC,I-ORG
ner,llama3.2:3b,c2003-50,3,1996-12-06,O,I-MISC
ner,llama3.2:3b,c2003-51,0,Results,O,B-MISC
ner,llama3.2:3b,c2003-51,1,of,O,I-MISC
ner,llama3.2:3b,c2003-51,2,the,O,I-MISC
ner,llama3.2:3b,c2003-51,3,World,B-MISC,B-ORG
ner,llama3.2:3b,c2003-51,4,Cup,I-MISC,I-ORG
ner,llama3.2:3b,c2003-52,1,skiing,O,I-PER
ner,llama3.2:3b,c2003-52,2,moguls,O,B-LOC
ner,llama3.2:3b,c2003-52,3,competition,O,I-LOC
ner,llama3.2:3b,c2003-53,0,Men,O,B-PER
ner,llama3.2:3b,c2003-54,5,),O,I-LOC
ner,llama3.2:3b,c2003-55,5,),O,I-LOC
ner,llama3.2:3b,c2003-56,0,3.,O,I-MISC
ner,llama3.2:3b,c2003-56,5,),O,I-LOC
ner,llama3.2:3b,c2003-57,0,4.,O,I-MISC
ner,llama3.2:3b,c2003-57,5,),O,I-LOC
ner,llama3.2:3b,c2003-58,5,),O,I-LOC
ner,llama3.2:3b,c2003-59,0,6.,O,I-LOC
ner,llama3.2:3b,c2003-59,2,Collomb-Patton,I-PER,I-ORG
ner,llama3.2:3b,c2003-59,5,),O,I-MISC
ner,llama3.2:3b,c2003-60,0,7.,O,I-MISC
ner,llama3.2:3b,c2003-60,5,),O,I-LOC
ner,llama3.2:3b,c2003-61,0,8.,O,I-LOC
ner,llama3.2:3b,c2003-61,5,),O,I-LOC
ner,llama3.2:3b,c2003-62,0,9.,O,I-MISC
ner,llama3.2:3b,c2003-62,5,),O,I-LOC
ner,llama3.2:3b,c2003-63,0,10.,O,I-MISC
ner,llama3.2:3b,c2003-63,2,Benson,I-PER,I-ORG
ner,llama3.2:3b,c2003-63,4,U.S.,B-LOC,O
ner,llama3.2:3b,c2003-64,0,Women,O,B-PER
ner,llama3.2:3b,c2003-65,0,1.,O,I-MISC
ner,llama3.2:3b,c2003-65,5,),O,I-LOC
ner,llama3.2:3b,c2003-66,0,2.,O,I-MISC
ner,llama3.2:3b,c2003-66,2,Gilg,I-PER,I-LOC
ner,llama3.2:3b,c2003-66,4,France,B-LOC,O
ner,llama3.2:3b,c2003-67,0,3.,O,I-MISC
ner,llama3.2:3b,c2003-67,1,Minna,B-PER,O
ner,llama3.2:3b,c2003-67,2,Karhu,I-PER,B-LOC
ner,llama3.2:3b,c2003-67,3,(,O,I-LOC
ner,llama3.2:3b,c2003-67,4,Finland,B-LOC,O
ner,llama3.2:3b,c2003-68,0,4.,O,I-MISC
ner,llama3.2:3b,c2003-68,1,Tae,B-PER,O
ner,llama3.2:3b,c2003-68,2,Satoya,I-PER,B-ORG
ner,llama3.2:3b,c2003-68,3,(,O,I-ORG
ner,llama3.2:3b,c2003-68,4,Japan,B-LOC,O
ner,llama3.2:3b,c2003-69,0,5.,O,I-MISC
ner,llama3.2:3b,c2003-69,1,Ann,B-PER,O
ner,llama3.2:3b,c2003-69,2,Battellle,I-PER,B-PER
ner,llama3.2:3b,c2003-70,0,6.,O,I-MISC
ner,llama3.2:3b,c2003-70,5,),O,I-LOC
ner,llama3.2:3b,c2003-71,0,7.,O,I-MISC
ner,llama3.2:3b,c2003-71,5,),O,I-LOC
ner,llama3.2:3b,c2003-72,0,8.,O,I-LOC
ner,llama3.2:3b,c2003-72,5,),O,I-LOC
ner,llama3.2:3b,c2003-73,5,),O,I-LOC
ner,llama3.2:3b,c2003-74,0,10.,O,I-MISC
ner,llama3.2:3b,c2003-74,5,),O,I-LOC
ner,llama3.2:3b,c2003-75,0,SOCCER,O,B-ORG
ner,llama3.2:3b,c2003-75,2,ASIAN,B-MISC,I-LOC
ner,llama3.2:3b,c2003-75,3,CUP,I-MISC,B-LOC
ner,llama3.2:3b,c2003-75,4,GROUP,O,I-LOC
ner,llama3.2:3b,c2003-75,5,C,O,I-LOC
ner,llama3.2:3b,c2003-75,6,RESULTS,O,I-LOC
ner,llama3.2:3b,c2003-76,2,United,B-LOC,I-ORG
ner,llama3.2:3b,c2003-76,3,Arab,I-LOC,I-ORG
ner,llama3.2:3b,c2003-76,4,Emirates,I-LOC,I-PER
ner,llama3.2:3b,c2003-76,5,1996-12-06,O,I-MISC
ner,llama3.2:3b,c2003-77,0,Results,O,B-LOC
ner,llama3.2:3b,c2003-77,2,Asian,B-MISC,I-LOC
ner,llama3.2:3b,c2003-77,3,Cup,I-MISC,B-ORG
ner,llama3.2:3b,c2003-77,10,:,O,I-MISC
ner,llama3.2:3b,c2003-78,2,Syria,B-LOC,I-ORG
ner,llama3.2:3b,c2003-78,5,halftime,O,B-MISC
ner,llama3.2:3b,c2003-78,6,0-1,O,I-MISC
ner,llama3.2:3b,c2003-79,0,Scorers,O,I-ORG
ner,llama3.2:3b,c2003-79,1,:,O,I-ORG
ner,llama3.2:3b,c2003-80,2,Hassan,B-PER,I-PER
ner,llama3.2:3b,c2003-80,3,Abbas,I-PER,B-PER
ner,llama3.2:3b,c2003-80,5,own,O,I-MISC
ner,llama3.2:3b,c2003-80,8,Takuya,B-PER,O
ner,llama3.2:3b,c2003-80,9,Takagi,I-PER,O
ner,llama3.2:3b,c2003-80,10,88,O,I-MISC
ner,llama3.2:3b,c2003-81,0,Syria,B-LOC,B-ORG
ner,llama3.2:3b,c2003-81,2,Nader,B-PER,I-ORG
ner,llama3.2:3b,c2003-81,3,Jokhadar,I-PER,B-LOC
ner,llama3.2:3b,c2003-81,4,7,O,I-LOC
ner,llama3.2:3b,c2003-82,0,Attendance,O,B-ORG
ner,llama3.2:3b,c2003-82,2,"10,000",O,I-ORG
ner,llama3.2:3b,c2003-83,2,Uzbekistan,B-LOC,I-ORG
ner,llama3.2:3b,c2003-83,5,halftime,O,I-MISC
ner,llama3.2:3b,c2003-84,0,Scorers,O,B-PER
ner,llama3.2:3b,c2003-84,2,Shkvyrin,B-PER,I-PER
ner,llama3.2:3b,c2003-84,5,",",O,B-LOC
ner,llama3.2:3b,c2003-84,6,Shatskikh,B-PER,I-LOC
ner,llama3.2:3b,c2003-84,7,Oleg,I-PER,I-LOC
ner,llama3.2:3b,c2003-85,0,Attendence,O,I-PER
ner,llama3.2:3b,c2003-85,2,"3,000",O,I-ORG
ner,llama3.2:3b,c2003-86,0,Standings,O,I-MISC
ner,llama3.2:3b,c2003-86,2,tabulate,O,I-MISC
ner,llama3.2:3b,c2003-86,3,under,O,I-MISC
ner,llama3.2:3b,c2003-86,4,played,O,B-PER
ner,llama3.2:3b,c2003-86,6,won,O,I-MISC
ner,llama3.2:3b,c2003-86,8,drawn,O,I-MISC
ner,llama3.2:3b,c2003-86,10,lost,O,I-MISC
ner,llama3.2:3b,c2003-86,12,goals,O,I-MISC
ner,llama3.2:3b,c2003-87,2,goals,O,I-ORG
ner,llama3.2:3b,c2003-87,3,against,O,B-ORG
ner,llama3.2:3b,c2003-87,5,points,O,I-ORG
ner,llama3.2:3b,c2003-88,1,1,O,I-LOC
ner,llama3.2:3b,c2003-88,2,1,O,I-LOC
ner,llama3.2:3b,c2003-89,1,1,O,I-LOC
ner,llama3.2:3b,c2003-89,2,1,O,I-LOC
ner,llama3.2:3b,c2003-90,1,1,O,I-LOC
ner,llama3.2:3b,c2003-90,2,0,O,I-LOC
ner,llama3.2:3b,c2003-90,3,0,O,I-LOC
ner,llama3.2:3b,c2003-91,1,1,O,I-LOC
ner,llama3.2:3b,c2003-91,2,0,O,I-LOC
ner,llama3.2:3b,c2003-91,3,0,O,I-LOC
ner,llama3.2:3b,c2003-92,0,CRICKET,O,B-LOC
ner,llama3.2:3b,c2003-92,2,PAKISTAN,B-LOC,I-LOC
ner,llama3.2:3b,c2003-92,4,NEW,B-LOC,O
ner,llama3.2:3b,c2003-92,5,ZEALAND,I-LOC,B-LOC
ner,llama3.2:3b,c2003-92,6,ONE-DAY,O,I-LOC
ner,llama3.2:3b,c2003-93,1,CORRECTED,O,I-ORG
ner,llama3.2:3b,c2003-93,2,14:06,O,I-MISC
ner,llama3.2:3b,c2003-93,3,GMT,B-MISC,B-LOC
ner,llama3.2:3b,c2003-94,2,Pakistan,B-LOC,B-ORG
ner,llama3.2:3b,c2003-94,3,1996-12-06,O,I-MISC
ner,llama3.2:3b,c2003-95,0,Scoreboard,O,B-ORG
ner,llama3.2:3b,c2003-95,1,in,O,I-ORG
ner,llama3.2:3b,c2003-95,2,the,O,I-ORG
ner,llama3.2:3b,c2003-96,0,one-day,O,B-MISC
ner,llama3.2:3b,c2003-96,2,international,O,I-MISC
ner,llama3.2:3b,c2003-96,3,between,O,B-LOC
ner,llama3.2:3b,c2003-96,4,Pakistan,B-LOC,I-LOC
ner,llama3.2:3b,c2003-96,6,New,B-LOC,O
ner,llama3.2:3b,c2003-96,7,Zealand,I-LOC,O
ner,llama3.2:3b,c2003-97,0,on,O,I-MISC
ner,llama3.2:3b,c2003-97,1,Friday,O,I-MISC
ner,llama3.2:3b,c2003-100,1,Elahi,I-PER,O
ner,llama3.2:3b,c2003-100,3,Cairns,B-PER,B-LOC
ner,llama3.2:3b,c2003-100,4,86,O,I-LOC
upos,llama3.2:3b,test-s1,0,Mas,CCONJ,NOUN
upos,llama3.2:3b,test-s1,1,por,ADP,NOUN
upos,llama3.2:3b,test-s1,2,não,ADV,NOUN
upos,llama3.2:3b,test-s1,3,existir,VERB,NOUN
upos,llama3.2:3b,test-s1,4,um,DET,NOUN
upos,llama3.2:3b,test-s1,6,legal,ADJ,NOUN
upos,llama3.2:3b,test-s1,7,há,VERB,NOUN
upos,llama3.2:3b,test-s1,8,uma,DET,NOUN
upos,llama3.2:3b,test-s1,10,por,ADP,CCONJ
upos,llama3.2:3b,test-s1,11,parte,NOUN,ADJ
upos,llama3.2:3b,test-s1,15,"""",PUNCT,SYM
upos,llama3.2:3b,test-s1,16,",",PUNCT,NOUN
upos,llama3.2:3b,test-s2,0,O,DET,NOUN
upos,llama3.2:3b,test-s2,2,explicou,VERB,NOUN
upos,llama3.2:3b,test-s2,3,que,CCONJ,NOUN
upos,llama3.2:3b,test-s2,4,a,DET,NOUN
upos,llama3.2:3b,test-s2,6,vai,AUX,NOUN
upos,llama3.2:3b,test-s2,7,manter,VERB,NOUN
upos,llama3.2:3b,test-s2,8,o,DET,NOUN
upos,llama3.2:3b,test-s2,10,em,ADP,CCONJ
upos,llama3.2:3b,test-s2,11,a,DET,NOUN
upos,llama3.2:3b,test-s2,12,produtividade,NOUN,ADJ
upos,llama3.2:3b,test-s2,13,de,ADP,DET
upos,llama3.2:3b,test-s2,14,as,DET,NOUN
upos,llama3.2:3b,test-s2,16,e,CCONJ,NOUN
upos,llama3.2:3b,test-s2,17,em,ADP,VERB
upos,llama3.2:3b,test-s2,18,a,DET,NOUN
upos,llama3.2:3b,test-s2,20,de,ADP,CCONJ
upos,llama3.2:3b,test-s2,23,de,ADP,CCONJ
upos,llama3.2:3b,test-s2,25,.,PUNCT,NOUN
upos,llama3.2:3b,test-s3,0,Com,ADP,NOUN
upos,llama3.2:3b,test-s3,1,o,DET,NOUN
upos,llama3.2:3b,test-s3,3,Cairoli,PROPN,NOUN
upos,llama3.2:3b,test-s3,4,retorna,VERB,NOUN
upos,llama3.2:3b,test-s3,5,á,ADP,NOUN
upos,llama3.2:3b,test-s3,7,de,ADP,NOUN
upos,llama3.2:3b,test-s3,8,a,DET,NOUN
upos,llama3.2:3b,test-s4,0,Comissão,PROPN,CCONJ
upos,llama3.2:3b,test-s4,2,e,CCONJ,DET
upos,llama3.2:3b,test-s4,6,a,DET,PRON
upos,llama3.2:3b,test-s4,7,mesma,ADJ,PROPN
upos,llama3.2:3b,test-s4,8,opinião,NOUN,VERB
upos,llama3.2:3b,test-s5,0,A,DET,ADP
upos,llama3.2:3b,test-s5,4,era,AUX,VERB
upos,llama3.2:3b,test-s5,5,uma,DET,NOUN
upos,llama3.2:3b,test-s5,6,peça,NOUN,PART
upos,llama3.2:3b,test-s5,7,de,ADP,DET
upos,llama3.2:3b,test-s5,8,decoração,NOUN,NUM
upos,llama3.2:3b,test-s5,9,de,ADP,PROPN
upos,llama3.2:3b,test-s5,10,a,DET,ADP
upos,llama3.2:3b,test-s5,13,foi,AUX,VERB
upos,llama3.2:3b,test-s5,14,apreendida,VERB,NOUN
upos,llama3.2:3b,test-s5,16,ser,AUX,VERB
upos,llama3.2:3b,test-s5,17,periciada,VERB,NOUN
upos,llama3.2:3b,test-s5,18,.,PUNCT,PART
upos,llama3.2:3b,test-s6,0,Tornando,VERB,AUX
upos,llama3.2:3b,test-s6,1,se,PART,PRON
upos,llama3.2:3b,test-s6,2,líder,NOUN,PROPN
upos,llama3.2:3b,test-s6,4,a,DET,NOUN
upos,llama3.2:3b,test-s6,5,H.I.D.R.A.,PROPN,PUNCT
upos,llama3.2:3b,test-s6,6,",",PUNCT,VERB
upos,llama3.2:3b,test-s6,7,foi,AUX,ADP
upos,llama3.2:3b,test-s6,8,deposto,VERB,NOUN
upos,llama3.2:3b,test-s6,9,após,ADP,VERB
upos,llama3.2:3b,test-s6,16,a,DET,PRON
upos,llama3.2:3b,test-s6,20,um,DET,NOUN
upos,llama3.2:3b,test-s6,22,",",PUNCT,NOUN
upos,llama3.2:3b,test-s6,23,caindo,VERB,NOUN
upos,llama3.2:3b,test-s6,24,de,ADP,NOUN
upos,llama3.2:3b,test-s6,25,considerável,ADJ,NOUN
upos,llama3.2:3b,test-s6,27,durante,ADP,NOUN
upos,llama3.2:3b,test-s6,28,o,DET,NOUN
upos,llama3.2:3b,test-s6,30,com,ADP,CCONJ
upos,llama3.2:3b,test-s6,32,terceiro,ADJ,NOUN
upos,llama3.2:3b,test-s6,34,Verde,PROPN,ADJ
upos,llama3.2:3b,test-s6,35,e,CCONJ,NOUN
upos,llama3.2:3b,test-s6,36,o,DET,PUNCT
upos,llama3.2:3b,test-s6,37,Homem,PROPN,VERB
upos,llama3.2:3b,test-s6,38,-,PUNCT,PRON
upos,llama3.2:3b,test-s6,39,Aranha,PROPN,NOUN
upos,llama3.2:3b,test-s7,1,fã,NOUN,ADJ
upos,llama3.2:3b,test-s7,5,não,ADV,PRON
upos,llama3.2:3b,test-s7,8,o,DET,PROPN
upos,llama3.2:3b,test-s7,9,Corinthians,PROPN,VERB
upos,llama3.2:3b,test-s7,13,com,ADP,DET
upos,llama3.2:3b,test-s7,14,o,DET,ADP
upos,llama3.2:3b,test-s7,15,Bóson,PROPN,NOUN
upos,llama3.2:3b,test-s7,16,de,ADP,PROPN
upos,llama3.2:3b,test-s7,17,Higgs,PROPN,NOUN
upos,llama3.2:3b,test-s7,18,e,CCONJ,VERB
upos,llama3.2:3b,test-s7,19,tenho,AUX,PART
upos,llama3.2:3b,test-s7,25,de,ADP,NOUN
upos,llama3.2:3b,test-s7,26,a,DET,NOUN
upos,llama3.2:3b,test-s7,27,autora,NOUN,PRON
upos,llama3.2:3b,test-s7,28,.,PUNCT,NOUN
upos,llama3.2:3b,test-s8,0,Com,ADP,CCONJ
upos,llama3.2:3b,test-s8,1,http://m.goal.com,X,ADP
upos,llama3.2:3b,test-s8,2,--,PUNCT,NOUN
upos,llama3.2:3b,test-s8,7,cobertura,NOUN,VERB
upos,llama3.2:3b,test-s8,8,para,ADP,PRON
upos,llama3.2:3b,test-s8,9,celulares,NOUN,PART
upos,llama3.2:3b,test-s8,10,de,ADP,CCONJ
upos,llama3.2:3b,test-s8,13,.,PUNCT,NOUN
upos,llama3.2:3b,test-s9,0,Cerca,ADV,NOUN
upos,llama3.2:3b,test-s9,1,de,ADP,NOUN
upos,llama3.2:3b,test-s9,2,45,NUM,NOUN
upos,llama3.2:3b,test-s9,3,mil,NUM,NOUN
upos,llama3.2:3b,test-s9,5,de,ADP,NOUN
upos,llama3.2:3b,test-s9,6,o,DET,NOUN
upos,llama3.2:3b,test-s9,7,Anthology,PROPN,NOUN
upos,llama3.2:3b,test-s9,8,1,NUM,NOUN
upos,llama3.2:3b,test-s9,9,foram,AUX,NOUN
upos,llama3.2:3b,test-s9,10,vendidos,VERB,ADJ
upos,llama3.2:3b,test-s9,13,primeiro,ADJ,ADV
upos,llama3.2:3b,test-s9,16,lançamento,NOUN,VERB
upos,llama3.2:3b,test-s10,1,Já,ADV,DET
upos,llama3.2:3b,test-s10,2,estamos,AUX,VERB
upos,llama3.2:3b,test-s10,3,importando,VERB,NOUN
upos,llama3.2:3b,test-s10,4,os,DET,ADP
upos,llama3.2:3b,test-s10,5,equipamentos,NOUN,PRON
upos,llama3.2:3b,test-s10,7,",",PUNCT,VERB
upos,llama3.2:3b,test-s10,8,afirmou,VERB,PUNCT
upos,llama3.2:3b,test-s10,9,.,PUNCT,VERB
upos,llama3.2:3b,test-s11,0,Foi,VERB,AUX
upos,llama3.2:3b,test-s11,4,que,CCONJ,NOUN
upos,llama3.2:3b,test-s11,5,Eriç,PROPN,NOUN
upos,llama3.2:3b,test-s11,7,o,DET,NOUN
upos,llama3.2:3b,test-s11,9,e,CCONJ,PRON
upos,llama3.2:3b,test-s11,10,ativista,NOUN,ADJ
upos,llama3.2:3b,test-s11,13,Carlos,PROPN,PRON
upos,llama3.2:3b,test-s11,14,Magno,PROPN,NOUN
upos,llama3.2:3b,test-s11,17,embaixador,NOUN,VERB
upos,llama3.2:3b,test-s11,19,o,DET,PROPN
upos,llama3.2:3b,test-s11,21,em,ADP,DET
upos,llama3.2:3b,test-s11,22,Londres,PROPN,ADP
upos,llama3.2:3b,test-s11,23,",",PUNCT,CCONJ
upos,llama3.2:3b,test-s11,25,o,PRON,DET
upos,llama3.2:3b,test-s11,26,trouxe,VERB,NOUN
upos,llama3.2:3b,test-s11,27,para,ADP,VERB
upos,llama3.2:3b,test-s11,28,o,DET,ADV
upos,llama3.2:3b,test-s11,30,em,ADP,CCONJ
upos,llama3.2:3b,test-s11,31,dezembro,PROPN,ADJ
upos,llama3.2:3b,test-s11,33,1946,NUM,NOUN
upos,llama3.2:3b,test-s12a,0,Face,NOUN,ADJ
upos,llama3.2:3b,test-s12a,1,a,ADP,DET
upos,llama3.2:3b,test-s12a,5,e,CCONJ,NOUN
upos,llama3.2:3b,test-s12a,6,a,ADP,DET
upos,llama3.2:3b,test-s12a,10,de,ADP,CCONJ
upos,llama3.2:3b,test-s12a,13,de,ADP,CCONJ
upos,llama3.2:3b,test-s12a,16,para,ADP,NOUN
upos,llama3.2:3b,test-s12a,18,Delgada,PROPN,NOUN
upos,llama3.2:3b,test-s12a,19,",",PUNCT,NOUN
upos,llama3.2:3b,test-s12a,21,cabido,NOUN,ADJ
upos,llama3.2:3b,test-s12a,23,queixa,PROPN,NOUN
upos,llama3.2:3b,test-s12a,24,a,ADP,NOUN
upos,llama3.2:3b,test-s12a,29,em,ADP,PROPN
upos,llama3.2:3b,test-s12a,36,a,DET,PRON
upos,llama3.2:3b,test-s12a,37,sua,DET,VERB
upos,llama3.2:3b,test-s12b,1,agravamento,NOUN,ADJ
upos,llama3.2:3b,test-s12b,5,a,ADP,NOUN
upos,llama3.2:3b,test-s12b,6,que,CCONJ,PRON
upos,llama3.2:3b,test-s12b,7,não,ADV,SCONJ
upos,llama3.2:3b,test-s12b,8,tivesse,AUX,NUM
upos,llama3.2:3b,test-s12b,10,a,ADP,DET
upos,llama3.2:3b,test-s12b,14,em,ADP,ADV
upos,llama3.2:3b,test-s12b,15,a,DET,NOUN
upos,llama3.2:3b,test-s12b,16,ilha,NOUN,ADP
upos,llama3.2:3b,test-s12b,17,de,ADP,NOUN
upos,llama3.2:3b,test-s12b,18,São,PROPN,NUM
upos,llama3.2:3b,test-s12b,20,a,ADP,NUM
upos,llama3.2:3b,test-s12b,21,21,NUM,NOUN
upos,llama3.2:3b,test-s12b,25,1772,NUM,NOUN
upos,llama3.2:3b,test-s12b,28,sepultado,ADJ,PART
upos,llama3.2:3b,test-s12b,29,em,ADP,VERB
upos,llama3.2:3b,test-s12b,30,a,DET,ADJ
upos,llama3.2:3b,test-s12b,32,Matriz,PROPN,NOUN
upos,llama3.2:3b,test-s12b,34,Ponta,PROPN,NOUN
upos,llama3.2:3b,test-s13,0,Trabalhava,VERB,AUX
upos,llama3.2:3b,test-s13,4,administrativo,ADJ,CCONJ
upos,llama3.2:3b,test-s13,5,e,CCONJ,NOUN
upos,llama3.2:3b,test-s13,6,foi,AUX,SCONJ
upos,llama3.2:3b,test-s13,7,covardemente,ADV,VERB
upos,llama3.2:3b,test-s13,8,morta,VERB,ADV
upos,llama3.2:3b,test-s13,9,",",PUNCT,PRON
upos,llama3.2:3b,test-s13,10,com,ADP,CCONJ
upos,llama3.2:3b,test-s13,12,tiros,NOUN,VERB
upos,llama3.2:3b,test-s14,0,A,DET,ADP
upos,llama3.2:3b,test-s14,4,em,ADP,DET
upos,llama3.2:3b,test-s14,5,os,DET,ADP
upos,llama3.2:3b,test-s14,6,bairros,NOUN,PRON
upos,llama3.2:3b,test-s14,7,de,ADP,SCONJ
upos,llama3.2:3b,test-s14,8,o,DET,NOUN
upos,llama3.2:3b,test-s14,12,e,CCONJ,NOUN
upos,llama3.2:3b,test-s14,13,Ahu,PROPN,NOUN
upos,llama3.2:3b,test-s14,16,Curitiba,PROPN,PRON
upos,llama3.2:3b,test-s14,18,neste,ADP,ADV
upos,llama3.2:3b,test-s14,19,sábado,PROPN,VERB
upos,llama3.2:3b,test-s14,23,",",PUNCT,ADJ
upos,llama3.2:3b,test-s14,24,podendo,AUX,VERB
upos,llama3.2:3b,test-s14,25,afetar,VERB,PRON
upos,llama3.2:3b,test-s14,26,a,DET,ADP
upos,llama3.2:3b,test-s14,28,de,ADP,CCONJ
upos,llama3.2:3b,test-s14,29,água,NOUN,VERB
upos,llama3.2:3b,test-s15,2,que,CCONJ,NOUN
upos,llama3.2:3b,test-s15,5,seria,AUX,ADJ
upos,llama3.2:3b,test-s15,7,os,DET,NOUN
upos,llama3.2:3b,test-s15,9,antigos,ADJ,VERB
upos,llama3.2:3b,test-s15,10,de,ADP,CCONJ
upos,llama3.2:3b,test-s15,13,como,ADP,ADV
upos,llama3.2:3b,test-s15,15,e,CCONJ,NOUN
upos,llama3.2:3b,test-s15,18,os,DET,PRON
upos,llama3.2:3b,test-s15,19,grandes,ADJ,PROPN
upos,llama3.2:3b,test-s15,20,eventos,NOUN,ADJ
upos,llama3.2:3b,test-s15,21,",",PUNCT,NOUN
upos,llama3.2:3b,test-s15,22,como,CCONJ,ADV
upos,llama3.2:3b,test-s15,25,reverendo,NOUN,PROPN
upos,llama3.2:3b,test-s15,26,Luiz,PROPN,NOUN
upos,llama3.2:3b,test-s15,27,Caetano,PROPN,VERB
upos,llama3.2:3b,test-s15,28,",",PUNCT,PROPN
upos,llama3.2:3b,test-s15,29,que,PRON,NOUN
upos,llama3.2:3b,test-s15,30,mora,VERB,ADJ
upos,llama3.2:3b,test-s15,33,Teresa,PROPN,VERB
upos,llama3.2:3b,test-s16,4,o,DET,PRON
upos,llama3.2:3b,test-s16,5,ex,PART,NOUN
upos,llama3.2:3b,test-s16,6,-,PUNCT,NOUN
upos,llama3.2:3b,test-s16,7,ponta,NOUN,PUNCT
upos,llama3.2:3b,test-s16,8,-,PUNCT,NOUN
upos,llama3.2:3b,test-s16,9,direita,ADJ,ADP
upos,llama3.2:3b,test-s16,10,visitou,VERB,AUX
upos,llama3.2:3b,test-s16,15,Severiano,PROPN,NOUN
upos,llama3.2:3b,test-s16,17,a,ADP,DET
upos,llama3.2:3b,test-s16,18,convite,NOUN,VERB
upos,llama3.2:3b,test-s16,19,de,ADP,NOUN
upos,llama3.2:3b,test-s16,20,a,DET,ADP
upos,llama3.2:3b,test-s17,6,os,DET,NOUN
upos,llama3.2:3b,test-s17,7,contratos,NOUN,VERB
upos,llama3.2:3b,test-s17,8,aconteceu,VERB,AUX
upos,llama3.2:3b,test-s17,9,em,ADP,NOUN
upos,llama3.2:3b,test-s17,11,abertura,NOUN,ADJ
upos,llama3.2:3b,test-s17,16,Presidentes,PROPN,NOUN
upos,llama3.2:3b,test-s17,18,as,DET,PRON
upos,llama3.2:3b,test-s17,19,Cooperativas,PROPN,NOUN
upos,llama3.2:3b,test-s17,20,Paranaenses,PROPN,ADJ
upos,llama3.2:3b,test-s17,21,",",PUNCT,NOUN
upos,llama3.2:3b,test-s17,22,em,ADP,PRON
upos,llama3.2:3b,test-s17,23,Curitiba,PROPN,NOUN
upos,llama3.2:3b,test-s17,24,.,PUNCT,NOUN
upos,llama3.2:3b,test-s18,3,a,ADP,DET
upos,llama3.2:3b,test-s18,6,para,ADP,NOUN
upos,llama3.2:3b,test-s18,9,los,PRON,SYM
upos,llama3.2:3b,test-s18,12,Carlos,PROPN,DET
upos,llama3.2:3b,test-s18,13,de,ADP,NOUN
upos,llama3.2:3b,test-s18,14,Oliveira,PROPN,ADP
upos,llama3.2:3b,test-s18,15,",",PUNCT,PROPN
upos,llama3.2:3b,test-s18,16,de,ADP,PUNCT
upos,llama3.2:3b,test-s18,18,anos,NOUN,VERB
upos,llama3.2:3b,test-s18,20,se,PRON,CCONJ
upos,llama3.2:3b,test-s18,25,com,ADP,NOUN
upos,llama3.2:3b,test-s19,0,@,X,PUNCT
upos,llama3.2:3b,test-s19,1,durvalorlato,X,ADJ
upos,llama3.2:3b,test-s19,3,de,ADP,DET
upos,llama3.2:3b,test-s19,4,que,CCONJ,NOUN
upos,llama3.2:3b,test-s19,5,Bigardi,PROPN,PRON
upos,llama3.2:3b,test-s19,7,pode,AUX,VERB
upos,llama3.2:3b,test-s19,9,em,ADP,PUNCT
upos,llama3.2:3b,test-s19,10,o,DET,PUNCT
upos,llama3.2:3b,test-s19,11,1,ADJ,NUM
upos,llama3.2:3b,test-s19,12,º,PUNCT,ADP
upos,llama3.2:3b,test-s19,14,",",PUNCT,VERB
upos,llama3.2:3b,test-s19,15,é,AUX,PRON
upos,llama3.2:3b,test-s19,16,a,DET,NOUN
upos,llama3.2:3b,test-s19,17,onda,NOUN,SCONJ
upos,llama3.2:3b,test-s19,18,de,ADP,NOUN
upos,llama3.2:3b,test-s19,19,ataques,NOUN,VERB
upos,llama3.2:3b,test-s19,21,e,CCONJ,DET
upos,llama3.2:3b,test-s19,22,indiretos,ADJ,NOUN
upos,llama3.2:3b,test-s19,23,que,PRON,NOUN
upos,llama3.2:3b,test-s19,27,o,DET,PRON
upos,llama3.2:3b,test-s19,29,Fernando,PROPN,VERB
upos,llama3.2:3b,test-s20,0,Em,ADP,CCONJ
upos,llama3.2:3b,test-s20,3,em,ADP,DET
upos,llama3.2:3b,test-s20,6,o,DET,PRON
upos,llama3.2:3b,test-s20,7,Estado,PROPN,NOUN
upos,llama3.2:3b,test-s20,9,o,DET,PROPN
upos,llama3.2:3b,test-s20,12,Janeiro,PROPN,NOUN
upos,llama3.2:3b,test-s20,15,de,ADP,NOUN
upos,llama3.2:3b,test-s20,16,a,DET,PRON
upos,llama3.2:3b,test-s20,17,11,ADJ,NUM
upos,llama3.2:3b,test-s20,19,Câmara,PROPN,SCONJ
upos,llama3.2:3b,test-s20,20,Cível,PROPN,ADJ
upos,llama3.2:3b,test-s20,23,Tribunal,PROPN,NOUN
upos,llama3.2:3b,test-s20,25,Justiça,PROPN,NOUN
upos,llama3.2:3b,test-s20,27,o,DET,NOUN
upos,llama3.2:3b,test-s20,28,Estado,PROPN,AUX
upos,llama3.2:3b,test-s20,29,de,ADP,NOUN
upos,llama3.2:3b,test-s20,30,o,DET,PUNCT
upos,llama3.2:3b,test-s20,33,Janeiro,PROPN,NOUN
upos,llama3.2:3b,test-s20,35,TJ,PROPN,SYM
upos,llama3.2:3b,test-s20,39,que,PRON,SCONJ
upos,llama3.2:3b,test-s20,40,",",PUNCT,NOUN
upos,llama3.2:3b,test-s20,41,julgando,VERB,NOUN
upos,llama3.2:3b,test-s20,43,de,ADP,NOUN
upos,llama3.2:3b,test-s20,45,impetrado,VERB,NOUN
upos,llama3.2:3b,test-s20,46,por,ADP,NOUN
upos,llama3.2:3b,test-s20,47,uma,DET,NOUN
upos,llama3.2:3b,test-s20,49,reconheceu,VERB,NOUN
upos,llama3.2:3b,test-s20,53,a,ADP,DET
upos,llama3.2:3b,test-s20,54,o,DET,PUNCT
upos,llama3.2:3b,test-s20,55,ICMS,PROPN,NOUN
upos,llama3.2:3b,test-s20,56,em,ADP,ADV
upos,llama3.2:3b,test-s20,57,a,DET,VERB
upos,llama3.2:3b,test-s20,58,comercialização,NOUN,AUX
upos,llama3.2:3b,test-s20,59,de,ADP,NOUN
upos,llama3.2:3b,test-s20,60,enciclopédia,NOUN,ADJ
upos,llama3.2:3b,test-s20,62,eletrônica,ADJ,VERB
upos,llama3.2:3b,test-s21,0,A,DET,CCONJ
upos,llama3.2:3b,test-s21,2,foi,AUX,VERB
upos,llama3.2:3b,test-s21,3,promulgada,VERB,ADP
upos,llama3.2:3b,test-s21,4,por,ADP,DET
upos,llama3.2:3b,test-s21,5,o,DET,PRON
upos,llama3.2:3b,test-s21,6,desembargador,NOUN,PROPN
upos,llama3.2:3b,test-s21,7,Amaury,PROPN,NOUN
upos,llama3.2:3b,test-s21,8,Moura,PROPN,VERB
upos,llama3.2:3b,test-s21,10,de,ADP,NOUN
upos,llama3.2:3b,test-s21,13,de,ADP,NOUN
upos,llama3.2:3b,test-s21,14,Justiça,PROPN,DET
upos,llama3.2:3b,test-s21,15,de,ADP,PROPN
upos,llama3.2:3b,test-s21,16,o,DET,NOUN
upos,llama3.2:3b,test-s21,17,Rio,PROPN,NOUN
upos,llama3.2:3b,test-s21,18,Grande,PROPN,NOUN
upos,llama3.2:3b,test-s21,19,de,ADP,NOUN
upos,llama3.2:3b,test-s21,20,o,DET,PUNCT
upos,llama3.2:3b,test-s21,21,Norte,PROPN,ADP
upos,llama3.2:3b,test-s21,22,(,PUNCT,SYM
upos,llama3.2:3b,test-s21,23,TJRN,PROPN,CCONJ
upos,llama3.2:3b,test-s21,25,",",PUNCT,DET
upos,llama3.2:3b,test-s21,26,em,ADP,NOUN
upos,llama3.2:3b,test-s21,27,a,DET,PUNCT
upos,llama3.2:3b,test-s21,28,manhã,NOUN,ADV
upos,llama3.2:3b,test-s21,29,desta,ADP,VERB
upos,llama3.2:3b,test-s21,30,quarta,PROPN,ADJ
upos,llama3.2:3b,test-s22,0,Acesse,VERB,NOUN
upos,llama3.2:3b,test-s22,1,:,PUNCT,NOUN
upos,llama3.2:3b,test-s22,3,e,CCONJ,NOUN
upos,llama3.2:3b,test-s22,4,encontre,VERB,NOUN
upos,llama3.2:3b,test-s22,5,o,DET,NOUN
upos,llama3.2:3b,test-s22,7,ideal,ADJ,NOUN
upos,llama3.2:3b,test-s22,8,para,ADP,NOUN
upos,llama3.2:3b,test-s22,9,o,DET,NOUN
upos,llama3.2:3b,test-s22,10,seu,DET,ADJ
upos,llama3.2:3b,test-s23,1,estado,VERB,ADJ
upos,llama3.2:3b,test-s23,2,aqui,ADV,ADP
upos,llama3.2:3b,test-s23,4,a,DET,NUM
upos,llama3.2:3b,test-s23,8,espera,NOUN,VERB
upos,llama3.2:3b,test-s24,0,Terra,PROPN,NOUN
upos,llama3.2:3b,test-s24,1,:,PUNCT,NOUN
upos,llama3.2:3b,test-s24,2,E,CCONJ,NOUN
upos,llama3.2:3b,test-s24,3,qual,PRON,NOUN
upos,llama3.2:3b,test-s24,4,seria,AUX,NOUN
upos,llama3.2:3b,test-s24,5,a,DET,NOUN
upos,llama3.2:3b,test-s24,7,lógica,ADJ,NOUN
upos,llama3.2:3b,test-s24,8,para,ADP,NOUN
upos,llama3.2:3b,test-s24,9,isso,PRON,NOUN
upos,llama3.2:3b,test-s25,0,A,DET,CCONJ
upos,llama3.2:3b,test-s25,6,uma,PRON,NOUN
upos,llama3.2:3b,test-s25,7,de,ADP,DET
upos,llama3.2:3b,test-s25,8,as,DET,VERB
upos,llama3.2:3b,test-s25,9,mais,ADV,PART
upos,llama3.2:3b,test-s25,12,européias,ADJ,ADP
upos,llama3.2:3b,test-s25,13,",",PUNCT,AUX
upos,llama3.2:3b,test-s25,14,foi,AUX,CCONJ
upos,llama3.2:3b,test-s25,16,",",PUNCT,ADP
upos,llama3.2:3b,test-s25,18,e,CCONJ,NOUN
upos,llama3.2:3b,test-s25,21,vezes,NOUN,ADJ
upos,llama3.2:3b,test-s25,22,a,ADP,DET
upos,llama3.2:3b,test-s25,23,o,DET,ADP
upos,llama3.2:3b,test-s25,26,um,DET,NOUN
upos,llama3.2:3b,test-s25,27,tumultuado,ADJ,PART
upos,llama3.2:3b,test-s25,28,passado,NOUN,VERB
upos,llama3.2:3b,test-s25,29,histórico,ADJ,AUX
upos,llama3.2:3b,test-s26,0,Campo,PROPN,ADJ
upos,llama3.2:3b,test-s26,1,Grande,PROPN,ADJ
upos,llama3.2:3b,test-s26,3,MS,PROPN,CCONJ
upos,llama3.2:3b,test-s26,4,),PUNCT,NOUN
upos,llama3.2:3b,test-s26,5,--,PUNCT,NOUN
upos,llama3.2:3b,test-s26,6,Com,ADP,PART
upos,llama3.2:3b,test-s26,7,objetivo,NOUN,VERB
upos,llama3.2:3b,test-s26,8,de,ADP,DET
upos,llama3.2:3b,test-s26,10,os,DET,ADJ
upos,llama3.2:3b,test-s26,15,sobre,ADP,SCONJ
upos,llama3.2:3b,test-s26,16,ações,NOUN,VERB
upos,llama3.2:3b,test-s26,17,específicas,ADJ,NOUN
upos,llama3.2:3b,test-s26,18,e,CCONJ,PART
upos,llama3.2:3b,test-s26,19,políticas,NOUN,AUX
upos,llama3.2:3b,test-s26,20,voltadas,VERB,ADJ
upos,llama3.2:3b,test-s26,21,a,ADP,DET
upos,llama3.2:3b,test-s26,22,o,DET,ADP
upos,llama3.2:3b,test-s26,24,de,ADP,NOUN
upos,llama3.2:3b,test-s26,25,as,DET,NOUN
upos,llama3.2:3b,test-s26,26,regiões,NOUN,ADP
upos,llama3.2:3b,test-s26,27,de,ADP,NOUN
upos,llama3.2:3b,test-s26,28,o,DET,AUX
upos,llama3.2:3b,test-s26,29,Estado,PROPN,NOUN
upos,llama3.2:3b,test-s26,32,I,PROPN,INTJ
upos,llama3.2:3b,test-s26,33,Conferência,PROPN,NOUN
upos,llama3.2:3b,test-s26,34,Estadual,PROPN,ADJ
upos,llama3.2:3b,test-s26,36,Desenvolvimento,PROPN,VERB
upos,llama3.2:3b,test-s26,37,Regional,PROPN,AUX
upos,llama3.2:3b,test-s26,38,de,ADP,NOUN
upos,llama3.2:3b,test-s26,39,Mato,PROPN,ADJ
upos,llama3.2:3b,test-s26,40,Grosso,PROPN,ADJ
upos,llama3.2:3b,test-s26,43,Sul,PROPN,ADP
upos,llama3.2:3b,test-s26,44,vai,AUX,PRON
upos,llama3.2:3b,test-s26,48,a,DET,PRON
upos,llama3.2:3b,test-s26,49,sociedade,NOUN,PROPN
upos,llama3.2:3b,test-s26,51,",",PUNCT,NOUN
upos,llama3.2:3b,test-s26,52,poder,NOUN,AUX
upos,llama3.2:3b,test-s26,53,público,ADJ,NOUN
upos,llama3.2:3b,test-s26,54,",",PUNCT,NOUN
upos,llama3.2:3b,test-s26,56,empresarial,ADJ,VERB
upos,llama3.2:3b,test-s26,57,e,CCONJ,PART
upos,llama3.2:3b,test-s26,59,de,ADP,PROPN
upos,llama3.2:3b,test-s26,60,ensino,NOUN,AUX
upos,llama3.2:3b,test-s26,64,e,CCONJ,NOUN
upos,llama3.2:3b,test-s26,66,.,PUNCT,VERB
upos,llama3.2:3b,test-s27,0,Jon,PROPN,PRON
upos,llama3.2:3b,test-s27,1,Bon,PROPN,ADP
upos,llama3.2:3b,test-s27,3,",",PUNCT,CCONJ
upos,llama3.2:3b,test-s27,4,em,ADP,DET
upos,llama3.2:3b,test-s27,5,o,DET,NOUN
upos,llama3.2:3b,test-s27,9,Days,PROPN,VERB
upos,llama3.2:3b,test-s27,10,to,ADP,CCONJ
upos,llama3.2:3b,test-s27,12,Concert,PROPN,NOUN
upos,llama3.2:3b,test-s27,14,.,PUNCT,ADP
upos,llama3.2:3b,test-s28,0,Alex,PROPN,NOUN
upos,llama3.2:3b,test-s28,1,Gaspar,PROPN,NOUN
upos,llama3.2:3b,test-s28,2,Rodrigues,PROPN,NOUN
upos,llama3.2:3b,test-s28,3,",",PUNCT,NOUN
upos,llama3.2:3b,test-s28,5,Cleidilene,PROPN,NOUN
upos,llama3.2:3b,test-s28,6,F.,PROPN,NOUN
upos,llama3.2:3b,test-s28,7,de,ADP,NOUN
upos,llama3.2:3b,test-s28,8,Lacerda,PROPN,NOUN
upos,llama3.2:3b,test-s28,9,e,CCONJ,NOUN
upos,llama3.2:3b,test-s28,10,Sra,NOUN,PROPN
upos,llama3.2:3b,test-s29,1,Eventualmente,ADV,ADJ
upos,llama3.2:3b,test-s29,2,",",PUNCT,CCONJ
upos,llama3.2:3b,test-s29,3,em,ADP,DET
upos,llama3.2:3b,test-s29,4,o,DET,NOUN
upos,llama3.2:3b,test-s29,7,depois,ADV,NOUN
upos,llama3.2:3b,test-s29,8,de,ADP,VERB
upos,llama3.2:3b,test-s29,9,esgotada,VERB,AUX
upos,llama3.2:3b,test-s29,10,a,DET,NUM
upos,llama3.2:3b,test-s29,14,poderá,AUX,VERB
upos,llama3.2:3b,test-s29,15,ser,VERB,NOUN
upos,llama3.2:3b,test-s29,16,possível,ADJ,VERB
upos,llama3.2:3b,test-s29,17,adotar,VERB,ADJ
upos,llama3.2:3b,test-s29,18,um,DET,PRON
upos,llama3.2:3b,test-s29,19,outro,DET,NOUN
upos,llama3.2:3b,test-s29,20,número,NOUN,NUM
upos,llama3.2:3b,test-s29,23,",",PUNCT,NOUN
upos,llama3.2:3b,test-s29,25,o,DET,NOUN
upos,llama3.2:3b,test-s29,27,de,ADP,DET
upos,llama3.2:3b,test-s29,28,a,DET,PRON
upos,llama3.2:3b,test-s30,0,Segundo,ADP,ADJ
upos,llama3.2:3b,test-s30,2,Câmara,PROPN,NOUN
upos,llama3.2:3b,test-s30,4,Dirigentes,PROPN,CCONJ
upos,llama3.2:3b,test-s30,5,Lojistas,PROPN,NOUN
upos,llama3.2:3b,test-s30,6,(,PUNCT,INTJ
upos,llama3.2:3b,test-s30,7,CDL,PROPN,NUM
upos,llama3.2:3b,test-s30,8,),PUNCT,SYM
upos,llama3.2:3b,test-s30,10,dezembro,PROPN,ADJ
upos,llama3.2:3b,test-s30,14,em,ADP,ADV
upos,llama3.2:3b,test-s30,15,o,DET,ADP
upos,llama3.2:3b,test-s30,17,com,ADP,NOUN
upos,llama3.2:3b,test-s30,18,maior,ADJ,NOUN
upos,llama3.2:3b,test-s30,19,volume,NOUN,VERB
upos,llama3.2:3b,test-s30,20,de,ADP,NOUN
upos,llama3.2:3b,test-s30,23,este,DET,ADP
upos,llama3.2:3b,test-s30,24,ano,NOUN,DET
upos,llama3.2:3b,test-s30,25,a,DET,NOUN
upos,llama3.2:3b,test-s30,26,expectativa,NOUN,SCONJ
upos,llama3.2:3b,test-s30,27,é,AUX,VERB
upos,llama3.2:3b,test-s30,28,crescer,VERB,ADV
upos,llama3.2:3b,test-s30,29,em,ADP,PRON
upos,llama3.2:3b,test-s30,31,%,SYM,PUNCT
upos,llama3.2:3b,test-s30,32,em,ADP,DET
upos,llama3.2:3b,test-s30,33,as,DET,ADP
upos,llama3.2:3b,test-s30,35,.,PUNCT,VERB
upos,llama3.2:3b,test-s31,3,um,DET,ADJ
upos,llama3.2:3b,test-s31,5,desafiador,ADJ,VERB
upos,llama3.2:3b,test-s32,4,muito,ADV,ADJ
upos,llama3.2:3b,test-s32,5,importante,ADJ,ADV
upos,llama3.2:3b,test-s32,6,para,ADP,NOUN
upos,llama3.2:3b,test-s32,8,a,DET,NOUN
upos,llama3.2:3b,test-s32,9,vaga,NOUN,PRON
upos,llama3.2:3b,test-s32,10,de,ADP,NOUN
upos,llama3.2:3b,test-s32,11,a,DET,NOUN
upos,llama3.2:3b,test-s32,13,e,CCONJ,NOUN
upos,llama3.2:3b,test-s32,14,para,ADP,PRON
upos,llama3.2:3b,test-s32,16,mais,DET,ADV
upos,llama3.2:3b,test-s32,18,coisa,NOUN,NUM
upos,llama3.2:3b,test-s32,19,em,ADP,PUNCT
upos,llama3.2:3b,test-s32,20,a,DET,NUM
upos,llama3.2:3b,test-s32,23,",",PUNCT,CCONJ
upos,llama3.2:3b,test-s32,25,o,DET,PRON
upos,llama3.2:3b,test-s32,26,presidente,NOUN,ADJ
upos,llama3.2:3b,test-s32,27,.,PUNCT,NOUN
upos,llama3.2:3b,test-s33,0,Para,ADP,CCONJ
upos,llama3.2:3b,test-s33,3,para,ADP,DET
upos,llama3.2:3b,test-s33,4,as,DET,NOUN
upos,llama3.2:3b,test-s33,7,o,DET,PRON
upos,llama3.2:3b,test-s33,9,de,ADP,VERB
upos,llama3.2:3b,test-s33,10,semana,NOUN,ADJ
upos,llama3.2:3b,test-s33,11,",",PUNCT,NOUN
upos,llama3.2:3b,test-s33,14,oficial,ADJ,CCONJ
upos,llama3.2:3b,test-s33,15,de,ADP,NOUN
upos,llama3.2:3b,test-s33,18,somente,ADV,VERB
upos,llama3.2:3b,test-s33,23,próxima,ADJ,PART
upos,llama3.2:3b,test-s34,1,também,ADV,DET
upos,llama3.2:3b,test-s34,6,queremos,VERB,NOUN
upos,llama3.2:3b,test-s34,8,a,ADP,PRON
upos,llama3.2:3b,test-s34,9,a,DET,AUX
upos,llama3.2:3b,test-s34,10,Liga,PROPN,NOUN
upos,llama3.2:3b,test-s34,11,Europa,PROPN,NOUN
upos,llama3.2:3b,test-s34,12,"""",PUNCT,NOUN
upos,llama3.2:3b,test-s34,13,",",PUNCT,NOUN
upos,llama3.2:3b,test-s34,14,revelou,VERB,NOUN
upos,llama3.2:3b,test-s34,15,sobre,ADP,NOUN
upos,llama3.2:3b,test-s34,16,o,DET,NOUN
upos,llama3.2:3b,test-s34,18,desta,ADP,NOUN
upos,llama3.2:3b,test-s34,19,terça,PROPN,NOUN
upos,llama3.2:3b,test-s35,3,1946,NUM,NOUN
upos,llama3.2:3b,test-s35,5,com,ADP,NOUN
upos,llama3.2:3b,test-s35,6,a,DET,ADJ
upos,llama3.2:3b,test-s35,7,denominação,NOUN,PRON
upos,llama3.2:3b,test-s35,8,de,ADP,PROPN
upos,llama3.2:3b,test-s35,9,Dínamo,PROPN,NOUN
upos,llama3.2:3b,test-s35,11,em,ADP,DET
upos,llama3.2:3b,test-s35,12,1948,NUM,NOUN
upos,llama3.2:3b,test-s35,13,se,PRON,NOUN
upos,llama3.2:3b,test-s35,14,chamou,VERB,NUM
upos,llama3.2:3b,test-s35,15,Neftyanik,PROPN,VERB
upos,llama3.2:3b,test-s35,16,e,CCONJ,PROPN
upos,llama3.2:3b,test-s35,17,em,ADP,NOUN
upos,llama3.2:3b,test-s35,18,1958,NUM,DET
upos,llama3.2:3b,test-s35,20,a,SCONJ,ADP
upos,llama3.2:3b,test-s36,0,Também,ADV,ADJ
upos,llama3.2:3b,test-s36,1,com,ADP,DET
upos,llama3.2:3b,test-s36,6,José,PROPN,PUNCT
upos,llama3.2:3b,test-s36,7,",",PUNCT,DET
upos,llama3.2:3b,test-s36,8,o,DET,NOUN
upos,llama3.2:3b,test-s36,9,volante,NOUN,VERB
upos,llama3.2:3b,test-s36,10,Dudu,PROPN,PRON
upos,llama3.2:3b,test-s36,12,bem,ADV,ADJ
upos,llama3.2:3b,test-s36,13,próximo,ADJ,ADP
upos,llama3.2:3b,test-s36,14,de,ADP,NOUN
upos,llama3.2:3b,test-s36,15,um,DET,NUM
upos,llama3.2:3b,test-s36,16,acerto,NOUN,VERB
upos,llama3.2:3b,test-s36,18,depois,ADV,VERB
upos,llama3.2:3b,test-s36,19,de,ADP,PRON
upos,llama3.2:3b,test-s36,20,defender,VERB,NOUN
upos,llama3.2:3b,test-s36,21,o,DET,NOUN
upos,llama3.2:3b,test-s36,22,Timbaúba,PROPN,NOUN
upos,llama3.2:3b,test-s36,23,",",PUNCT,NOUN
upos,llama3.2:3b,test-s36,24,em,ADP,NOUN
upos,llama3.2:3b,test-s36,25,o,DET,NOUN
upos,llama3.2:3b,test-s36,27,de,ADP,NOUN
upos,llama3.2:3b,test-s36,28,Pernambuco,PROPN,NOUN
upos,llama3.2:3b,test-s36,29,.,PUNCT,NOUN
upos,llama3.2:3b,test-s37,1,Sewell,PROPN,NOUN
upos,llama3.2:3b,test-s37,4,jovem,ADJ,NOUN
upos,llama3.2:3b,test-s37,5,designer,NOUN,ADJ
upos,llama3.2:3b,test-s37,6,que,PRON,CCONJ
upos,llama3.2:3b,test-s37,8,como,ADP,ADV
upos,llama3.2:3b,test-s37,13,Museu,PROPN,NOUN
upos,llama3.2:3b,test-s37,15,o,DET,NOUN
upos,llama3.2:3b,test-s37,16,Design,PROPN,ADJ
upos,llama3.2:3b,test-s38,0,Após,ADP,CCONJ
upos,llama3.2:3b,test-s38,6,contra,ADP,NOUN
upos,llama3.2:3b,test-s38,11,Fabiano,PROPN,NOUN
upos,llama3.2:3b,test-s38,15,arrancou,VERB,NOUN
upos,llama3.2:3b,test-s38,17,tufo,NOUN,NUM
upos,llama3.2:3b,test-s38,18,de,ADP,SCONJ
upos,llama3.2:3b,test-s38,20,e,CCONJ,PUNCT
upos,llama3.2:3b,test-s38,26,a,DET,PRON
upos,llama3.2:3b,test-s38,27,atitude,NOUN,SCONJ
upos,llama3.2:3b,test-s38,28,.,PUNCT,VERB
upos,llama3.2:3b,test-s39,1,também,ADV,DET
upos,llama3.2:3b,test-s39,2,me,PRON,ADP
upos,llama3.2:3b,test-s39,3,movimento,VERB,NOUN
upos,llama3.2:3b,test-s39,5,mas,CCONJ,NOUN
upos,llama3.2:3b,test-s39,6,sou,AUX,VERB
upos,llama3.2:3b,test-s39,8,aquele,DET,PRON
upos,llama3.2:3b,test-s39,9,centroavante,NOUN,PROPN
upos,llama3.2:3b,test-s39,10,de,ADP,CCONJ
upos,llama3.2:3b,test-s40,0,Além,ADV,ADJ
upos,llama3.2:3b,test-s40,1,de,ADP,NOUN
upos,llama3.2:3b,test-s40,4,de,ADP,NOUN
upos,llama3.2:3b,test-s40,5,a,DET,NOUN
upos,llama3.2:3b,test-s40,6,Prefeitura,PROPN,NOUN
upos,llama3.2:3b,test-s40,9,evento,NOUN,VERB
upos,llama3.2:3b,test-s40,10,contará,VERB,AUX
upos,llama3.2:3b,test-s40,11,com,ADP,CCONJ
upos,llama3.2:3b,test-s40,16,serviço,NOUN,VERB
upos,llama3.2:3b,test-s40,17,médico,ADJ,PRON
upos,llama3.2:3b,test-s40,19,600,NUM,NOUN
upos,llama3.2:3b,test-s40,20,monitores,NOUN,ADJ
upos,llama3.2:3b,test-s40,21,e,CCONJ,DET
upos,llama3.2:3b,test-s40,24,em,ADP,NOUN
upos,llama3.2:3b,test-s40,26,apoio,NOUN,PUNCT
upos,llama3.2:3b,test-s40,27,a,ADP,AUX
upos,llama3.2:3b,test-s40,28,os,DET,PRON
upos,llama3.2:3b,test-s40,32,terão,VERB,AUX
upos,llama3.2:3b,test-s40,33,a,ADP,NOUN
upos,llama3.2:3b,test-s40,35,disposição,NOUN,DET
upos,llama3.2:3b,test-s40,36,250,NUM,ADJ
upos,llama3.2:3b,test-s40,37,banheiros,NOUN,NUM
upos,llama3.2:3b,test-s40,38,químicos,ADJ,NOUN
upos,llama3.2:3b,test-s40,40,em,ADP,CCONJ
upos,llama3.2:3b,test-s40,42,largada,NOUN,ADJ
upos,llama3.2:3b,test-s40,45,e,CCONJ,NOUN
upos,llama3.2:3b,test-s40,46,a,ADP,DET
upos,llama3.2:3b,test-s40,47,o,DET,NOUN
upos,llama3.2:3b,test-s40,48,longo,NOUN,VERB
upos,llama3.2:3b,test-s40,49,de,ADP,NUM
upos,llama3.2:3b,test-s40,50,o,DET,PUNCT
upos,llama3.2:3b,test-s40,51,percurso,NOUN,ADJ
upos,llama3.2:3b,test-s41,0,Outros,DET,NOUN
upos,llama3.2:3b,test-s41,1,dois,NUM,NOUN
upos,llama3.2:3b,test-s41,3,-,PUNCT,NOUN
upos,llama3.2:3b,test-s41,5,explodiram,VERB,NOUN
upos,llama3.2:3b,test-s41,6,perto,ADV,NOUN
upos,llama3.2:3b,test-s41,7,de,ADP,NOUN
upos,llama3.2:3b,test-s41,8,um,DET,NOUN
upos,llama3.2:3b,test-s41,10,de,ADP,NOUN
upos,llama3.2:3b,test-s41,11,veneração,NOUN,ADJ
upos,llama3.2:3b,test-s41,12,xiita,ADJ,SYM
upos,llama3.2:3b,test-s41,13,a,ADP,DET
upos,llama3.2:3b,test-s41,14,o,DET,NOUN
upos,llama3.2:3b,test-s41,15,norte,NOUN,PUNCT
upos,llama3.2:3b,test-s41,16,de,ADP,NOUN
upos,llama3.2:3b,test-s41,17,a,DET,NOUN
upos,llama3.2:3b,test-s41,19,de,ADP,NOUN
upos,llama3.2:3b,test-s41,20,Tuz,PROPN,ADJ
upos,llama3.2:3b,test-s41,24,cinco,NUM,NOUN
upos,llama3.2:3b,test-s41,26,e,CCONJ,NOUN
upos,llama3.2:3b,test-s41,27,deixando,VERB,ADV
upos,llama3.2:3b,test-s41,29,feridos,NOUN,VERB
upos,llama3.2:3b,test-s42,0,Em,ADP,CCONJ
upos,llama3.2:3b,test-s42,3,seguinte,ADJ,ADV
upos,llama3.2:3b,test-s42,4,a,ADP,PRON
upos,llama3.2:3b,test-s42,5,a,DET,PRON
upos,llama3.2:3b,test-s42,8,o,DET,PROPN
upos,llama3.2:3b,test-s42,9,Mestre,PROPN,VERB
upos,llama3.2:3b,test-s42,11,foi,AUX,VERB
upos,llama3.2:3b,test-s42,12,posto,VERB,ADP
upos,llama3.2:3b,test-s42,13,em,ADP,PRON
upos,llama3.2:3b,test-s43,0,A,DET,NOUN
upos,llama3.2:3b,test-s43,2,fundamental,ADJ,NOUN
upos,llama3.2:3b,test-s43,3,é,AUX,NOUN
upos,llama3.2:3b,test-s43,4,definida,VERB,NOUN
upos,llama3.2:3b,test-s43,5,por,ADP,NOUN
upos,llama3.2:3b,test-s43,6,o,DET,NOUN
upos,llama3.2:3b,test-s43,8,de,ADP,NOUN
upos,llama3.2:3b,test-s43,12,que,PRON,DET
upos,llama3.2:3b,test-s43,15,de,ADP,NOUN
upos,llama3.2:3b,test-s43,17,nota,NOUN,NUM
upos,llama3.2:3b,test-s43,18,musical,ADJ,VERB
upos,llama3.2:3b,test-s43,23,de,ADP,CCONJ
upos,llama3.2:3b,test-s43,24,A,PROPN,DET
upos,llama3.2:3b,test-s43,25,a,ADP,NOUN
upos,llama3.2:3b,test-s43,28,com,ADP,VERB
upos,llama3.2:3b,test-s43,29,sustenidos,NOUN,PART
upos,llama3.2:3b,test-s43,31,bemóis,NOUN,ADP
upos,llama3.2:3b,test-s43,32,quando,ADP,ADV
upos,llama3.2:3b,test-s44,0,Anos,NOUN,ADJ
upos,llama3.2:3b,test-s44,3,quando,CCONJ,ADV
upos,llama3.2:3b,test-s44,7,como,ADP,ADV
upos,llama3.2:3b,test-s44,8,a,DET,PROPN
upos,llama3.2:3b,test-s44,10,conhecida,VERB,ADJ
upos,llama3.2:3b,test-s44,11,como,ADP,ADV
upos,llama3.2:3b,test-s44,14,Killgrave,PROPN,PRON
upos,llama3.2:3b,test-s44,15,",",PUNCT,CCONJ
upos,llama3.2:3b,test-s44,16,por,ADP,NOUN
upos,llama3.2:3b,test-s44,17,meio,NOUN,PART
upos,llama3.2:3b,test-s44,18,de,ADP,VERB
upos,llama3.2:3b,test-s44,19,seus,DET,VERB
upos,llama3.2:3b,test-s44,20,feromônios,NOUN,ADJ
upos,llama3.2:3b,test-s44,21,que,PRON,DET
upos,llama3.2:3b,test-s44,24,o,DET,NOUN
upos,llama3.2:3b,test-s44,26,mental,ADJ,NOUN
upos,llama3.2:3b,test-s44,28,o,DET,VERB
upos,llama3.2:3b,test-s44,31,rapta,VERB,ADJ
upos,llama3.2:3b,test-s44,33,e,CCONJ,NOUN
upos,llama3.2:3b,test-s44,34,a,PRON,DET
upos,llama3.2:3b,test-s44,35,obriga,VERB,NOUN
upos,llama3.2:3b,test-s44,36,a,ADP,VERB
upos,llama3.2:3b,test-s44,37,presenciar,VERB,NOUN
upos,llama3.2:3b,test-s44,39,em,ADP,NOUN
upos,llama3.2:3b,test-s44,40,sua,DET,PRON
upos,llama3.2:3b,test-s44,44,comando,NOUN,CCONJ
upos,llama3.2:3b,test-s44,45,de,ADP,NOUN
upos,llama3.2:3b,test-s45,5,e,CCONJ,NOUN
upos,llama3.2:3b,test-s45,7,a,SCONJ,ADP
upos,llama3.2:3b,test-s45,9,em,ADP,VERB
upos,llama3.2:3b,test-s45,10,função,NOUN,ADJ
upos,llama3.2:3b,test-s46,0,Este,DET,ADJ
upos,llama3.2:3b,test-s46,5,únicas,ADJ,NOUN
upos,llama3.2:3b,test-s46,6,funções,NOUN,SYM
upos,llama3.2:3b,test-s46,7,que,PRON,VERB
upos,llama3.2:3b,test-s46,8,podem,AUX,PRON
upos,llama3.2:3b,test-s46,9,ter,VERB,NOUN
upos,llama3.2:3b,test-s46,10,argumentos,NOUN,ADJ
upos,llama3.2:3b,test-s46,11,dimensionais,ADJ,NOUN
upos,llama3.2:3b,test-s46,14,de,ADP,DET
upos,llama3.2:3b,test-s46,16,de,ADP,VERB
upos,llama3.2:3b,test-s46,17,as,DET,NOUN
upos,llama3.2:3b,test-s46,19,de,ADP,NUM
upos,llama3.2:3b,test-s46,21,de,ADP,NOUN
upos,llama3.2:3b,test-s46,22,um,DET,NOUN
upos,llama3.2:3b,test-s46,23,determinado,DET,NOUN
upos,llama3.2:3b,test-s46,25,de,ADP,NOUN
upos,llama3.2:3b,test-s46,27,:,PUNCT,NOUN
upos,llama3.2:3b,test-s47,0,Segundo,ADP,ADJ
upos,llama3.2:3b,test-s47,5,Galaxy,PROPN,NOUN
upos,llama3.2:3b,test-s47,6,S,PROPN,PART
upos,llama3.2:3b,test-s47,8,4G,NUM,VERB
upos,llama3.2:3b,test-s47,10,preço,NOUN,ADJ
upos,llama3.2:3b,test-s47,13,R,NOUN,SYM
upos,llama3.2:3b,test-s47,14,$,SYM,CCONJ
upos,llama3.2:3b,test-s47,15,"2.399,00",NUM,NOUN
upos,llama3.2:3b,test-s47,16,.,PUNCT,NUM
upos,llama3.2:3b,test-s48,0,A,DET,CCONJ
upos,llama3.2:3b,test-s48,4,de,ADP,CCONJ
upos,llama3.2:3b,test-s48,5,a,DET,PRON
upos,llama3.2:3b,test-s48,9,Gish,PROPN,VERB
upos,llama3.2:3b,test-s48,12,Grant,PROPN,NOUN
upos,llama3.2:3b,test-s48,15,Fonda,PROPN,NOUN
upos,llama3.2:3b,test-s48,18,Melcher,PROPN,AUX
upos,llama3.2:3b,test-s48,21,Bergen,PROPN,NOUN
upos,llama3.2:3b,test-s49,0,Em,ADP,CCONJ
upos,llama3.2:3b,test-s49,2,primeira,NOUN,ADJ
upos,llama3.2:3b,test-s49,6,um,DET,NOUN
upos,llama3.2:3b,test-s49,8,dentro,ADV,NUM
upos,llama3.2:3b,test-s49,9,de,ADP,PRON
upos,llama3.2:3b,test-s49,11,área,NOUN,ADJ
upos,llama3.2:3b,test-s49,12,e,CCONJ,NOUN
upos,llama3.2:3b,test-s49,14,a,DET,NOUN
upos,llama3.2:3b,test-s49,15,bola,NOUN,PRON
upos,llama3.2:3b,test-s49,16,livre,ADJ,PUNCT
upos,llama3.2:3b,test-s49,17,para,ADP,ADV
upos,llama3.2:3b,test-s49,19,Touré,PROPN,PART
upos,llama3.2:3b,test-s50,0,Assim,ADV,CCONJ
upos,llama3.2:3b,test-s50,1,como,CCONJ,ADV
upos,llama3.2:3b,test-s50,8,a,DET,PRON
upos,llama3.2:3b,test-s50,9,Palavra,PROPN,NOUN
upos,llama3.2:3b,test-s50,10,até,ADP,CCONJ
upos,llama3.2:3b,test-s50,14,que,CCONJ,NOUN
upos,llama3.2:3b,test-s50,15,nós,NOUN,PRON
upos,llama3.2:3b,test-s50,17,tal,DET,ADJ
upos,llama3.2:3b,test-s50,19,a,ADP,PART
upos,llama3.2:3b,test-s50,20,o,DET,PUNCT
upos,llama3.2:3b,test-s50,22,os,DET,ADP
upos,llama3.2:3b,test-s50,24,e,CCONJ,NOUN
upos,llama3.2:3b,test-s50,25,partidos,VERB,NOUN
upos,llama3.2:3b,test-s50,26,em,ADP,ADV
upos,llama3.2:3b,test-s50,27,suas,DET,NOUN
upos,llama3.2:3b,test-s50,28,ações,NOUN,AUX
upos,llama3.2:3b,test-s50,29,"""",PUNCT,PRON
upos,llama3.2:3b,test-s51,0,Em,ADP,NOUN
upos,llama3.2:3b,test-s51,1,julho,PROPN,NOUN
upos,llama3.2:3b,test-s51,2,Jennifer,PROPN,NOUN
upos,llama3.2:3b,test-s51,3,Lopez,PROPN,NOUN
upos,llama3.2:3b,test-s51,4,iniciará,VERB,NOUN
upos,llama3.2:3b,test-s51,5,uma,DET,NOUN
upos,llama3.2:3b,test-s51,7,por,ADP,NOUN
upos,llama3.2:3b,test-s51,8,o,DET,NOUN
upos,llama3.2:3b,test-s51,9,Canadá,PROPN,NOUN
upos,llama3.2:3b,test-s51,10,e,CCONJ,NUM
upos,llama3.2:3b,test-s51,13,Enrique,PROPN,NOUN
upos,llama3.2:3b,test-s51,14,Iglesias,PROPN,PRON
upos,llama3.2:3b,test-s52,1,e,CCONJ,NOUN
upos,llama3.2:3b,test-s52,2,André,PROPN,PRON
upos,llama3.2:3b,test-s52,3,Leonel,PROPN,NOUN
upos,llama3.2:3b,test-s53,4,se,PRON,NOUN
upos,llama3.2:3b,test-s53,5,sente,VERB,PRON
upos,llama3.2:3b,test-s53,6,mais,ADV,VERB
upos,llama3.2:3b,test-s53,7,confortável,ADJ,ADV
upos,llama3.2:3b,test-s53,9,",",PUNCT,PART
upos,llama3.2:3b,test-s53,10,emenda,VERB,ADJ
upos,llama3.2:3b,test-s54,1,olímpicas,ADJ,NOUN
upos,llama3.2:3b,test-s54,2,em,ADP,NOUN
upos,llama3.2:3b,test-s54,3,Pequim,PROPN,NOUN
upos,llama3.2:3b,test-s54,4,-,PUNCT,NOUN
upos,llama3.2:3b,test-s54,5,2008,NUM,NOUN
upos,llama3.2:3b,test-s54,6,com,ADP,NOUN
upos,llama3.2:3b,test-s54,7,uma,DET,NOUN
upos,llama3.2:3b,test-s54,9,invicta,ADJ,NOUN
upos,llama3.2:3b,test-s54,11,inclusive,ADV,ADJ
upos,llama3.2:3b,test-s54,12,com,ADP,DET
upos,llama3.2:3b,test-s54,14,por,ADP,NOUN
upos,llama3.2:3b,test-s54,16,a,ADP,PART
upos,llama3.2:3b,test-s54,17,0,NUM,DET
upos,llama3.2:3b,test-s54,18,sobre,ADP,VERB
upos,llama3.2:3b,test-s54,19,as,DET,PRON
upos,llama3.2:3b,test-s54,20,russas,NOUN,ADJ
upos,llama3.2:3b,test-s54,24,de,ADP,NOUN
upos,llama3.2:3b,test-s54,26,--,PUNCT,SYM
upos,llama3.2:3b,test-s54,29,time,NOUN,VERB
upos,llama3.2:3b,test-s54,30,dirigido,VERB,ADJ
upos,llama3.2:3b,test-s54,33,Roberto,PROPN,NOUN
upos,llama3.2:3b,test-s54,34,Guimarães,PROPN,PRON
upos,llama3.2:3b,test-s54,37,ir,VERB,ADV
upos,llama3.2:3b,test-s54,38,a,ADP,VERB
upos,llama3.2:3b,test-s54,39,a,DET,NOUN
upos,llama3.2:3b,test-s54,40,fase,NOUN,ADJ
upos,llama3.2:3b,test-s54,41,eliminatória,ADJ,ADP
upos,llama3.2:3b,test-s54,42,em,ADP,ADV
upos,llama3.2:3b,test-s55,0,Segundo,ADP,ADJ
upos,llama3.2:3b,test-s55,3,porém,CCONJ,NOUN
upos,llama3.2:3b,test-s55,5,não,ADV,NOUN
upos,llama3.2:3b,test-s55,6,é,AUX,VERB
upos,llama3.2:3b,test-s55,8,simples,ADJ,ADV
upos,llama3.2:3b,test-s55,13,que,PRON,CCONJ
upos,llama3.2:3b,test-s55,16,vai,AUX,VERB
upos,llama3.2:3b,test-s56,0,E,CCONJ,NOUN
upos,llama3.2:3b,test-s56,1,como,ADP,DET
upos,llama3.2:3b,test-s56,2,os,DET,NOUN
upos,llama3.2:3b,test-s56,3,adversários,NOUN,PUNCT
upos,llama3.2:3b,test-s56,4,",",PUNCT,PRON
upos,llama3.2:3b,test-s56,5,eles,PRON,NOUN
upos,llama3.2:3b,test-s56,8,bastante,ADV,ADJ
upos,llama3.2:3b,test-s56,9,otimistas,ADJ,VERB
upos,llama3.2:3b,test-s56,10,para,ADP,CCONJ
upos,llama3.2:3b,test-s56,13,deste,ADP,DET
upos,llama3.2:3b,test-s56,14,domingo,PROPN,NOUN
upos,llama3.2:3b,test-s56,16,em,ADP,PRON
upos,llama3.2:3b,test-s56,17,o,DET,ADP
upos,llama3.2:3b,test-s56,19,de,ADP,VERB
upos,llama3.2:3b,test-s56,20,o,DET,PUNCT
upos,llama3.2:3b,test-s57,3,entre,ADP,ADV
upos,llama3.2:3b,test-s57,6,jordaniana,ADJ,INTJ
upos,llama3.2:3b,test-s57,7,e,CCONJ,NOUN
upos,llama3.2:3b,test-s57,10,de,ADP,CCONJ
upos,llama3.2:3b,test-s57,13,norte,NOUN,ADP
upos,llama3.2:3b,test-s57,14,),PUNCT,NOUN
upos,llama3.2:3b,test-s57,16,fechadas,ADJ,PRON
upos,llama3.2:3b,test-s57,17,",",PUNCT,NOUN
upos,llama3.2:3b,test-s57,18,pois,CCONJ,PUNCT
upos,llama3.2:3b,test-s57,19,alguns,DET,ADV
upos,llama3.2:3b,test-s57,21,estavam,VERB,NOUN
upos,llama3.2:3b,test-s57,22,submersos,ADJ,NOUN
upos,llama3.2:3b,test-s57,23,em,ADP,NOUN
upos,llama3.2:3b,test-s57,24,até,ADP,NOUN
upos,llama3.2:3b,test-s57,25,um,NUM,NOUN
upos,llama3.2:3b,test-s57,27,e,CCONJ,NOUN
upos,llama3.2:3b,test-s57,29,superaram,VERB,NOUN
upos,llama3.2:3b,test-s57,30,o,DET,PUNCT
upos,llama3.2:3b,test-s57,31,sistema,NOUN,ADP
upos,llama3.2:3b,test-s57,32,de,ADP,DET
upos,llama3.2:3b,test-s57,34,de,ADP,NOUN
upos,llama3.2:3b,test-s57,38,o,DET,AUX
upos,llama3.2:3b,test-s57,39,fechamento,NOUN,VERB
upos,llama3.2:3b,test-s57,40,de,ADP,CCONJ
upos,llama3.2:3b,test-s57,41,a,DET,NOUN
upos,llama3.2:3b,test-s57,43,de,ADP,NOUN
upos,llama3.2:3b,test-s57,44,os,DET,PRON
upos,llama3.2:3b,test-s57,46,e,CCONJ,NOUN
upos,llama3.2:3b,test-s57,48,o,DET,NOUN
upos,llama3.2:3b,test-s57,49,caos,NOUN,SCONJ
upos,llama3.2:3b,test-s57,50,em,ADP,CCONJ
upos,llama3.2:3b,test-s57,53,.,PUNCT,NOUN
upos,llama3.2:3b,test-s58,3,Esmeralda,PROPN,NOUN
upos,llama3.2:3b,test-s58,4,é,AUX,VERB
upos,llama3.2:3b,test-s58,5,avó,NOUN,PRON
upos,llama3.2:3b,test-s58,7,várias,DET,NUM
upos,llama3.2:3b,test-s58,9,e,CCONJ,NOUN
upos,llama3.2:3b,test-s58,10,aceitou,VERB,AUX
upos,llama3.2:3b,test-s58,12,para,ADP,ADV
upos,llama3.2:3b,test-s58,13,nós,PRON,DET
upos,llama3.2:3b,test-s58,15,",",PUNCT,NOUN
upos,llama3.2:3b,test-s58,16,explica,VERB,NOUN
upos,llama3.2:3b,test-s58,17,Mikeliton,PROPN,PUNCT
upos,llama3.2:3b,test-s58,18,",",PUNCT,PROPN
upos,llama3.2:3b,test-s58,19,que,PRON,SCONJ
upos,llama3.2:3b,test-s58,20,também,ADV,ADJ
upos,llama3.2:3b,test-s58,24,familiar,ADJ,ADP
upos,llama3.2:3b,test-s58,25,de,ADP,NOUN
upos,llama3.2:3b,test-s58,27,Sebastião,PROPN,VERB
upos,llama3.2:3b,test-s58,29,"""",PUNCT,SYM
upos,llama3.2:3b,test-s58,30,onde,ADV,NOUN
upos,llama3.2:3b,test-s58,31,é,AUX,PRON
upos,llama3.2:3b,test-s58,33,uma,DET,NOUN
upos,llama3.2:3b,test-s58,34,só,ADJ,ADV
upos,llama3.2:3b,test-s59,0,A,DET,CCONJ
upos,llama3.2:3b,test-s59,3,de,ADP,DET
upos,llama3.2:3b,test-s59,4,a,DET,PRON
upos,llama3.2:3b,test-s59,5,Educação,PROPN,NOUN
upos,llama3.2:3b,test-s59,8,Campos,PROPN,VERB
upos,llama3.2:3b,test-s59,10,explicou,VERB,AUX
upos,llama3.2:3b,test-s59,11,que,CCONJ,DET
upos,llama3.2:3b,test-s59,12,as,DET,NOUN
upos,llama3.2:3b,test-s59,13,salas,NOUN,ADP
upos,llama3.2:3b,test-s59,15,são,AUX,VERB
upos,llama3.2:3b,test-s59,16,espaços,NOUN,PRON
upos,llama3.2:3b,test-s59,17,onde,ADV,NOUN
upos,llama3.2:3b,test-s59,18,se,PRON,ADP
upos,llama3.2:3b,test-s59,19,faz,VERB,ADJ
upos,llama3.2:3b,test-s59,20,de,ADP,CCONJ
upos,llama3.2:3b,test-s59,23,inclusão,NOUN,ADP
upos,llama3.2:3b,test-s59,24,e,CCONJ,NOUN
upos,llama3.2:3b,test-s59,25,é,AUX,VERB
upos,llama3.2:3b,test-s59,26,considerada,VERB,SCONJ
upos,llama3.2:3b,test-s59,27,como,ADP,PRON
upos,llama3.2:3b,test-s59,28,uma,DET,PROPN
upos,llama3.2:3b,test-s59,29,vitória,NOUN,ADV
upos,llama3.2:3b,test-s59,30,para,ADP,CCONJ
upos,llama3.2:3b,test-s59,33,e,CCONJ,NOUN
upos,llama3.2:3b,test-s59,34,para,ADP,DET
upos,llama3.2:3b,test-s59,35,o,DET,NOUN
upos,llama3.2:3b,test-s59,36,ensino,NOUN,VERB
upos,llama3.2:3b,test-s59,37,público,ADJ,ADP
upos,llama3.2:3b,test-s60,3,vagas,NOUN,ADP
upos,llama3.2:3b,test-s60,4,para,ADP,NOUN
upos,llama3.2:3b,test-s60,5,diversas,DET,NOUN
upos,llama3.2:3b,test-s60,6,áreas,NOUN,ADV
upos,llama3.2:3b,test-s60,7,",",PUNCT,NOUN
upos,llama3.2:3b,test-s60,8,como,ADP,CCONJ
upos,llama3.2:3b,test-s60,9,analista,NOUN,PUNCT
upos,llama3.2:3b,test-s60,10,de,ADP,CCONJ
upos,llama3.2:3b,test-s60,12,de,ADP,CCONJ
upos,llama3.2:3b,test-s60,14,em,ADP,NOUN
upos,llama3.2:3b,test-s60,16,áreas,NOUN,ADP
upos,llama3.2:3b,test-s60,17,de,ADP,NOUN
upos,llama3.2:3b,test-s60,20,engenharia,NOUN,ADJ
upos,llama3.2:3b,test-s60,21,ambiental,ADJ,NOUN
upos,llama3.2:3b,test-s60,23,engenharia,NOUN,ADJ
upos,llama3.2:3b,test-s60,24,civil,ADJ,NOUN
upos,llama3.2:3b,test-s60,26,engenharia,NOUN,ADJ
upos,llama3.2:3b,test-s60,30,engenharia,NOUN,ADJ
upos,llama3.2:3b,test-s60,33,em,ADP,DET
upos,llama3.2:3b,test-s60,34,o,DET,PUNCT
upos,llama3.2:3b,test-s60,36,",",PUNCT,SCONJ
upos,llama3.2:3b,test-s60,37,engenharia,NOUN,PROPN
upos,llama3.2:3b,test-s60,38,elétrica,ADJ,PUNCT
upos,llama3.2:3b,test-s60,39,",",PUNCT,NOUN
upos,llama3.2:3b,test-s60,40,engenharia,NOUN,ADJ
upos,llama3.2:3b,test-s60,41,mecânica,ADJ,NOUN
upos,llama3.2:3b,test-s60,43,engenharia,NOUN,ADJ
upos,llama3.2:3b,test-s60,44,química,ADJ,NOUN
upos,llama3.2:3b,test-s60,46,engenharia,NOUN,ADJ
upos,llama3.2:3b,test-s60,47,sanitária,ADJ,AUX
upos,llama3.2:3b,test-s60,48,e,CCONJ,NOUN
upos,llama3.2:3b,test-s61,0,A,DET,ADP
upos,llama3.2:3b,test-s61,3,publicada,VERB,ADJ
upos,llama3.2:3b,test-s61,4,em,ADP,NOUN
upos,llama3.2:3b,test-s61,6,edição,NOUN,PROPN
upos,llama3.2:3b,test-s61,8,hoje,ADV,NUM
upos,llama3.2:3b,test-s61,12,de,ADP,DET
upos,llama3.2:3b,test-s61,13,o,DET,ADP
upos,llama3.2:3b,test-s61,15,Oficial,PROPN,NOUN
upos,llama3.2:3b,test-s61,16,de,ADP,NOUN
upos,llama3.2:3b,test-s61,17,a,DET,PROPN
upos,llama3.2:3b,test-s61,18,União,PROPN,AUX
upos,llama3.2:3b,test-s61,19,",",PUNCT,VERB
upos,llama3.2:3b,test-s61,24,1,NUM,NOUN
upos,llama3.2:3b,test-s61,26,2,NUM,VERB
upos,llama3.2:3b,test-s61,27,.,PUNCT,VERB
upos,llama3.2:3b,test-s62,0,A,DET,NOUN
upos,llama3.2:3b,test-s62,2,aprovada,VERB,NOUN
upos,llama3.2:3b,test-s62,3,ontem,ADV,NOUN
upos,llama3.2:3b,test-s62,4,prevê,VERB,NOUN
upos,llama3.2:3b,test-s62,6,para,ADP,NOUN
upos,llama3.2:3b,test-s62,7,que,CCONJ,NOUN
upos,llama3.2:3b,test-s62,8,o,DET,NOUN
upos,llama3.2:3b,test-s62,14,valores,NOUN,NUM
upos,llama3.2:3b,test-s62,16,a,ADP,NOUN
upos,llama3.2:3b,test-s62,18,limite,NOUN,PRON
upos,llama3.2:3b,test-s62,19,de,ADP,NOUN
upos,llama3.2:3b,test-s62,20,o,DET,PUNCT
upos,llama3.2:3b,test-s62,21,teto,NOUN,ADP
upos,llama3.2:3b,test-s62,23,",",PUNCT,CCONJ
upos,llama3.2:3b,test-s62,25,hoje,ADV,NOUN
upos,llama3.2:3b,test-s62,28,R,NOUN,NUM
upos,llama3.2:3b,test-s62,31,mil,NUM,ADJ
upos,llama3.2:3b,test-s63,1,tenham,AUX,VERB
upos,llama3.2:3b,test-s63,2,feito,VERB,ADJ
upos,llama3.2:3b,test-s63,3,enorme,ADP,NOUN
upos,llama3.2:3b,test-s63,4,sucesso,NOUN,PUNCT
upos,llama3.2:3b,test-s63,5,",",PUNCT,DET
upos,llama3.2:3b,test-s63,6,os,DET,NOUN
upos,llama3.2:3b,test-s63,7,dois,NUM,AUX
upos,llama3.2:3b,test-s63,8,livros,NOUN,PRON
upos,llama3.2:3b,test-s63,9,foram,AUX,NOUN
upos,llama3.2:3b,test-s63,10,bastante,ADV,ADJ
upos,llama3.2:3b,test-s63,11,criticados,VERB,NOUN
upos,llama3.2:3b,test-s63,16,Nat,PROPN,VERB
upos,llama3.2:3b,test-s63,17,Turner,PROPN,AUX
upos,llama3.2:3b,test-s63,18,por,ADP,PRON
upos,llama3.2:3b,test-s63,19,supostamente,ADV,SCONJ
upos,llama3.2:3b,test-s63,26,os,DET,PRON
upos,llama3.2:3b,test-s63,27,negros,NOUN,VERB
upos,llama3.2:3b,test-s63,28,em,ADP,NOUN
upos,llama3.2:3b,test-s63,29,os,DET,VERB
upos,llama3.2:3b,test-s63,30,EUA,PROPN,NUM
upos,llama3.2:3b,test-s63,31,",",PUNCT,NOUN
upos,llama3.2:3b,test-s63,32,e,CCONJ,DET
upos,llama3.2:3b,test-s63,33,A,DET,NOUN
upos,llama3.2:3b,test-s63,34,Escolha,PROPN,ADJ
upos,llama3.2:3b,test-s63,35,de,ADP,CCONJ
upos,llama3.2:3b,test-s63,37,por,ADP,VERB
upos,llama3.2:3b,test-s63,38,sua,DET,PRON
upos,llama3.2:3b,test-s63,39,abordagm,NOUN,PART
upos,llama3.2:3b,test-s63,40,de,ADP,CCONJ
upos,llama3.2:3b,test-s63,43,de,ADP,CCONJ
upos,llama3.2:3b,test-s63,44,os,DET,NOUN
upos,llama3.2:3b,test-s63,45,judeus,NOUN,ADP
upos,llama3.2:3b,test-s63,46,durante,ADP,ADV
upos,llama3.2:3b,test-s63,48,Holocausto,PROPN,NOUN
upos,llama3.2:3b,test-s63,49,.,PUNCT,NOUN
upos,llama3.2:3b,test-s64,0,Nesta,ADP,ADJ
upos,llama3.2:3b,test-s64,3,foram,AUX,VERB
upos,llama3.2:3b,test-s64,4,arrecadadas,VERB,NOUN
upos,llama3.2:3b,test-s64,9,;,PUNCT,VERB
upos,llama3.2:3b,test-s65,0,A,DET,CCONJ
upos,llama3.2:3b,test-s65,1,ex,ADJ,ADP
upos,llama3.2:3b,test-s65,2,-,PUNCT,NOUN
upos,llama3.2:3b,test-s65,4,de,ADP,DET
upos,llama3.2:3b,test-s65,5,o,DET,PRON
upos,llama3.2:3b,test-s65,6,cargo,NOUN,VERB
upos,llama3.2:3b,test-s65,9,Campos,PROPN,NOUN
upos,llama3.2:3b,test-s65,13,devido,ADV,ADJ
upos,llama3.2:3b,test-s65,14,a,ADP,DET
upos,llama3.2:3b,test-s65,15,as,DET,NOUN
upos,llama3.2:3b,test-s65,16,eleições,NOUN,PUNCT
upos,llama3.2:3b,test-s65,17,--,PUNCT,VERB
upos,llama3.2:3b,test-s65,18,afirmou,VERB,PRON
upos,llama3.2:3b,test-s65,19,que,SCONJ,NOUN
upos,llama3.2:3b,test-s65,20,o,DET,NOUN
upos,llama3.2:3b,test-s65,22,"""",PUNCT,NOUN
upos,llama3.2:3b,test-s65,23,é,AUX,NOUN
upos,llama3.2:3b,test-s65,24,dar,VERB,NOUN
upos,llama3.2:3b,test-s65,26,a,ADP,NOUN
upos,llama3.2:3b,test-s65,27,o,DET,NOUN
upos,llama3.2:3b,test-s65,29,que,PRON,NOUN
upos,llama3.2:3b,test-s65,30,já,ADV,CCONJ
upos,llama3.2:3b,test-s65,33,desenvolvido,VERB,NOUN
upos,llama3.2:3b,test-s65,36,Administração,NOUN,PUNCT
upos,llama3.2:3b,test-s65,37,"""",PUNCT,SCONJ
upos,llama3.2:3b,test-s65,38,",",PUNCT,PROPN
upos,llama3.2:3b,test-s65,39,sobre,ADP,SYM
upos,llama3.2:3b,test-s65,40,a,DET,ADP
upos,llama3.2:3b,test-s65,43,sua,DET,PRON
upos,llama3.2:3b,test-s66,0,Com,ADP,CCONJ
upos,llama3.2:3b,test-s66,1,a,DET,NOUN
upos,llama3.2:3b,test-s66,3,de,ADP,DET
upos,llama3.2:3b,test-s66,4,o,DET,NOUN
upos,llama3.2:3b,test-s66,5,calor,NOUN,ADJ
upos,llama3.2:3b,test-s66,6,e,CCONJ,NOUN
upos,llama3.2:3b,test-s66,7,o,DET,VERB
upos,llama3.2:3b,test-s66,8,descuido,VERB,PRON
upos,llama3.2:3b,test-s66,9,com,ADP,ADV
upos,llama3.2:3b,test-s66,11,higiene,NOUN,ADJ
upos,llama3.2:3b,test-s66,15,como,ADP,NOUN
upos,llama3.2:3b,test-s66,16,a,DET,ADJ
upos,llama3.2:3b,test-s66,18,e,CCONJ,VERB
upos,llama3.2:3b,test-s66,19,a,DET,NOUN
upos,llama3.2:3b,test-s66,20,parvovirose,NOUN,ADJ
upos,llama3.2:3b,test-s66,21,se,PRON,DET
upos,llama3.2:3b,test-s66,23,ainda,ADV,DET
upos,llama3.2:3b,test-s66,25,frequentes,ADJ,NOUN
upos,llama3.2:3b,test-s67,2,será,AUX,VERB
upos,llama3.2:3b,test-s67,3,feito,VERB,NOUN
upos,llama3.2:3b,test-s67,4,durante,ADP,ADV
upos,llama3.2:3b,test-s67,8,imprensa,NOUN,VERB
upos,llama3.2:3b,test-s67,10,a,ADP,DET
upos,llama3.2:3b,test-s67,11,as,DET,NOUN
upos,llama3.2:3b,test-s67,12,10h,NUM,NOUN
upos,llama3.2:3b,test-s67,13,",",PUNCT,NOUN
upos,llama3.2:3b,test-s67,14,em,ADP,PRON
upos,llama3.2:3b,test-s67,18,a,DET,PROPN
upos,llama3.2:3b,test-s67,19,Covest,PROPN,VERB
upos,llama3.2:3b,test-s67,21,localizada,VERB,ADJ
upos,llama3.2:3b,test-s67,22,em,ADP,ADV
upos,llama3.2:3b,test-s67,26,o,DET,PRON
upos,llama3.2:3b,test-s67,28,",",PUNCT,VERB
upos,llama3.2:3b,test-s67,29,área,NOUN,PUNCT
upos,llama3.2:3b,test-s68,0,Diplomatas,NOUN,PROPN
upos,llama3.2:3b,test-s68,8,de,ADP,AUX
upos,llama3.2:3b,test-s68,9,anonimato,NOUN,VERB
upos,llama3.2:3b,test-s68,16,sobre,ADP,ADV
upos,llama3.2:3b,test-s68,17,o,DET,VERB
upos,llama3.2:3b,test-s68,18,conflito,NOUN,PUNCT
upos,llama3.2:3b,test-s68,19,como,ADP,VERB
upos,llama3.2:3b,test-s68,21,",",PUNCT,NOUN
upos,llama3.2:3b,test-s68,23,que,SCONJ,DET
upos,llama3.2:3b,test-s68,24,",",PUNCT,NOUN
upos,llama3.2:3b,test-s68,25,apesar,ADV,NOUN
upos,llama3.2:3b,test-s68,26,de,ADP,VERB
upos,llama3.2:3b,test-s68,27,as,DET,NOUN
upos,llama3.2:3b,test-s68,29,de,ADP,NUM
upos,llama3.2:3b,test-s68,30,o,DET,PUNCT
upos,llama3.2:3b,test-s68,31,governo,NOUN,PROPN
upos,llama3.2:3b,test-s68,32,de,SCONJ,ADP
upos,llama3.2:3b,test-s68,33,que,SCONJ,DET
upos,llama3.2:3b,test-s68,34,está,AUX,VERB
upos,llama3.2:3b,test-s68,35,comprometido,ADJ,AUX
upos,llama3.2:3b,test-s68,36,com,ADP,VERB
upos,llama3.2:3b,test-s68,37,a,DET,ADP
upos,llama3.2:3b,test-s68,38,reforma,NOUN,PROPN
upos,llama3.2:3b,test-s68,42,retratar,VERB,ADJ
upos,llama3.2:3b,test-s68,45,como,ADP,ADV
upos,llama3.2:3b,test-s68,48,estrangeira,ADJ,SCONJ
upos,llama3.2:3b,test-s68,49,e,CCONJ,PUNCT
upos,llama3.2:3b,test-s68,50,volta,VERB,ADJ
upos,llama3.2:3b,test-s68,51,a,SCONJ,ADP
upos,llama3.2:3b,test-s68,56,costumavam,VERB,PRON
upos,llama3.2:3b,test-s68,57,ser,VERB,PROPN
upos,llama3.2:3b,test-s69,2,foi,AUX,VERB
upos,llama3.2:3b,test-s69,3,declarado,VERB,CCONJ
upos,llama3.2:3b,test-s69,5,a,ADP,PUNCT
upos,llama3.2:3b,test-s69,6,as,DET,PRON
upos,llama3.2:3b,test-s69,7,22h27,NOUN,NUM
upos,llama3.2:3b,test-s69,8,de,ADP,PUNCT
upos,llama3.2:3b,test-s69,9,o,DET,SCONJ
upos,llama3.2:3b,test-s69,10,sábado,PROPN,ADJ
upos,llama3.2:3b,test-s69,13,de,ADP,DET
upos,llama3.2:3b,test-s69,14,Brasília,PROPN,NOUN
upos,llama3.2:3b,test-s69,16,.,PUNCT,VERB
upos,llama3.2:3b,test-s70,0,A,DET,ADP
upos,llama3.2:3b,test-s70,3,em,ADP,ADV
upos,llama3.2:3b,test-s70,5,sábado,PROPN,NOUN
upos,llama3.2:3b,test-s70,6,com,ADP,NOUN
upos,llama3.2:3b,test-s70,7,seus,DET,PRON
upos,llama3.2:3b,test-s70,8,sócios,NOUN,PUNCT
upos,llama3.2:3b,test-s70,9,europeus,ADJ,PART
upos,llama3.2:3b,test-s70,10,um,DET,NOUN
upos,llama3.2:3b,test-s70,12,para,ADP,NOUN
upos,llama3.2:3b,test-s70,13,um,DET,NOUN
upos,llama3.2:3b,test-s70,15,de,ADP,NOUN
upos,llama3.2:3b,test-s70,17,a,ADP,NOUN
upos,llama3.2:3b,test-s70,18,seus,DET,NOUN
upos,llama3.2:3b,test-s70,21,alguns,PRON,ADJ
upos,llama3.2:3b,test-s70,22,de,ADP,DET
upos,llama3.2:3b,test-s70,23,os,DET,ADP
upos,llama3.2:3b,test-s70,24,quais,PRON,NOUN
upos,llama3.2:3b,test-s70,25,atravessam,VERB,PRON
upos,llama3.2:3b,test-s70,26,grandes,ADJ,NOUN
upos,llama3.2:3b,test-s70,29,a,ADP,AUX
upos,llama3.2:3b,test-s70,30,sua,DET,PRON
upos,llama3.2:3b,test-s70,31,exposição,NOUN,ADJ
upos,llama3.2:3b,test-s70,32,a,ADP,DET
upos,llama3.2:3b,test-s70,33,o,DET,PUNCT
upos,llama3.2:3b,test-s70,35,imobiliário,ADJ,ADP
upos,llama3.2:3b,test-s70,36,.,PUNCT,VERB
upos,llama3.2:3b,test-s71,3,Love,PROPN,ADJ
upos,llama3.2:3b,test-s71,8,a,DET,PRON
upos,llama3.2:3b,test-s71,10,por,ADP,NOUN
upos,llama3.2:3b,test-s71,12,sofrida,VERB,NOUN
upos,llama3.2:3b,test-s71,13,em,ADP,NOUN
upos,llama3.2:3b,test-s71,14,Porto,PROPN,NOUN
upos,llama3.2:3b,test-s71,15,Alegre,PROPN,NOUN
upos,llama3.2:3b,test-s71,16,",",PUNCT,NOUN
upos,llama3.2:3b,test-s71,17,depois,ADV,NOUN
upos,llama3.2:3b,test-s71,18,de,ADP,NOUN
upos,llama3.2:3b,test-s71,19,ter,AUX,NOUN
upos,llama3.2:3b,test-s71,20,aproveitado,VERB,ADJ
upos,llama3.2:3b,test-s71,23,feia,ADJ,ADP
upos,llama3.2:3b,test-s71,24,de,ADP,PROPN
upos,llama3.2:3b,test-s71,25,Muriel,PROPN,ADP
upos,llama3.2:3b,test-s71,26,para,ADP,VERB
upos,llama3.2:3b,test-s71,27,abrir,VERB,ADV
upos,llama3.2:3b,test-s71,28,o,DET,ADP
upos,llama3.2:3b,test-s71,29,placar,NOUN,PRON
upos,llama3.2:3b,test-s71,30,para,ADP,CCONJ
upos,llama3.2:3b,test-s71,33,flamenguista,ADJ,PROPN
upos,llama3.2:3b,test-s72,0,Agora,ADV,AUX
upos,llama3.2:3b,test-s72,2,um,DET,ADV
upos,llama3.2:3b,test-s73,0,Assim,ADV,CCONJ
upos,llama3.2:3b,test-s73,1,como,ADP,ADV
upos,llama3.2:3b,test-s73,5,os,DET,NOUN
upos,llama3.2:3b,test-s73,6,outros,DET,ADP
upos,llama3.2:3b,test-s73,7,corintianos,NOUN,PRON
upos,llama3.2:3b,test-s73,8,de,ADP,NOUN
upos,llama3.2:3b,test-s73,9,aquela,DET,VERB
upos,llama3.2:3b,test-s73,10,decisão,NOUN,ADJ
upos,llama3.2:3b,test-s73,12,chance,NOUN,ADV
upos,llama3.2:3b,test-s73,16,profissional,ADJ,PROPN
upos,llama3.2:3b,test-s73,19,a,ADP,VERB
upos,llama3.2:3b,test-s73,21,menos,NOUN,ADP
upos,llama3.2:3b,test-s73,22,um,DET,NUM
upos,llama3.2:3b,test-s73,24,com,ADP,CCONJ
upos,llama3.2:3b,test-s73,25,o,DET,ADP
upos,llama3.2:3b,test-s74,2,e,CCONJ,DET
upos,llama3.2:3b,test-s74,3,interatividade,NOUN,ADP
upos,llama3.2:3b,test-s74,4,em,ADP,NOUN
upos,llama3.2:3b,test-s74,7,TV,PROPN,NOUN
upos,llama3.2:3b,test-s74,8,são,AUX,VERB
upos,llama3.2:3b,test-s74,9,traduzidas,VERB,AUX
upos,llama3.2:3b,test-s74,10,em,ADP,CCONJ
upos,llama3.2:3b,test-s74,13,funcionais,ADJ,ADP
upos,llama3.2:3b,test-s74,14,",",PUNCT,PRON
upos,llama3.2:3b,test-s74,15,com,ADP,NOUN
upos,llama3.2:3b,test-s74,17,prática,ADJ,SYM
upos,llama3.2:3b,test-s74,20,dia,NOUN,ADJ
upos,llama3.2:3b,test-s74,21,a,ADP,DET
upos,llama3.2:3b,test-s74,22,dia,NOUN,ADJ
upos,llama3.2:3b,test-s74,27,",",PUNCT,AUX
upos,llama3.2:3b,test-s74,29,o,DET,PROPN
upos,llama3.2:3b,test-s74,30,diretor,NOUN,PROPN
upos,llama3.2:3b,test-s75,4,de,ADP,NOUN
upos,llama3.2:3b,test-s75,5,o,DET,NOUN
upos,llama3.2:3b,test-s75,6,rebaixamento,NOUN,PUNCT
upos,llama3.2:3b,test-s75,7,",",PUNCT,PRON
upos,llama3.2:3b,test-s75,8,que,SCONJ,NOUN
upos,llama3.2:3b,test-s75,9,o,DET,NOUN
upos,llama3.2:3b,test-s75,11,iria,AUX,VERB
upos,llama3.2:3b,test-s75,13,bicampeão,NOUN,ADJ
upos,llama3.2:3b,test-s76,0,Neste,ADP,ADJ
upos,llama3.2:3b,test-s76,3,apenas,ADV,ADP
upos,llama3.2:3b,test-s76,4,quatro,NUM,ADJ
upos,llama3.2:3b,test-s76,6,de,ADP,PRON
upos,llama3.2:3b,test-s76,7,os,DET,ADP
upos,llama3.2:3b,test-s76,8,cerca,ADV,PART
upos,llama3.2:3b,test-s76,9,de,ADP,NOUN
upos,llama3.2:3b,test-s76,11,inscritos,NOUN,ADJ
upos,llama3.2:3b,test-s76,13,terminar,VERB,NOUN
upos,llama3.2:3b,test-s76,15,prova,NOUN,VERB
upos,llama3.2:3b,test-s77,0,Los,PROPN,PRON
upos,llama3.2:3b,test-s77,1,Angeles,PROPN,NOUN
upos,llama3.2:3b,test-s77,2,--,PUNCT,ADP
upos,llama3.2:3b,test-s77,4,cineasta,NOUN,PROPN
upos,llama3.2:3b,test-s77,5,Mel,PROPN,NOUN
upos,llama3.2:3b,test-s77,6,Stuart,PROPN,VERB
upos,llama3.2:3b,test-s77,10,a,DET,NUM
upos,llama3.2:3b,test-s77,11,versão,NOUN,ADJ
upos,llama3.2:3b,test-s77,12,original,ADJ,NOUN
upos,llama3.2:3b,test-s77,14,"""",PUNCT,NOUN
upos,llama3.2:3b,test-s77,15,A,DET,PRON
upos,llama3.2:3b,test-s77,17,Fábrica,PROPN,VERB
upos,llama3.2:3b,test-s77,18,de,ADP,NOUN
upos,llama3.2:3b,test-s77,19,Chocolate,PROPN,NOUN
upos,llama3.2:3b,test-s77,20,"""",PUNCT,NOUN
upos,llama3.2:3b,test-s77,21,(,PUNCT,NOUN
upos,llama3.2:3b,test-s77,22,1971,NUM,NOUN
upos,llama3.2:3b,test-s77,23,),PUNCT,NOUN
upos,llama3.2:3b,test-s77,24,e,CCONJ,NOUN
upos,llama3.2:3b,test-s77,25,dezenas,DET,NOUN
upos,llama3.2:3b,test-s77,26,de,ADP,NOUN
upos,llama3.2:3b,test-s77,28,morreu,VERB,NOUN
upos,llama3.2:3b,test-s77,29,em,ADP,NOUN
upos,llama3.2:3b,test-s77,30,a,DET,NUM
upos,llama3.2:3b,test-s77,31,quinta,NOUN,ADJ
upos,llama3.2:3b,test-s77,32,-,PUNCT,ADP
upos,llama3.2:3b,test-s77,34,a,ADP,PRON
upos,llama3.2:3b,test-s77,35,a,DET,PRON
upos,llama3.2:3b,test-s77,36,noite,NOUN,VERB
upos,llama3.2:3b,test-s77,38,a,ADP,PROPN
upos,llama3.2:3b,test-s77,39,os,DET,PRON
upos,llama3.2:3b,test-s77,41,anos,NOUN,ADJ
upos,llama3.2:3b,test-s77,43,segundo,ADP,VERB
upos,llama3.2:3b,test-s77,44,sua,DET,PRON
upos,llama3.2:3b,test-s78,4,Carminha,PROPN,PRON
upos,llama3.2:3b,test-s78,6,a,ADP,NOUN
upos,llama3.2:3b,test-s79,0,Os,DET,CCONJ
upos,llama3.2:3b,test-s79,3,maio,PROPN,NOUN
upos,llama3.2:3b,test-s79,4,foram,AUX,VERB
upos,llama3.2:3b,test-s79,5,revisados,VERB,ADV
upos,llama3.2:3b,test-s79,6,para,ADP,NOUN
upos,llama3.2:3b,test-s79,7,mostrar,VERB,PRON
upos,llama3.2:3b,test-s79,8,que,CCONJ,PROPN
upos,llama3.2:3b,test-s79,11,industrial,ADJ,NOUN
upos,llama3.2:3b,test-s79,12,aumentou,VERB,NOUN
upos,llama3.2:3b,test-s79,13,"1,7",NUM,NOUN
upos,llama3.2:3b,test-s79,14,%,SYM,NOUN
upos,llama3.2:3b,test-s79,15,ante,ADP,NOUN
upos,llama3.2:3b,test-s79,16,abril,PROPN,NOUN
upos,llama3.2:3b,test-s79,17,",",PUNCT,NOUN
upos,llama3.2:3b,test-s79,18,em,ADP,NOUN
upos,llama3.2:3b,test-s79,20,de,ADP,CCONJ
upos,llama3.2:3b,test-s79,22,%,SYM,NOUN
upos,llama3.2:3b,test-s79,23,como,CCONJ,ADV
upos,llama3.2:3b,test-s79,25,inicialmente,ADV,ADP
upos,llama3.2:3b,test-s80,0,Mas,CCONJ,NOUN
upos,llama3.2:3b,test-s80,1,o,DET,NOUN
upos,llama3.2:3b,test-s80,3,sofrerá,VERB,NOUN
upos,llama3.2:3b,test-s80,5,mais,ADV,NOUN
upos,llama3.2:3b,test-s80,6,intensos,ADJ,NOUN
upos,llama3.2:3b,test-s80,7,",",PUNCT,NOUN
upos,llama3.2:3b,test-s80,8,porque,CCONJ,NOUN
upos,llama3.2:3b,test-s80,9,recebeu,VERB,NOUN
upos,llama3.2:3b,test-s80,13,maior,ADJ,NUM
upos,llama3.2:3b,test-s80,15,",",PUNCT,VERB
upos,llama3.2:3b,test-s80,16,observa,VERB,SCONJ
upos,llama3.2:3b,test-s81,0,O,DET,ADP
upos,llama3.2:3b,test-s82,0,Em,ADP,CCONJ
upos,llama3.2:3b,test-s82,3,com,ADP,NOUN
upos,llama3.2:3b,test-s82,4,maio,PROPN,NUM
upos,llama3.2:3b,test-s82,6,2011,NUM,VERB
upos,llama3.2:3b,test-s82,7,houve,VERB,NOUN
upos,llama3.2:3b,test-s82,8,queda,NOUN,PRON
upos,llama3.2:3b,test-s82,9,de,ADP,NOUN
upos,llama3.2:3b,test-s82,10,"0,5",NUM,PUNCT
upos,llama3.2:3b,test-s82,11,%,SYM,CCONJ
upos,llama3.2:3b,test-s83,0,Essa,DET,ADJ
upos,llama3.2:3b,test-s83,2,poderia,AUX,ADV
upos,llama3.2:3b,test-s83,3,abrir,VERB,ADP
upos,llama3.2:3b,test-s83,4,a,DET,NOUN
upos,llama3.2:3b,test-s83,6,de,ADP,NOUN
upos,llama3.2:3b,test-s83,7,licitações,NOUN,ADP
upos,llama3.2:3b,test-s83,8,para,ADP,PRON
upos,llama3.2:3b,test-s83,10,o,DET,PUNCT
upos,llama3.2:3b,test-s83,11,fornecimento,NOUN,ADP
upos,llama3.2:3b,test-s83,12,de,ADP,DET
upos,llama3.2:3b,test-s83,14,neste,ADP,ADV
upos,llama3.2:3b,test-s83,15,período,NOUN,VERB
upos,llama3.2:3b,test-s84,1,que,PRON,NOUN
upos,llama3.2:3b,test-s84,5,Paulo,PROPN,NOUN
upos,llama3.2:3b,test-s84,9,a,DET,PRON
upos,llama3.2:3b,test-s84,12,libanesa,ADJ,PROPN
upos,llama3.2:3b,test-s84,16,Líbano,PROPN,PRON
upos,llama3.2:3b,test-s85,0,Assim,ADV,CCONJ
upos,llama3.2:3b,test-s85,1,que,SCONJ,DET
upos,llama3.2:3b,test-s85,7,suspeito,NOUN,PRON
upos,llama3.2:3b,test-s85,9,a,SCONJ,AUX
upos,llama3.2:3b,test-s85,11,os,DET,ADP
upos,llama3.2:3b,test-s86,0,Saber,VERB,AUX
upos,llama3.2:3b,test-s86,5,é,AUX,NOUN
upos,llama3.2:3b,test-s86,6,uma,DET,VERB
upos,llama3.2:3b,test-s86,8,fundamental,ADJ,ADV
upos,llama3.2:3b,test-s86,9,para,ADP,VERB
upos,llama3.2:3b,test-s86,10,sua,DET,PRON
upos,llama3.2:3b,test-s86,12,",",PUNCT,ADP
upos,llama3.2:3b,test-s86,14,para,ADP,PRON
upos,llama3.2:3b,test-s86,15,quem,PRON,NOUN
upos,llama3.2:3b,test-s86,19,de,ADP,NOUN
upos,llama3.2:3b,test-s86,20,liderança,NOUN,ADJ
upos,llama3.2:3b,test-s87,0,A,DET,NOUN
upos,llama3.2:3b,test-s87,2,a,ADP,DET
upos,llama3.2:3b,test-s87,3,o,DET,ADP
upos,llama3.2:3b,test-s87,5,foi,AUX,VERB
upos,llama3.2:3b,test-s87,6,escrita,VERB,NOUN
upos,llama3.2:3b,test-s87,7,em,ADP,ADV
upos,llama3.2:3b,test-s87,9,",",PUNCT,NOUN
upos,llama3.2:3b,test-s87,11,nunca,ADV,DET
upos,llama3.2:3b,test-s87,13,a,SCONJ,DET
upos,llama3.2:3b,test-s87,14,ser,AUX,VERB
upos,llama3.2:3b,test-s87,15,enviada,VERB,NOUN
upos,llama3.2:3b,test-s87,16,a,ADP,DET
upos,llama3.2:3b,test-s87,17,seu,DET,PUNCT
upos,llama3.2:3b,test-s87,18,pai,NOUN,PRON
upos,llama3.2:3b,test-s87,19,",",PUNCT,PROPN
upos,llama3.2:3b,test-s87,20,embora,SCONJ,CCONJ
upos,llama3.2:3b,test-s87,21,houvesse,AUX,VERB
upos,llama3.2:3b,test-s87,22,cogitado,VERB,ADJ
upos,llama3.2:3b,test-s87,23,como,SCONJ,PRON
upos,llama3.2:3b,test-s87,24,revela,VERB,PRON
upos,llama3.2:3b,test-s87,25,em,ADP,PUNCT
upos,llama3.2:3b,test-s87,26,carta,NOUN,ADP
upos,llama3.2:3b,test-s87,27,a,ADP,DET
upos,llama3.2:3b,test-s87,29,Jesenská,PROPN,NOUN
upos,llama3.2:3b,test-s88,0,A,DET,CCONJ
upos,llama3.2:3b,test-s88,5,livre,ADJ,ADV
upos,llama3.2:3b,test-s88,6,naquele,ADP,PRON
upos,llama3.2:3b,test-s88,7,país,NOUN,PROPN
upos,llama3.2:3b,test-s88,8,por,ADP,NOUN
upos,llama3.2:3b,test-s88,10,algo,PRON,ADJ
upos,llama3.2:3b,test-s88,14,.,PUNCT,VERB
upos,llama3.2:3b,test-s89,0,Com,ADP,CCONJ
upos,llama3.2:3b,test-s89,3,de,ADP,NOUN
upos,llama3.2:3b,test-s89,6,Barbosa,PROPN,PRON
upos,llama3.2:3b,test-s89,8,um,PRON,NUM
upos,llama3.2:3b,test-s89,9,de,ADP,NOUN
upos,llama3.2:3b,test-s89,10,os,DET,ADP
upos,llama3.2:3b,test-s89,12,que,PRON,DET
upos,llama3.2:3b,test-s89,15,suas,DET,NOUN
upos,llama3.2:3b,test-s89,16,propostas,NOUN,PRON
upos,llama3.2:3b,test-s90,0,Visando,VERB,AUX
upos,llama3.2:3b,test-s90,3,de,ADP,DET
upos,llama3.2:3b,test-s90,4,os,DET,NOUN
upos,llama3.2:3b,test-s90,5,resultados,NOUN,ADP
upos,llama3.2:3b,test-s90,6,em,ADP,VERB
upos,llama3.2:3b,test-s90,7,o,DET,NOUN
upos,llama3.2:3b,test-s90,8,esporte,NOUN,PART
upos,llama3.2:3b,test-s90,9,mundial,ADJ,VERB
upos,llama3.2:3b,test-s90,13,Olimpico,PROPN,ADJ
upos,llama3.2:3b,test-s90,14,Brasileiro,PROPN,VERB
upos,llama3.2:3b,test-s90,15,lançou,VERB,PUNCT
upos,llama3.2:3b,test-s90,16,",",PUNCT,DET
upos,llama3.2:3b,test-s90,17,nesta,ADP,NOUN
upos,llama3.2:3b,test-s90,18,quarta,PROPN,VERB
upos,llama3.2:3b,test-s90,20,feira,PROPN,ADJ
upos,llama3.2:3b,test-s90,23,de,ADP,DET
upos,llama3.2:3b,test-s90,24,outubro,PROPN,SCONJ
upos,llama3.2:3b,test-s90,26,",",PUNCT,NOUN
upos,llama3.2:3b,test-s90,27,a,DET,PROPN
upos,llama3.2:3b,test-s90,28,Academia,PROPN,VERB
upos,llama3.2:3b,test-s90,29,Brasileira,PROPN,AUX
upos,llama3.2:3b,test-s90,30,de,ADP,CCONJ
upos,llama3.2:3b,test-s91,0,De,ADP,CCONJ
upos,llama3.2:3b,test-s91,1,acordo,NOUN,ADJ
upos,llama3.2:3b,test-s91,2,com,ADP,ADV
upos,llama3.2:3b,test-s91,3,informações,NOUN,DET
upos,llama3.2:3b,test-s91,4,de,ADP,NOUN
upos,llama3.2:3b,test-s91,5,a,DET,NOUN
upos,llama3.2:3b,test-s91,6,assessoria,NOUN,PRON
upos,llama3.2:3b,test-s91,8,o,DET,NOUN
upos,llama3.2:3b,test-s91,9,cônsul,NOUN,PROPN
upos,llama3.2:3b,test-s91,10,ficou,VERB,AUX
upos,llama3.2:3b,test-s91,15,e,CCONJ,NOUN
upos,llama3.2:3b,test-s91,16,a,DET,NOUN
upos,llama3.2:3b,test-s91,17,infraestrutura,NOUN,VERB
upos,llama3.2:3b,test-s91,18,de,ADP,PART
upos,llama3.2:3b,test-s91,19,Campo,PROPN,PRON
upos,llama3.2:3b,test-s91,20,Grande,PROPN,ADJ
upos,llama3.2:3b,test-s92,4,de,ADP,DET
upos,llama3.2:3b,test-s92,5,o,DET,ADP
upos,llama3.2:3b,test-s92,7,Dante,PROPN,VERB
upos,llama3.2:3b,test-s92,8,Pazzanese,PROPN,NOUN
upos,llama3.2:3b,test-s92,9,de,ADP,PROPN
upos,llama3.2:3b,test-s92,12,que,CCONJ,DET
upos,llama3.2:3b,test-s92,14,%,SYM,PUNCT
upos,llama3.2:3b,test-s92,15,de,ADP,DET
upos,llama3.2:3b,test-s92,16,as,DET,NOUN
upos,llama3.2:3b,test-s92,17,crianças,NOUN,PRON
upos,llama3.2:3b,test-s92,18,obesas,ADJ,VERB
upos,llama3.2:3b,test-s92,19,abandonaram,VERB,SCONJ
upos,llama3.2:3b,test-s92,20,o,DET,PUNCT
upos,llama3.2:3b,test-s92,21,tratamento,NOUN,ADJ
upos,llama3.2:3b,test-s92,25,.,PUNCT,VERB
upos,llama3.2:3b,test-s93,3,entre,ADP,ADV
upos,llama3.2:3b,test-s93,5,Sindicato,PROPN,NOUN
upos,llama3.2:3b,test-s93,7,os,DET,NOUN
upos,llama3.2:3b,test-s93,8,Metalúrgicos,PROPN,PART
upos,llama3.2:3b,test-s93,9,de,ADP,PRON
upos,llama3.2:3b,test-s93,12,e,CCONJ,ADP
upos,llama3.2:3b,test-s93,13,a,DET,NOUN
upos,llama3.2:3b,test-s93,14,Mercedes,PROPN,NUM
upos,llama3.2:3b,test-s93,15,-,PUNCT,NOUN
upos,llama3.2:3b,test-s93,17,nesta,ADP,VERB
upos,llama3.2:3b,test-s93,18,terça,PROPN,ADV
upos,llama3.2:3b,test-s93,19,-,PUNCT,NOUN
upos,llama3.2:3b,test-s93,20,feira,PROPN,ADJ
upos,llama3.2:3b,test-s93,21,",",PUNCT,NOUN
upos,llama3.2:3b,test-s93,27,mil,NUM,VERB
upos,llama3.2:3b,test-s93,28,trabalhadores,NOUN,PROPN
upos,llama3.2:3b,test-s93,29,de,ADP,SCONJ
upos,llama3.2:3b,test-s93,37,Bernardo,PROPN,NOUN
upos,llama3.2:3b,test-s93,39,o,DET,PROPN
upos,llama3.2:3b,test-s93,40,Campo,PROPN,ADJ
upos,llama3.2:3b,test-s93,42,SP,PROPN,ADP
upos,llama3.2:3b,test-s93,43,),PUNCT,NOUN
upos,llama3.2:3b,test-s93,44,até,ADP,DET
upos,llama3.2:3b,test-s93,45,o,DET,NOUN
upos,llama3.2:3b,test-s93,46,dia,NOUN,VERB
upos,llama3.2:3b,test-s93,48,de,ADP,PUNCT
upos,llama3.2:3b,test-s93,49,janeiro,PROPN,SCONJ
upos,llama3.2:3b,test-s93,50,de,ADP,CCONJ
upos,llama3.2:3b,test-s94,4,pois,CCONJ,NOUN
upos,llama3.2:3b,test-s94,5,deixa,VERB,NOUN
upos,llama3.2:3b,test-s94,7,disputa,NOUN,ADV
upos,llama3.2:3b,test-s94,8,ainda,ADV,NOUN
upos,llama3.2:3b,test-s94,9,mais,ADV,PART
upos,llama3.2:3b,test-s95,1,e,CCONJ,DET
upos,llama3.2:3b,test-s95,4,com,ADP,NOUN
upos,llama3.2:3b,test-s95,7,druida,NOUN,VERB
upos,llama3.2:3b,test-s95,9,depois,ADV,SCONJ
upos,llama3.2:3b,test-s95,10,de,ADP,NOUN
upos,llama3.2:3b,test-s95,11,várias,DET,NOUN
upos,llama3.2:3b,test-s95,13,),PUNCT,NOUN
upos,llama3.2:3b,test-s95,14,e,CCONJ,NOUN
upos,llama3.2:3b,test-s95,15,para,ADP,NOUN
upos,llama3.2:3b,test-s95,16,impedir,VERB,NOUN
upos,llama3.2:3b,test-s95,17,que,CCONJ,NOUN
upos,llama3.2:3b,test-s95,18,os,DET,NOUN
upos,llama3.2:3b,test-s95,19,Godos,PROPN,NOUN
upos,llama3.2:3b,test-s95,20,invadam,VERB,NOUN
upos,llama3.2:3b,test-s95,21,a,DET,NOUN
upos,llama3.2:3b,test-s95,22,Gália,PROPN,NOUN
upos,llama3.2:3b,test-s95,23,",",PUNCT,NOUN
upos,llama3.2:3b,test-s95,24,os,DET,NOUN
upos,llama3.2:3b,test-s95,25,três,NUM,NOUN
upos,llama3.2:3b,test-s95,27,semeiam,VERB,NOUN
upos,llama3.2:3b,test-s95,28,a,DET,NOUN
upos,llama3.2:3b,test-s95,31,criando,VERB,ADJ
upos,llama3.2:3b,test-s95,33,guerras,NOUN,VERB
upos,llama3.2:3b,test-s95,34,Asterixianas,ADJ,NOUN
upos,llama3.2:3b,test-s96,0,Segundo,ADP,ADJ
upos,llama3.2:3b,test-s96,5,Tribunal,PROPN,NOUN
upos,llama3.2:3b,test-s96,7,Justiça,PROPN,NOUN
upos,llama3.2:3b,test-s96,9,o,DET,NOUN
upos,llama3.2:3b,test-s96,10,Espírito,PROPN,ADJ
upos,llama3.2:3b,test-s96,11,Santo,PROPN,NOUN
upos,llama3.2:3b,test-s96,15,titular,ADJ,PART
upos,llama3.2:3b,test-s96,17,a,DET,PRON
upos,llama3.2:3b,test-s96,18,Vara,PROPN,VERB
upos,llama3.2:3b,test-s96,19,de,ADP,PROPN
upos,llama3.2:3b,test-s96,20,a,DET,NUM
upos,llama3.2:3b,test-s96,23,Inquéritos,PROPN,NOUN
upos,llama3.2:3b,test-s96,24,Criminais,PROPN,NOUN
upos,llama3.2:3b,test-s96,26,Vitória,PROPN,VERB
upos,llama3.2:3b,test-s96,29,Loureiro,PROPN,NOUN
upos,llama3.2:3b,test-s96,31,foi,AUX,VERB
upos,llama3.2:3b,test-s96,33,expediu,VERB,ADJ
upos,llama3.2:3b,test-s96,34,os,DET,NOUN
upos,llama3.2:3b,test-s96,35,mandados,NOUN,ADP
upos,llama3.2:3b,test-s96,36,de,ADP,NOUN
upos,llama3.2:3b,test-s96,37,prisão,NOUN,VERB
upos,llama3.2:3b,test-s97,0,Naquela,ADP,ADJ
upos,llama3.2:3b,test-s97,6,ainda,ADV,SCONJ
upos,llama3.2:3b,test-s97,7,era,AUX,VERB
upos,llama3.2:3b,test-s97,8,disputada,VERB,PRON
upos,llama3.2:3b,test-s97,9,em,ADP,NOUN
upos,llama3.2:3b,test-s97,10,fases,NOUN,ADJ
upos,llama3.2:3b,test-s97,13,e,CCONJ,NOUN
upos,llama3.2:3b,test-s97,14,depois,ADV,NOUN
upos,llama3.2:3b,test-s97,15,mata,NOUN,VERB
upos,llama3.2:3b,test-s97,16,-,PUNCT,PART
upos,llama3.2:3b,test-s97,17,matas,NOUN,PUNCT
upos,llama3.2:3b,test-s97,18,",",PUNCT,PROPN
upos,llama3.2:3b,test-s97,19,o,DET,SCONJ
upos,llama3.2:3b,test-s97,21,-,PUNCT,NOUN
upos,llama3.2:3b,test-s97,22,MG,PROPN,ADP
upos,llama3.2:3b,test-s97,25,mesmos,ADJ,NOUN
upos,llama3.2:3b,test-s97,27,pontos,NOUN,VERB
upos,llama3.2:3b,test-s97,35,primeira,ADJ,NOUN
upos,llama3.2:3b,test-s97,36,colocação,NOUN,VERB
upos,llama3.2:3b,test-s97,39,sua,DET,NOUN
upos,llama3.2:3b,test-s97,40,chave,NOUN,ADP
upos,llama3.2:3b,test-s98,1,local,NOUN,ADJ
upos,llama3.2:3b,test-s98,2,e,CCONJ,NOUN
upos,llama3.2:3b,test-s98,4,de,ADP,DET
upos,llama3.2:3b,test-s98,5,as,DET,PRON
upos,llama3.2:3b,test-s98,8,o,DET,VERB
upos,llama3.2:3b,test-s98,9,domingo,PROPN,PART
upos,llama3.2:3b,test-s98,11,caso,CCONJ,ADJ
upos,llama3.2:3b,test-s98,12,restem,VERB,PART
upos,llama3.2:3b,test-s98,15,ainda,ADV,PRON
upos,llama3.2:3b,test-s98,16,será,AUX,VERB
upos,llama3.2:3b,test-s98,17,divulgado,VERB,AUX
upos,llama3.2:3b,test-s98,18,.,PUNCT,VERB
upos,llama3.2:3b,test-s99,0,A,DET,ADJ
upos,llama3.2:3b,test-s99,1,grande,ADJ,NOUN
upos,llama3.2:3b,test-s99,2,maioria,NOUN,CCONJ
upos,llama3.2:3b,test-s99,3,de,ADP,DET
upos,llama3.2:3b,test-s99,4,os,DET,PRON
upos,llama3.2:3b,test-s99,7,gripe,NOUN,VERB
upos,llama3.2:3b,test-s99,8,é,VERB,AUX
upos,llama3.2:3b,test-s99,9,leve,ADJ,PUNCT
upos,llama3.2:3b,test-s99,10,e,CCONJ,NOUN
upos,llama3.2:3b,test-s99,11,cura,VERB,NOUN
upos,llama3.2:3b,test-s99,13,espontaneamente,ADV,VERB
